TransactionID,id_01,id_02,id_03,id_04,id_05,id_06,id_07,id_08,id_09,id_10,id_11,id_12,id_13,id_14,id_15,id_16,id_17,id_18,id_19,id_20,id_21,id_22,id_23,id_24,id_25,id_26,id_27,id_28,id_29,id_30,id_31,id_32,id_33,id_34,id_35,id_36,id_37,id_38,DeviceType,DeviceInfo
3002120,-5.0,257037.0,,,0.0,0.0,,,,,100.0,NotFound,52.0,,New,NotFound,225.0,,484.0,507.0,,,,,,,,New,NotFound,,chrome 62.0,,,,F,F,T,T,desktop,Windows
3002149,-5.0,419136.0,,,0.0,0.0,,,,,100.0,NotFound,52.0,,New,NotFound,225.0,,266.0,305.0,,,,,,,,New,NotFound,,chrome 62.0,,,,F,F,T,T,desktop,Windows
3002179,0.0,194580.0,,,12.0,-6.0,,,,,100.0,NotFound,,,New,NotFound,225.0,15.0,345.0,507.0,,,,,,,,New,NotFound,,chrome 62.0 for android,,,,F,F,T,T,mobile,XT1635-02 Build/NPN26.118-22-2
3002221,-5.0,55836.0,,,0.0,0.0,,,,,100.0,NotFound,52.0,-300.0,New,NotFound,166.0,,542.0,489.0,,,,,,,,New,NotFound,Windows 10,chrome 62.0,24.0,1024x768,match_status:2,T,F,T,F,desktop,Windows
3002290,-20.0,146516.0,,,0.0,0.0,,,,,100.0,NotFound,49.0,,Unknown,,225.0,,266.0,507.0,,,,,,,,New,NotFound,,mobile safari 11.0,,,,F,F,F,T,mobile,
3002393,-5.0,485513.0,0.0,0.0,0.0,0.0,,,0.0,0.0,100.0,NotFound,52.0,,Found,Found,225.0,,266.0,325.0,,,,,,,,Found,Found,,firefox 57.0,,,,F,F,T,T,desktop,Windows
3002451,-20.0,324495.0,,,0.0,-5.0,,,,,100.0,NotFound,49.0,,Unknown,,225.0,,254.0,507.0,,,,,,,,New,NotFound,,mobile safari 11.0,,,,F,F,F,T,mobile,
3002503,0.0,218932.0,,,-1.0,-10.0,,,,,100.0,NotFound,20.0,,New,NotFound,225.0,20.0,345.0,507.0,,,,,,,,New,NotFound,,mobile safari generic,,,,F,F,T,T,mobile,
3002541,-20.0,207020.0,,,,,,,,,100.0,NotFound,49.0,,Unknown,,225.0,,266.0,638.0,,,,,,,,New,NotFound,,mobile safari 11.0,,,,F,F,F,T,mobile,
3002562,-5.0,282668.0,0.0,0.0,0.0,0.0,,,0.0,0.0,100.0,NotFound,52.0,,Found,Found,225.0,,607.0,561.0,,,,,,,,Found,Found,,chrome 62.0,,,,F,F,T,T,desktop,Windows
3002601,0.0,4810.0,,,1.0,0.0,,,3.0,0.0,98.91000366210938,NotFound,,-300.0,New,NotFound,166.0,,410.0,181.0,,,,,,,,Found,Found,Android 5.1.1,chrome generic,32.0,960x540,,T,F,T,T,mobile,KYOCERA-C6742A Build/LMY47V
3002634,-5.0,605110.0,,,0.0,0.0,,,,,100.0,NotFound,52.0,,New,NotFound,225.0,,427.0,507.0,,,,,,,,New,NotFound,,chrome 62.0,,,,F,F,T,T,desktop,Windows
3002661,-5.0,188557.0,,,0.0,0.0,,,,,100.0,NotFound,52.0,,New,NotFound,225.0,,266.0,565.0,,,,,,,,New,NotFound,,ie 11.0 for desktop,,,,F,F,T,T,desktop,Trident/7.0
3002670,0.0,3927.0,0.0,0.0,1.0,0.0,,,3.0,0.0,100.0,Found,,-300.0,Found,Found,166.0,,410.0,181.0,,,,,,,,Found,Found,Android 5.1.1,chrome generic,32.0,960x540,match_status:2,T,F,T,T,mobile,KYOCERA-C6742A Build/LMY47V
3002694,-20.0,114484.0,,,40.0,-100.0,,,,,100.0,NotFound,49.0,,Unknown,,225.0,13.0,417.0,561.0,,,,,,,,New,NotFound,,mobile safari 11.0,,,,F,F,F,T,mobile,
3002696,-5.0,447281.0,,,1.0,-8.0,,,,,100.0,NotFound,52.0,,New,NotFound,225.0,,254.0,507.0,,,,,,,,New,NotFound,,chrome 62.0,,,,F,F,T,T,desktop,
3002732,-5.0,285394.0,,,0.0,0.0,,,,,100.0,NotFound,52.0,,New,NotFound,225.0,,153.0,325.0,,,,,,,,New,NotFound,,firefox 57.0,,,,F,F,T,T,desktop,
3002775,-5.0,363662.0,,,0.0,0.0,,,,,100.0,NotFound,52.0,,New,NotFound,225.0,,254.0,507.0,,,,,,,,New,NotFound,,chrome 62.0,,,,F,F,T,T,desktop,Windows
3002808,-5.0,373801.0,,,0.0,0.0,,,,,100.0,NotFound,52.0,,New,NotFound,225.0,,427.0,325.0,,,,,,,,New,NotFound,,chrome 62.0,,,,F,F,T,T,desktop,Windows
3002825,0.0,196772.0,,,19.0,-10.0,,,,,100.0,NotFound,,,New,NotFound,225.0,15.0,266.0,469.0,,,,,,,,New,NotFound,,mobile safari generic,,,,F,F,T,T,mobile,
3002829,0.0,483751.0,,,-3.0,-14.0,,,,,100.0,NotFound,,,New,NotFound,225.0,,384.0,507.0,,,,,,,,New,NotFound,,chrome generic,,,,F,F,T,T,mobile,Moto E (4) Build/NMA26.42-19
3002898,-5.0,137310.0,,,0.0,0.0,,,,,100.0,NotFound,49.0,,New,NotFound,225.0,,290.0,401.0,,,,,,,,New,NotFound,,other,,,,F,F,T,F,mobile,LG-H420 Build/LRX21Y
3002925,0.0,210117.0,,,0.0,0.0,,,,,100.0,NotFound,,,New,NotFound,225.0,,266.0,315.0,,,,,,,,New,NotFound,,chrome 62.0 for android,,,,F,F,T,T,mobile,GT-I9060M Build/KTU84P
3002932,0.0,164064.0,0.0,0.0,0.0,0.0,,,0.0,0.0,100.0,NotFound,20.0,,Found,Found,225.0,,607.0,507.0,,,,,,,,Found,Found,,chrome 62.0,,,,F,F,T,T,desktop,
3002948,-15.0,,,,,,,,,,,NotFound,20.0,,,,,,,,,,,,,,,,,,,,,,,,,,,
3002949,-15.0,,,,,,,,,,,NotFound,20.0,,,,,,,,,,,,,,,,,,,,,,,,,,,
3002957,0.0,105718.0,,,0.0,0.0,,,,,100.0,NotFound,,-360.0,New,NotFound,225.0,,271.0,507.0,,,,,,,,New,NotFound,,firefox,,,,F,T,T,T,desktop,rv:38.0
3002965,-20.0,189061.0,,,0.0,0.0,,,,,100.0,NotFound,49.0,,Unknown,,225.0,,153.0,401.0,,,,,,,,New,NotFound,,mobile safari 11.0,,,,F,F,F,T,mobile,
3002983,-5.0,108968.0,,,0.0,0.0,,,,,100.0,NotFound,49.0,-360.0,New,NotFound,166.0,,621.0,611.0,,,,,,,,New,NotFound,iOS 10.3.3,mobile safari 10.0,32.0,1136x640,match_status:1,T,F,F,T,mobile,iOS Device
3003004,-5.0,90583.0,0.0,0.0,0.0,0.0,,,0.0,0.0,100.0,NotFound,49.0,-360.0,Found,Found,166.0,,621.0,611.0,,,,,,,,Found,Found,iOS 10.3.3,mobile safari 10.0,32.0,1136x640,match_status:1,T,F,F,T,mobile,iOS Device
3003026,0.0,156798.0,,,0.0,0.0,,,,,100.0,NotFound,,,New,NotFound,225.0,,290.0,401.0,,,,,,,,New,NotFound,,chrome 61.0 for android,,,,F,F,T,T,mobile,SM-J700M Build/MMB29K
3003073,0.0,188728.0,0.0,0.0,0.0,0.0,,,0.0,0.0,100.0,NotFound,20.0,,Found,Found,225.0,,254.0,507.0,,,,,,,,Found,Found,,chrome 62.0 for android,,,,F,F,T,T,mobile,SM-E500M Build/KTU84P
3003287,-5.0,353816.0,0.0,0.0,3.0,-19.0,,,0.0,0.0,100.0,NotFound,52.0,,Found,Found,225.0,15.0,417.0,507.0,,,,,,,,Found,Found,,chrome 62.0,,,,F,F,T,T,desktop,Windows
3003348,-20.0,309092.0,,,0.0,0.0,,,,,100.0,NotFound,52.0,-360.0,New,NotFound,225.0,,266.0,595.0,,,,,,,,New,NotFound,,ie 11.0 for desktop,,,,F,T,F,T,desktop,Trident/7.0
3003358,-90.0,307052.0,0.0,0.0,-4.0,-30.0,,,0.0,0.0,100.0,NotFound,44.0,,Found,Found,225.0,15.0,345.0,507.0,,,,,,,,Found,Found,,mobile safari 11.0,,,,F,F,T,T,mobile,
3003437,-5.0,248135.0,,,0.0,0.0,,,,,100.0,NotFound,52.0,,New,NotFound,225.0,,427.0,325.0,,,,,,,,New,NotFound,,chrome 49.0,,,,F,F,T,F,desktop,
3003483,-15.0,88103.0,0.0,0.0,0.0,0.0,,,0.0,0.0,100.0,NotFound,35.0,-360.0,Found,Found,225.0,,266.0,595.0,,,,,,,,Found,Found,,ie 11.0 for desktop,,,,F,T,T,T,desktop,Trident/7.0
3003485,-5.0,446685.0,0.0,0.0,0.0,0.0,,,0.0,0.0,100.0,NotFound,52.0,,Found,Found,225.0,,266.0,507.0,,,,,,,,Found,Found,,chrome 62.0,,,,F,F,T,T,desktop,
3003509,-5.0,64057.0,0.0,0.0,0.0,0.0,,,0.0,0.0,100.0,NotFound,52.0,,Found,Found,225.0,,266.0,507.0,,,,,,,,Found,Found,,chrome 62.0,,,,F,F,T,T,desktop,
3003513,-5.0,50980.0,0.0,0.0,0.0,0.0,,,0.0,0.0,100.0,NotFound,52.0,,Found,Found,225.0,,266.0,507.0,,,,,,,,Found,Found,,chrome 62.0,,,,F,F,T,T,desktop,
3003521,-5.0,134071.0,,,0.0,0.0,,,,,100.0,NotFound,52.0,,New,NotFound,225.0,,266.0,507.0,,,,,,,,New,NotFound,,chrome 62.0,,,,F,F,T,T,desktop,
3003535,-5.0,136625.0,0.0,0.0,0.0,0.0,,,0.0,0.0,100.0,NotFound,52.0,,Found,Found,225.0,,266.0,507.0,,,,,,,,Found,Found,,chrome 62.0,,,,F,F,T,T,desktop,
3000943,0.0,25973.0,,,5.0,-48.0,,,,,100.0,NotFound,,-300.0,New,NotFound,166.0,15.0,410.0,391.0,,,,,,,,New,NotFound,,chrome,,,,F,T,T,T,desktop,
3003771,-5.0,246609.0,,,0.0,0.0,,,,,100.0,NotFound,52.0,,New,NotFound,225.0,,427.0,325.0,,,,,,,,New,NotFound,,chrome 62.0,,,,F,F,T,T,desktop,Windows
3003779,0.0,279459.0,,,-2.0,-100.0,,,,,100.0,NotFound,,,New,NotFound,225.0,13.0,266.0,507.0,,,,,,,,New,NotFound,,chrome 62.0 for android,,,,F,F,T,T,mobile,Moto G Play Build/MPIS24.241-15.3-26
3003839,-5.0,556451.0,0.0,0.0,0.0,0.0,,,0.0,0.0,100.0,NotFound,52.0,,Found,Found,225.0,15.0,266.0,127.0,,,,,,,,Found,Found,,chrome 62.0,,,,F,F,T,T,desktop,
3003932,-5.0,521145.0,,,0.0,0.0,,,,,100.0,NotFound,52.0,,New,NotFound,225.0,,266.0,507.0,,,,,,,,New,NotFound,,chrome 62.0,,,,F,F,T,T,desktop,Windows
3001089,-5.0,113405.0,,,0.0,0.0,,,,,100.0,NotFound,49.0,-300.0,New,NotFound,166.0,,529.0,549.0,,,,,,,,New,NotFound,iOS 10.2.0,mobile safari 10.0,32.0,1136x640,match_status:1,T,F,F,T,mobile,iOS Device
3004040,-20.0,152265.0,0.0,0.0,0.0,0.0,,,0.0,0.0,100.0,NotFound,52.0,,Found,Found,225.0,,266.0,325.0,,,,,,,,Found,Found,,edge 15.0,,,,F,F,T,T,desktop,Windows
3001098,0.0,62695.0,,,0.0,0.0,,,0.0,0.0,97.5199966430664,NotFound,,-300.0,New,NotFound,166.0,,100.0,489.0,,,,,,,,Found,Found,Mac OS X 10_11_6,chrome 62.0,24.0,2560x1600,match_status:2,T,F,T,T,desktop,MacOS
3001176,-100.0,616417.0,,,0.0,-1.0,17.0,-50.0,0.0,0.0,100.0,NotFound,52.0,-300.0,Found,NotFound,166.0,15.0,529.0,549.0,228.0,14.0,IP_PROXY:HIDDEN,11.0,426.0,121.0,Found,Found,Found,Windows 7,chrome 62.0,24.0,1280x1024,match_status:2,T,F,T,T,desktop,Windows
3001172,-100.0,773938.0,0.0,0.0,0.0,-1.0,18.0,-50.0,0.0,0.0,100.0,Found,52.0,-300.0,Found,Found,166.0,15.0,529.0,549.0,228.0,14.0,IP_PROXY:HIDDEN,11.0,426.0,121.0,Found,Found,Found,Windows 7,chrome 62.0,24.0,1280x1024,match_status:2,T,F,T,T,desktop,Windows
3004284,-5.0,359377.0,,,0.0,-1.0,,,,,100.0,NotFound,52.0,,New,NotFound,225.0,,290.0,401.0,,,,,,,,New,NotFound,,chrome 62.0,,,,F,F,T,T,desktop,Windows
3004294,-20.0,213950.0,,,0.0,-31.0,,,,,100.0,NotFound,49.0,,Unknown,,225.0,15.0,417.0,507.0,,,,,,,,New,NotFound,,android webview 4.0,,,,F,F,F,T,mobile,es-us
3004458,0.0,318610.0,,,8.0,-30.0,,,,,100.0,NotFound,,,New,NotFound,225.0,15.0,417.0,507.0,,,,,,,,New,NotFound,,chrome generic,,,,F,F,T,T,mobile,Moto E (4) Plus Build/NMA26.42-69
3004524,-5.0,216675.0,,,0.0,0.0,,,,,100.0,NotFound,52.0,,New,NotFound,225.0,,427.0,595.0,,,,,,,,New,NotFound,,chrome 62.0,,,,F,F,T,T,desktop,Windows
3001393,-5.0,23624.0,,,3.0,-5.0,,,0.0,0.0,95.0,NotFound,52.0,-300.0,New,NotFound,166.0,13.0,410.0,549.0,,,,,,,,Found,Found,Windows 7,chrome 62.0,24.0,1920x1080,match_status:0,T,F,T,T,desktop,Windows
3004655,-5.0,140041.0,,,0.0,0.0,,,0.0,0.0,95.08000183105467,NotFound,52.0,,New,NotFound,225.0,,266.0,315.0,,,,,,,,Found,Found,,firefox 57.0,,,,F,F,T,T,desktop,Windows
3008420,0.0,57022.0,,,3.0,-9.0,,,,,100.0,Found,,-300.0,New,NotFound,166.0,12.0,529.0,178.0,,,,,,,,New,NotFound,Windows 10,edge 14.0,24.0,1920x1080,match_status:2,T,T,T,T,desktop,Windows
3005017,-5.0,248550.0,0.0,0.0,-7.0,-29.0,,,0.0,0.0,100.0,NotFound,52.0,,Found,Found,225.0,12.0,384.0,507.0,,,,,,,,Found,Found,,chrome 62.0,,,,F,F,T,T,desktop,Windows
3005052,0.0,177679.0,0.0,0.0,0.0,0.0,,,0.0,0.0,100.0,NotFound,,,Found,Found,225.0,,266.0,315.0,,,,,,,,Found,Found,,chrome 62.0 for android,,,,F,F,T,T,mobile,7055A Build/KVT49L
3005111,-5.0,150333.0,,,0.0,0.0,,,,,100.0,NotFound,52.0,,New,NotFound,225.0,,290.0,401.0,,,,,,,,New,NotFound,,chrome 62.0,,,,F,F,T,T,desktop,Windows
3005174,-15.0,,,,,,,,,,,NotFound,20.0,,,,,,,,,,,,,,,,,,,,,,,,,,,
3005194,-20.0,343633.0,,,0.0,0.0,,,,,100.0,NotFound,52.0,,New,NotFound,225.0,,266.0,507.0,,,,,,,,New,NotFound,,chrome 62.0,,,,F,F,T,T,desktop,Windows
3005260,-5.0,189419.0,0.0,0.0,2.0,-7.0,,,0.0,0.0,100.0,Found,49.0,-480.0,Found,Found,166.0,,529.0,222.0,,,,,,,,Found,Found,Mac OS X 10_12_3,chrome 62.0,24.0,1440x900,match_status:2,T,F,T,F,desktop,MacOS
3001887,-5.0,117891.0,0.0,0.0,0.0,0.0,,,,,100.0,NotFound,52.0,-300.0,Found,Found,166.0,,529.0,549.0,,,,,,,,Found,NotFound,Windows 10,edge 15.0,24.0,1600x900,match_status:2,T,F,T,T,desktop,Windows
3005450,-5.0,79557.0,0.0,0.0,0.0,0.0,,,0.0,0.0,100.0,NotFound,52.0,,Found,Found,225.0,,427.0,507.0,,,,,,,,Found,Found,,chrome 62.0,,,,F,F,T,T,desktop,
3005483,-10.0,178690.0,0.0,0.0,0.0,0.0,,,0.0,0.0,100.0,NotFound,52.0,,Found,Found,225.0,,427.0,507.0,,,,,,,,Found,Found,,chrome 62.0,,,,F,F,T,T,desktop,
3005514,-10.0,375400.0,0.0,0.0,0.0,0.0,,,0.0,0.0,100.0,NotFound,52.0,,Found,Found,225.0,,427.0,507.0,,,,,,,,Found,Found,,chrome 62.0,,,,F,F,T,T,desktop,
3005533,-20.0,97149.0,,,3.0,-17.0,,,,,100.0,NotFound,49.0,,Unknown,,225.0,15.0,417.0,507.0,,,,,,,,New,NotFound,,mobile safari 10.0,,,,F,F,F,T,mobile,
3005612,-5.0,119111.0,0.0,0.0,0.0,0.0,,,0.0,0.0,100.0,NotFound,52.0,,Found,Found,225.0,,153.0,325.0,,,,,,,,Found,Found,,chrome 62.0,,,,F,F,T,T,desktop,Windows
3005614,-5.0,216255.0,,,0.0,0.0,,,,,100.0,NotFound,52.0,,New,NotFound,225.0,,254.0,507.0,,,,,,,,New,NotFound,,chrome 62.0,,,,F,F,T,T,desktop,Windows
3005721,-100.0,152797.0,,,-8.0,-29.0,,,,,100.0,NotFound,49.0,,Unknown,,225.0,15.0,345.0,507.0,,,,,,,,New,NotFound,,mobile safari generic,,,,F,F,F,T,mobile,
3016362,-5.0,378634.0,,,1.0,0.0,,,,,100.0,NotFound,52.0,,New,NotFound,225.0,,271.0,507.0,,,,,,,,New,NotFound,,chrome 62.0,,,,F,F,T,T,desktop,
3000008,-5.0,141390.0,0.0,0.0,,,,,0.0,0.0,100.0,NotFound,52.0,,Found,Found,225.0,,266.0,325.0,,,,,,,,Found,Found,,chrome 62.0,,,,F,F,T,T,desktop,Windows
3000016,-15.0,492676.0,,,0.0,0.0,,,,,100.0,NotFound,20.0,,New,NotFound,225.0,,266.0,566.0,,,,,,,,New,NotFound,,android webview 4.0,,,,F,F,T,T,mobile,Moto G (5) Plus Build/NPN25.137-72
3005863,-5.0,205773.0,,,0.0,0.0,,,,,100.0,NotFound,52.0,-300.0,New,NotFound,166.0,,529.0,549.0,,,,,,,,New,NotFound,Windows 10,chrome 62.0,24.0,1920x1080,match_status:2,T,F,T,T,desktop,Windows
3000057,0.0,119004.0,0.0,0.0,0.0,-19.0,,,0.0,0.0,100.0,NotFound,,,Found,Found,225.0,15.0,417.0,507.0,,,,,,,,Found,Found,,chrome generic,,,,F,F,T,T,mobile,Moto G (5) Build/NPP25.137-72
3000061,-5.0,272221.0,0.0,0.0,0.0,0.0,,,0.0,0.0,100.0,NotFound,52.0,,Found,Found,225.0,,607.0,561.0,,,,,,,,Found,Found,,chrome 62.0,,,,F,F,T,T,desktop,Windows
3000078,-20.0,137832.0,,,-8.0,-100.0,,,,,100.0,NotFound,49.0,,Unknown,,225.0,15.0,266.0,507.0,,,,,,,,New,NotFound,,mobile safari generic,,,,F,F,F,T,mobile,
3000079,-20.0,136281.0,,,0.0,0.0,,,,,100.0,NotFound,49.0,,Unknown,,225.0,,266.0,507.0,,,,,,,,New,NotFound,,mobile safari 10.0,,,,F,F,F,T,mobile,
3000093,-20.0,306396.0,,,0.0,0.0,,,,,100.0,NotFound,49.0,,Unknown,,225.0,,153.0,595.0,,,,,,,,New,NotFound,,mobile safari 11.0,,,,F,F,F,T,mobile,
3000113,-20.0,384445.0,,,-8.0,-100.0,,,,,100.0,NotFound,49.0,,Unknown,,225.0,15.0,266.0,507.0,,,,,,,,New,NotFound,,mobile safari generic,,,,F,F,F,T,mobile,
3006150,-5.0,198909.0,,,0.0,0.0,,,,,100.0,NotFound,49.0,-300.0,New,NotFound,166.0,,410.0,549.0,,,,,,,,New,NotFound,iOS 11.1.0,mobile safari 11.0,32.0,2048x1536,match_status:1,T,F,F,T,mobile,iOS Device
3000127,-5.0,120584.0,,,0.0,0.0,,,0.0,0.0,95.08000183105467,NotFound,52.0,,New,NotFound,225.0,,266.0,507.0,,,,,,,,Found,Found,,chrome 62.0,,,,F,F,T,T,desktop,Windows
3000123,-45.0,348819.0,,,0.0,0.0,,,,,100.0,NotFound,49.0,,New,NotFound,225.0,,153.0,595.0,,,,,,,,New,NotFound,,chrome 46.0 for android,,,,F,F,T,F,mobile,ALE-L23 Build/HuaweiALE-L23
3000164,-5.0,178368.0,,,0.0,0.0,,,,,100.0,NotFound,52.0,,New,NotFound,225.0,,266.0,325.0,,,,,,,,New,NotFound,,chrome 62.0,,,,F,F,T,T,desktop,Windows
3000172,0.0,187902.0,,,6.0,-25.0,,,,,100.0,NotFound,,,New,NotFound,225.0,15.0,417.0,507.0,,,,,,,,New,NotFound,,chrome 62.0 for android,,,,F,F,T,T,mobile,LG-K580 Build/MRA58K
3000190,0.0,332503.0,,,1.0,-23.0,,,,,100.0,NotFound,,,New,NotFound,225.0,15.0,345.0,507.0,,,,,,,,New,NotFound,,chrome generic,,,,F,F,T,T,mobile,Moto G (4) Build/NPJ25.93-14.5
3000197,0.0,134974.0,0.0,0.0,0.0,0.0,,,0.0,0.0,100.0,NotFound,,,Found,Found,225.0,,427.0,325.0,,,,,,,,Found,Found,,chrome 62.0 for android,,,,F,F,T,T,mobile,SM-T710 Build/NRD90M
3000204,-5.0,105449.0,,,11.0,-16.0,,,,,100.0,NotFound,49.0,,New,NotFound,225.0,,417.0,507.0,,,,,,,,New,NotFound,,chrome generic,,,,F,F,T,F,mobile,SAMSUNG
3000217,-5.0,233084.0,,,0.0,0.0,,,,,100.0,NotFound,52.0,,New,NotFound,225.0,,484.0,507.0,,,,,,,,New,NotFound,,chrome 62.0,,,,F,F,T,T,desktop,Windows
3000232,-5.0,221164.0,,,0.0,0.0,,,,,100.0,NotFound,52.0,,New,NotFound,225.0,,484.0,507.0,,,,,,,,New,NotFound,,chrome 61.0,,,,F,F,T,T,desktop,Windows
3000242,-5.0,101875.0,0.0,0.0,0.0,0.0,,,0.0,0.0,100.0,NotFound,52.0,,Found,Found,225.0,,484.0,507.0,,,,,,,,Found,Found,,chrome 61.0,,,,F,F,T,T,desktop,Windows
3000274,-20.0,201891.0,,,0.0,-100.0,,,,,100.0,NotFound,49.0,,Unknown,,225.0,15.0,417.0,507.0,,,,,,,,New,NotFound,,mobile safari 11.0,,,,F,F,F,T,mobile,
3006526,-5.0,66018.0,,,0.0,-1.0,,,,,100.0,NotFound,49.0,-360.0,New,NotFound,166.0,,312.0,214.0,,,,,,,,New,NotFound,iOS 11.0.1,mobile safari 11.0,32.0,2732x2048,match_status:1,T,F,F,T,mobile,iOS Device
3000280,-20.0,101805.0,,,18.0,-33.0,,,,,100.0,NotFound,49.0,,Unknown,,225.0,15.0,266.0,507.0,,,,,,,,New,NotFound,,mobile safari 11.0,,,,F,F,F,T,mobile,
3000305,-5.0,218225.0,,,0.0,0.0,,,,,100.0,NotFound,52.0,,New,NotFound,225.0,,153.0,563.0,,,,,,,,New,NotFound,,chrome 62.0,,,,F,F,T,T,desktop,
3000314,0.0,307378.0,,,0.0,0.0,,,,,100.0,NotFound,,,New,NotFound,225.0,,153.0,325.0,,,,,,,,New,NotFound,,chrome 62.0 for android,,,,F,F,T,T,mobile,Blade V6 Build/LRX22G
3000321,-20.0,145103.0,,,,,,,,,100.0,NotFound,49.0,,Unknown,,225.0,,427.0,595.0,,,,,,,,New,NotFound,,mobile safari 11.0,,,,F,F,F,T,mobile,
3000322,0.0,138942.0,,,0.0,-6.0,,,,,100.0,NotFound,,,New,NotFound,225.0,,153.0,563.0,,,,,,,,New,NotFound,,samsung browser 6.2,,,,F,F,T,T,mobile,SAMSUNG SM-J700M Build/MMB29K
3000381,0.0,254999.0,,,0.0,0.0,,,,,100.0,NotFound,,,New,NotFound,225.0,15.0,290.0,401.0,,,,,,,,New,NotFound,,chrome 62.0 for android,,,,F,F,T,T,mobile,SM-G531H Build/LMY48B
3000519,0.0,133801.0,,,15.0,-100.0,,,,,100.0,NotFound,20.0,,New,NotFound,225.0,,266.0,507.0,,,,,,,,New,NotFound,,chrome 62.0 for android,,,,F,F,T,T,mobile,Moto C Build/NRD90M.063
3003301,-5.0,43471.0,,,0.0,0.0,,,,,100.0,NotFound,49.0,-300.0,New,NotFound,166.0,,100.0,549.0,,,,,,,,New,NotFound,iOS 11.1.2,mobile safari 11.0,32.0,2208x1242,match_status:1,T,F,F,T,mobile,iOS Device
3000736,-5.0,119655.0,0.0,0.0,0.0,0.0,,,0.0,0.0,100.0,NotFound,52.0,,Found,Found,225.0,,427.0,325.0,,,,,,,,Found,Found,,chrome 62.0,,,,F,F,T,T,desktop,Windows
3003547,-5.0,61810.0,0.0,0.0,0.0,0.0,,,0.0,0.0,100.0,NotFound,52.0,-300.0,Found,Found,166.0,,529.0,549.0,,,,,,,,Found,Found,Windows 7,chrome 62.0,24.0,1366x768,match_status:2,T,F,T,F,desktop,Windows
3000805,-5.0,448784.0,,,1.0,0.0,,,,,100.0,NotFound,52.0,,New,NotFound,225.0,,414.0,561.0,,,,,,,,New,NotFound,,chrome 62.0,,,,F,F,T,T,desktop,Windows
3000815,-5.0,155935.0,0.0,0.0,0.0,0.0,,,0.0,0.0,100.0,NotFound,52.0,,Found,Found,225.0,,414.0,561.0,,,,,,,,Found,Found,,chrome 62.0,,,,F,F,T,T,desktop,Windows
3000932,0.0,144422.0,0.0,0.0,1.0,-8.0,,,0.0,0.0,100.0,NotFound,,,Found,Found,225.0,15.0,266.0,315.0,,,,,,,,Found,Found,,chrome 60.0 for android,,,,F,F,T,T,mobile,LG-D693n Build/LRX22G
3000960,-40.0,122087.0,0.0,0.0,0.0,0.0,,,0.0,0.0,100.0,NotFound,20.0,,Found,Found,225.0,,266.0,507.0,,,,,,,,Found,Found,,chrome 62.0 for android,,,,F,F,T,T,mobile,HUAWEI RIO-L03 Build/HUAWEIRIO-L03
3000945,-5.0,380662.0,,,0.0,0.0,,,,,100.0,NotFound,52.0,,New,NotFound,225.0,,427.0,507.0,,,,,,,,New,NotFound,,chrome 62.0,,,,F,F,T,T,desktop,Windows
3001102,-5.0,108041.0,,,,,,,,,100.0,NotFound,52.0,,New,NotFound,225.0,,290.0,401.0,,,,,,,,New,NotFound,,chrome 62.0,,,,F,F,T,T,desktop,
3004104,-5.0,665073.0,,,0.0,0.0,,,,,100.0,NotFound,52.0,-300.0,New,NotFound,166.0,,390.0,549.0,,,,,,,,New,NotFound,,chrome 49.0,,,,F,T,F,F,desktop,
3007932,-5.0,120745.0,,,0.0,0.0,,,,,100.0,NotFound,49.0,-300.0,New,NotFound,166.0,,529.0,549.0,,,,,,,,New,NotFound,iOS 11.1.2,mobile safari 11.0,32.0,1334x750,match_status:1,T,F,F,T,mobile,iOS Device
3001307,-5.0,204857.0,,,0.0,0.0,,,,,100.0,NotFound,52.0,,New,NotFound,225.0,,266.0,325.0,,,,,,,,New,NotFound,,chrome 62.0,,,,F,F,T,T,desktop,
3001433,-5.0,161211.0,,,0.0,0.0,,,,,100.0,NotFound,52.0,,New,NotFound,225.0,,427.0,507.0,,,,,,,,New,NotFound,,chrome 62.0,,,,F,F,T,T,desktop,Windows
3001386,-5.0,171433.0,,,0.0,0.0,,,,,100.0,NotFound,52.0,,New,NotFound,225.0,,266.0,612.0,,,,,,,,New,NotFound,,chrome 62.0,,,,F,F,T,T,desktop,Windows
3004660,0.0,169893.0,0.0,0.0,0.0,0.0,,,0.0,0.0,100.0,NotFound,,-300.0,Found,Found,166.0,,390.0,489.0,,,,,,,,Found,Found,Android 6.0.1,samsung browser 6.2,32.0,2560x1440,match_status:2,T,F,T,T,mobile,SAMSUNG SM-N910A Build/MMB29M
3001522,-5.0,96073.0,,,0.0,0.0,,,,,100.0,NotFound,52.0,,New,NotFound,225.0,15.0,290.0,401.0,,,,,,,,New,NotFound,,firefox 57.0,,,,F,F,T,T,desktop,Windows
3001546,-5.0,126135.0,,,0.0,0.0,,,,,100.0,NotFound,52.0,,New,NotFound,225.0,,427.0,507.0,,,,,,,,New,NotFound,,chrome 62.0,,,,F,F,T,T,desktop,Windows
3001528,-5.0,437959.0,0.0,0.0,0.0,0.0,,,0.0,0.0,100.0,NotFound,52.0,,Found,Found,225.0,,427.0,325.0,,,,,,,,Found,Found,,chrome 62.0,,,,F,F,T,T,desktop,Windows
3001672,-20.0,101272.0,,,12.0,-27.0,,,,,100.0,NotFound,49.0,,Unknown,,225.0,13.0,266.0,507.0,,,,,,,,New,NotFound,,mobile safari 11.0,,,,F,F,F,T,mobile,
3004972,-5.0,139101.0,,,0.0,-5.0,,,,,100.0,NotFound,49.0,-300.0,New,NotFound,166.0,15.0,100.0,549.0,,,,,,,,New,NotFound,iOS 11.2.0,mobile safari 11.0,32.0,1334x750,match_status:1,T,F,F,T,mobile,iOS Device
3001667,0.0,146363.0,,,0.0,-3.0,,,,,100.0,NotFound,,,New,NotFound,225.0,,266.0,507.0,,,,,,,,New,NotFound,,chrome 60.0 for android,,,,F,F,T,T,mobile,LG-D331 Build/LRX22G
3001651,-20.0,107224.0,,,0.0,0.0,,,,,100.0,NotFound,49.0,,Unknown,,225.0,,427.0,325.0,,,,,,,,New,NotFound,,mobile safari 11.0,,,,F,F,F,T,mobile,
3001689,-5.0,404032.0,,,2.0,0.0,,,,,100.0,NotFound,52.0,,New,NotFound,225.0,15.0,290.0,401.0,,,,,,,,New,NotFound,,chrome 62.0,,,,F,F,T,T,desktop,Windows
3005214,-5.0,72279.0,,,1.0,0.0,,,,,100.0,NotFound,52.0,-300.0,New,NotFound,166.0,15.0,529.0,549.0,,,,,,,,New,NotFound,Windows 8,chrome 62.0,24.0,,match_status:2,T,F,T,T,desktop,Windows
3001712,-5.0,332535.0,,,0.0,0.0,,,,,100.0,NotFound,52.0,,New,NotFound,225.0,,266.0,469.0,,,,,,,,New,NotFound,,chrome 62.0,,,,F,F,T,T,desktop,
3001820,-5.0,162012.0,,,,,,,,,100.0,NotFound,52.0,-360.0,New,NotFound,225.0,,266.0,325.0,,,,,,,,New,NotFound,,ie 11.0 for desktop,,,,F,T,F,T,desktop,Trident/7.0
3001879,-35.0,183284.0,0.0,0.0,0.0,0.0,,,0.0,0.0,100.0,NotFound,52.0,,Found,Found,225.0,,290.0,401.0,,,,,,,,Found,Found,,chrome 62.0,,,,F,F,T,T,desktop,
3001973,-20.0,96639.0,,,3.0,-9.0,,,,,100.0,NotFound,49.0,,Unknown,,225.0,15.0,417.0,507.0,,,,,,,,New,NotFound,,mobile safari 11.0,,,,F,F,F,T,mobile,
3002087,0.0,156316.0,,,5.0,-32.0,,,,,100.0,NotFound,20.0,,New,NotFound,225.0,15.0,266.0,507.0,,,,,,,,New,NotFound,,mobile safari generic,,,,F,F,T,T,mobile,
3002140,-15.0,166972.0,,,0.0,-4.0,,,,,100.0,NotFound,35.0,,New,NotFound,225.0,,417.0,507.0,,,,,,,,New,NotFound,,chrome 59.0 for android,,,,F,F,T,T,mobile,LG-H500 Build/LRX21Y
3002234,-5.0,179132.0,0.0,0.0,0.0,0.0,,,0.0,0.0,100.0,NotFound,52.0,,Found,Found,225.0,,153.0,325.0,,,,,,,,Found,Found,,firefox 57.0,,,,F,F,T,T,desktop,
3002493,-5.0,355815.0,,,5.0,-12.0,,,,,100.0,NotFound,52.0,,New,NotFound,225.0,,410.0,561.0,,,,,,,,New,NotFound,,chrome 62.0,,,,F,F,T,T,desktop,Windows
3002532,-35.0,174584.0,0.0,0.0,0.0,-1.0,,,0.0,0.0,100.0,NotFound,52.0,,Found,Found,225.0,,290.0,401.0,,,,,,,,Found,Found,,chrome 62.0,,,,F,F,T,T,desktop,
3002697,-5.0,146400.0,0.0,0.0,1.0,-10.0,,,0.0,0.0,100.0,NotFound,52.0,,Found,Found,225.0,,176.0,507.0,,,,,,,,Found,Found,,chrome 62.0,,,,F,F,T,T,desktop,Windows
3002704,-15.0,,,,,,,,,,,NotFound,14.0,,,,,,,,,,,,,,,,,,,,,,,,,,,
3020881,-25.0,112665.0,,,-2.0,-32.0,12.0,-51.0,,,100.0,NotFound,49.0,-300.0,New,NotFound,166.0,12.0,317.0,256.0,252.0,14.0,IP_PROXY:TRANSPARENT,11.0,321.0,102.0,Found,New,NotFound,iOS 11.1.1,mobile safari 11.0,32.0,1334x750,match_status:1,T,F,F,T,mobile,iOS Device
3020895,-25.0,38770.0,0.0,0.0,-3.0,-32.0,13.0,-51.0,0.0,0.0,100.0,Found,49.0,-300.0,Found,Found,166.0,12.0,317.0,256.0,252.0,14.0,IP_PROXY:TRANSPARENT,11.0,321.0,102.0,Found,Found,Found,iOS 11.1.1,mobile safari 11.0,32.0,1334x750,match_status:1,T,F,F,T,mobile,iOS Device
3002741,-25.0,44118.0,0.0,0.0,-3.0,-32.0,13.0,-51.0,0.0,0.0,100.0,Found,49.0,-300.0,Found,Found,166.0,12.0,317.0,256.0,252.0,14.0,IP_PROXY:TRANSPARENT,11.0,321.0,102.0,Found,Found,Found,iOS 11.1.1,mobile safari 11.0,32.0,1334x750,match_status:1,T,F,F,T,mobile,iOS Device
3002831,-20.0,329231.0,,,0.0,-7.0,,,0.0,0.0,93.5500030517578,NotFound,49.0,,Unknown,,225.0,,574.0,507.0,,,,,,,,Found,Found,,safari generic,,,,F,F,F,T,desktop,
3002885,-20.0,395216.0,,,0.0,-10.0,,,,,100.0,NotFound,52.0,,New,NotFound,225.0,,254.0,507.0,,,,,,,,New,NotFound,,chrome 62.0,,,,F,F,T,T,desktop,Windows
3002901,-20.0,50996.0,0.0,0.0,0.0,0.0,,,0.0,0.0,100.0,NotFound,52.0,,Found,Found,225.0,,153.0,325.0,,,,,,,,Found,Found,,chrome 62.0,,,,F,F,T,T,desktop,Windows
3002876,-20.0,198830.0,0.0,0.0,0.0,0.0,,,0.0,0.0,100.0,NotFound,52.0,,Found,Found,225.0,,153.0,325.0,,,,,,,,Found,Found,,chrome 62.0,,,,F,F,T,T,desktop,Windows
3002887,-20.0,68197.0,0.0,0.0,0.0,0.0,,,0.0,0.0,100.0,NotFound,52.0,,Found,Found,225.0,,153.0,325.0,,,,,,,,Found,Found,,chrome 62.0,,,,F,F,T,T,desktop,Windows
3002916,0.0,272425.0,,,,,,,,,100.0,NotFound,,,New,NotFound,225.0,,266.0,325.0,,,,,,,,New,NotFound,,chrome 62.0 for android,,,,F,F,T,T,mobile,SM-G531H Build/LMY48B
3002928,-5.0,281565.0,0.0,0.0,0.0,0.0,,,0.0,0.0,100.0,NotFound,52.0,,Found,Found,225.0,,266.0,507.0,,,,,,,,Found,Found,,chrome 62.0,,,,F,F,T,T,desktop,Windows
3003439,-5.0,298889.0,,,0.0,0.0,,,,,100.0,NotFound,52.0,,New,NotFound,225.0,,427.0,507.0,,,,,,,,New,NotFound,,chrome 62.0,,,,F,F,T,T,desktop,Windows
3003623,0.0,226070.0,,,0.0,0.0,,,,,100.0,NotFound,,,New,NotFound,225.0,,153.0,541.0,,,,,,,,New,NotFound,,Samsung/SM-G532M,,,,F,F,T,T,mobile,SM-G532M Build/MMB29T
3003820,-5.0,177708.0,0.0,0.0,0.0,0.0,,,0.0,0.0,100.0,NotFound,52.0,,Found,Found,225.0,,427.0,507.0,,,,,,,,Found,Found,,chrome 62.0,,,,F,F,T,T,desktop,Windows
3003968,0.0,148755.0,,,0.0,0.0,,,,,100.0,NotFound,20.0,,New,NotFound,225.0,,290.0,401.0,,,,,,,,New,NotFound,,chrome 62.0 for android,,,,F,F,T,T,mobile,SM-J510MN Build/MMB29M
3022086,-5.0,42179.0,3.0,0.0,2.0,0.0,,,3.0,0.0,100.0,NotFound,52.0,-300.0,Found,Found,166.0,,312.0,484.0,,,,,,,,Found,Found,Windows 10,chrome 62.0,24.0,1600x900,match_status:2,T,F,T,T,desktop,Windows
3004050,-5.0,210647.0,0.0,0.0,0.0,0.0,,,0.0,0.0,100.0,NotFound,52.0,,Found,Found,225.0,,153.0,325.0,,,,,,,,Found,Found,,chrome 62.0,,,,F,F,T,T,desktop,Windows
3004047,-25.0,419732.0,0.0,0.0,0.0,0.0,,,0.0,0.0,100.0,NotFound,52.0,,Found,Found,225.0,,153.0,325.0,,,,,,,,Found,Found,,chrome 62.0,,,,F,F,T,T,desktop,Windows
3022263,0.0,176996.0,,,0.0,-6.0,,,,,100.0,NotFound,,,New,NotFound,225.0,,266.0,127.0,,,,,,,,New,NotFound,,chrome 62.0 for android,,,,F,F,T,T,mobile,SM-G530H Build/LRX22G
3004451,0.0,837798.0,0.0,0.0,0.0,0.0,,,0.0,0.0,100.0,NotFound,20.0,,Found,Found,225.0,,427.0,563.0,,,,,,,,Found,Found,,samsung browser 6.2,,,,F,F,T,T,mobile,SAMSUNG SM-T810 Build/NRD90M
3015139,-15.0,,,,,,,,,,,NotFound,14.0,,,,,,,,,,,,,,,,,,,,,,,,,,,
3004588,0.0,330053.0,,,0.0,0.0,,,,,100.0,NotFound,,,New,NotFound,225.0,15.0,266.0,507.0,,,,,,,,New,NotFound,,chrome 60.0 for android,,,,F,F,T,T,mobile,GT-I9060M Build/KTU84P
3004683,-40.0,152157.0,,,-5.0,-100.0,,,,,100.0,NotFound,18.0,,New,NotFound,225.0,15.0,266.0,507.0,,,,,,,,New,NotFound,,chrome 62.0 for android,,,,F,F,T,T,mobile,ALE-L23 Build/HuaweiALE-L23
3004842,0.0,144874.0,,,6.0,-8.0,,,,,100.0,NotFound,20.0,,New,NotFound,225.0,,176.0,507.0,,,,,,,,New,NotFound,,chrome 62.0 for android,,,,F,F,T,T,mobile,SM-J200M Build/LMY47X
3005005,-25.0,193928.0,,,0.0,0.0,,,,,100.0,NotFound,63.0,,Unknown,,225.0,,271.0,507.0,,,,,,,,New,NotFound,,chrome 62.0,,,,F,F,F,T,desktop,Windows
3005024,0.0,103007.0,0.0,0.0,4.0,-26.0,,,0.0,0.0,100.0,NotFound,20.0,,Found,Found,225.0,13.0,417.0,507.0,,,,,,,,Found,Found,,chrome 62.0 for android,,,,F,F,T,T,mobile,BLADE V8 SE Build/NRD90M
3005123,-25.0,82609.0,,,0.0,0.0,,,0.0,0.0,95.08000183105467,NotFound,63.0,,Unknown,,225.0,,271.0,507.0,,,,,,,,Found,Found,,chrome 62.0,,,,F,F,F,T,desktop,Windows
3005145,-25.0,83967.0,,,0.0,0.0,,,0.0,0.0,95.08000183105467,NotFound,63.0,,Unknown,,225.0,,271.0,507.0,,,,,,,,Found,Found,,chrome 62.0,,,,F,F,F,T,desktop,Windows
3005101,-25.0,44728.0,,,0.0,0.0,,,0.0,0.0,95.08000183105467,NotFound,63.0,,Unknown,,225.0,,271.0,507.0,,,,,,,,Found,Found,,chrome 62.0,,,,F,F,F,T,desktop,Windows
3001718,0.0,45808.0,,,0.0,0.0,,,,,100.0,NotFound,,-300.0,New,NotFound,166.0,,215.0,533.0,,,,,,,,New,NotFound,iOS 11.1.2,mobile safari generic,32.0,1334x750,match_status:2,T,F,T,T,mobile,iOS Device
3005147,-5.0,458595.0,,,0.0,0.0,,,,,100.0,NotFound,52.0,,New,NotFound,225.0,,282.0,588.0,,,,,,,,New,NotFound,,chrome 62.0,,,,F,F,T,T,desktop,Windows
3008720,-5.0,31338.0,,,0.0,0.0,,,1.0,0.0,94.1999969482422,NotFound,52.0,-300.0,New,NotFound,166.0,,487.0,600.0,,,,,,,,Found,Found,Windows 10,edge 15.0,24.0,1366x768,match_status:2,T,F,T,T,desktop,Windows
3005291,-15.0,,,,,,,,,,,NotFound,14.0,,,,,,,,,,,,,,,,,,,,,,,,,,,
3005312,-20.0,66720.0,,,2.0,-8.0,,,,,100.0,NotFound,49.0,,Unknown,,225.0,,417.0,507.0,,,,,,,,New,NotFound,,mobile safari 11.0,,,,F,F,F,T,mobile,
3005518,-15.0,106089.0,0.0,0.0,0.0,0.0,,,0.0,0.0,100.0,NotFound,35.0,,Found,Found,225.0,,290.0,401.0,,,,,,,,Found,Found,,chrome 62.0 for android,,,,F,F,T,T,mobile,SM-J700M Build/MMB29K
3005562,-15.0,221278.0,0.0,0.0,0.0,0.0,,,0.0,0.0,100.0,NotFound,43.0,,Found,Found,225.0,,290.0,401.0,,,,,,,,Found,Found,,chrome 62.0 for android,,,,F,F,T,T,mobile,SM-J700M Build/MMB29K
3005520,-15.0,83528.0,0.0,0.0,0.0,0.0,,,0.0,0.0,100.0,NotFound,35.0,,Found,Found,225.0,,290.0,401.0,,,,,,,,Found,Found,,chrome 62.0 for android,,,,F,F,T,T,mobile,SM-J700M Build/MMB29K
3005530,0.0,171412.0,,,16.0,-33.0,,,,,100.0,NotFound,,,New,NotFound,225.0,15.0,417.0,507.0,,,,,,,,New,NotFound,,chrome 60.0 for android,,,,F,F,T,T,mobile,HTC Desire 650 Build/MMB29M
3005506,-5.0,157302.0,0.0,0.0,0.0,0.0,,,0.0,0.0,100.0,NotFound,52.0,,Found,Found,225.0,,266.0,507.0,,,,,,,,Found,Found,,chrome 62.0,,,,F,F,T,T,desktop,
3005598,-5.0,309855.0,0.0,0.0,0.0,0.0,,,0.0,0.0,100.0,NotFound,52.0,,Found,Found,225.0,,427.0,563.0,,,,,,,,Found,Found,,chrome 62.0,,,,F,F,T,T,desktop,Windows
3005909,0.0,155719.0,0.0,0.0,14.0,-21.0,,,0.0,0.0,100.0,NotFound,20.0,,Found,Found,225.0,15.0,417.0,507.0,,,,,,,,Found,Found,,chrome 61.0 for android,,,,F,F,T,T,mobile,SM-J120H Build/LMY47V
3005971,0.0,114578.0,,,14.0,-31.0,,,,,100.0,NotFound,20.0,,New,NotFound,225.0,13.0,266.0,507.0,,,,,,,,New,NotFound,,chrome generic,,,,F,F,T,T,mobile,Moto G (5) Build/NPP25.137-72
3006033,-20.0,397526.0,,,-8.0,-100.0,,,,,100.0,NotFound,49.0,,Unknown,,225.0,15.0,417.0,507.0,,,,,,,,New,NotFound,,mobile safari 11.0,,,,F,F,F,T,mobile,
3009444,-5.0,22352.0,,,0.0,0.0,,,,,100.0,NotFound,49.0,-300.0,New,NotFound,166.0,,390.0,549.0,,,,,,,,New,NotFound,Mac OS X 10_12_4,safari generic,24.0,3360x2100,match_status:2,T,F,F,T,desktop,MacOS
3006080,-5.0,143232.0,,,0.0,0.0,,,0.0,0.0,95.08000183105467,NotFound,52.0,,New,NotFound,225.0,,266.0,325.0,,,,,,,,Found,Found,,edge 16.0,,,,F,F,T,T,desktop,Windows
3006257,-5.0,118351.0,0.0,0.0,0.0,0.0,,,0.0,0.0,100.0,NotFound,52.0,,Found,Found,225.0,,266.0,595.0,,,,,,,,Found,Found,,chrome 62.0,,,,F,F,T,T,desktop,Windows
3006256,-5.0,172643.0,,,0.0,0.0,,,,,100.0,NotFound,52.0,,New,NotFound,225.0,,266.0,507.0,,,,,,,,New,NotFound,,chrome 62.0,,,,F,F,T,T,desktop,Windows
3006222,-5.0,177848.0,0.0,0.0,0.0,0.0,,,0.0,0.0,100.0,NotFound,52.0,,Found,Found,225.0,,266.0,595.0,,,,,,,,Found,Found,,chrome 62.0,,,,F,F,T,T,desktop,Windows
3006277,-10.0,124738.0,0.0,0.0,0.0,0.0,,,0.0,0.0,100.0,NotFound,52.0,,Found,Found,225.0,,266.0,595.0,,,,,,,,Found,Found,,chrome 62.0,,,,F,F,T,T,desktop,Windows
3006290,0.0,227593.0,,,0.0,0.0,,,,,100.0,NotFound,20.0,,New,NotFound,225.0,,176.0,507.0,,,,,,,,New,NotFound,,firefox 57.0,,,,F,F,T,T,desktop,rv:57.0
3006316,0.0,289490.0,,,1.0,0.0,,,,,100.0,NotFound,,,New,NotFound,225.0,,254.0,507.0,,,,,,,,New,NotFound,,chrome generic,,,,F,F,T,T,mobile,Moto G (5) Plus Build/NPNS25.137-15-11
3006418,-5.0,292843.0,0.0,0.0,0.0,0.0,,,0.0,0.0,100.0,NotFound,52.0,,Found,Found,225.0,,266.0,325.0,,,,,,,,Found,Found,,chrome 62.0,,,,F,F,T,T,desktop,Windows
3009973,-5.0,140151.0,,,0.0,0.0,,,,,100.0,NotFound,52.0,-300.0,New,NotFound,166.0,,390.0,489.0,,,,,,,,New,NotFound,Windows 10,chrome 62.0,24.0,1366x768,match_status:2,T,F,T,T,desktop,Windows
3009947,-5.0,52949.0,,,0.0,0.0,,,0.0,0.0,90.56999969482422,NotFound,52.0,-300.0,New,NotFound,166.0,15.0,152.0,549.0,,,,,,,,Found,Found,Windows 10,chrome 62.0,24.0,1366x768,match_status:2,T,F,T,T,desktop,Windows
3006552,-5.0,341308.0,,,0.0,0.0,,,,,100.0,NotFound,52.0,,New,NotFound,225.0,,427.0,325.0,,,,,,,,New,NotFound,,chrome 62.0,,,,F,F,T,T,desktop,Windows
3006597,-5.0,380432.0,,,0.0,0.0,,,,,100.0,NotFound,52.0,,New,NotFound,225.0,,153.0,325.0,,,,,,,,New,NotFound,,chrome 62.0,,,,F,F,T,T,desktop,Windows
3006617,-5.0,206237.0,,,0.0,0.0,,,,,100.0,NotFound,52.0,,New,NotFound,225.0,,153.0,563.0,,,,,,,,New,NotFound,,chrome 62.0,,,,F,F,T,T,desktop,Windows
3006650,-5.0,282663.0,0.0,0.0,1.0,-1.0,,,0.0,0.0,100.0,NotFound,52.0,,Found,Found,225.0,,254.0,507.0,,,,,,,,Found,Found,,chrome 62.0,,,,F,F,T,T,desktop,Windows
3010090,0.0,123701.0,,,0.0,0.0,,,0.0,0.0,98.0999984741211,NotFound,,-300.0,New,NotFound,166.0,13.0,390.0,549.0,,,,,,,,Found,Found,Android,chrome 61.0,24.0,1366x768,match_status:2,T,F,T,T,mobile,
3006647,0.0,125131.0,0.0,0.0,0.0,0.0,,,0.0,0.0,100.0,NotFound,20.0,,Found,Found,225.0,,153.0,325.0,,,,,,,,Found,Found,,chrome 62.0 for android,,,,F,F,T,T,mobile,SM-J320M Build/LMY47V
3006667,0.0,95732.0,0.0,0.0,-8.0,-40.0,,,0.0,0.0,100.0,NotFound,20.0,,Found,Found,225.0,15.0,345.0,507.0,,,,,,,,Found,Found,,chrome 62.0 for android,,,,F,F,T,T,mobile,SM-G930U Build/NRD90M
3006694,-40.0,270392.0,0.0,0.0,0.0,0.0,,,0.0,0.0,100.0,NotFound,18.0,,Found,Found,225.0,,266.0,417.0,,,,,,,,Found,Found,,chrome 62.0 for android,,,,F,F,T,T,mobile,CAM-L03 Build/HUAWEICAM-L03
3025135,-5.0,95154.0,,,7.0,-14.0,,,,,100.0,NotFound,52.0,-300.0,New,NotFound,166.0,12.0,440.0,597.0,,,,,,,,New,NotFound,Windows 10,chrome 62.0,24.0,1920x1080,match_status:2,T,F,T,F,desktop,Windows
3013990,0.0,573799.0,2.0,0.0,3.0,-1.0,,,2.0,0.0,100.0,NotFound,,-300.0,Found,Found,166.0,,312.0,178.0,,,,,,,,Found,Found,Mac OS X 10_10_5,safari generic,24.0,1280x800,match_status:2,T,F,T,T,desktop,MacOS
3014038,0.0,52410.0,2.0,0.0,3.0,-1.0,,,2.0,0.0,100.0,NotFound,,-300.0,Found,Found,166.0,,312.0,178.0,,,,,,,,Found,Found,Mac OS X 10_10_5,safari generic,24.0,1280x800,match_status:2,T,F,T,T,desktop,MacOS
3007137,-5.0,292641.0,0.0,0.0,0.0,-4.0,,,0.0,0.0,100.0,NotFound,52.0,,Found,Found,225.0,,484.0,507.0,,,,,,,,Found,Found,,chrome 62.0,,,,F,F,T,T,desktop,Windows
3008215,0.0,252642.0,,,0.0,0.0,,,,,100.0,NotFound,,,New,NotFound,225.0,,266.0,305.0,,,,,,,,New,NotFound,,chrome 60.0 for android,,,,F,F,T,T,mobile,Ilium LT500 Build/LMY47O
3011729,-5.0,117586.0,,,0.0,0.0,,,,,100.0,NotFound,52.0,-480.0,New,NotFound,166.0,,542.0,222.0,,,,,,,,New,NotFound,Windows 7,chrome 62.0,24.0,1680x1050,match_status:1,T,F,T,T,desktop,Windows
3008585,-15.0,,,,,,,,,,,NotFound,20.0,,,,,,,,,,,,,,,,,,,,,,,,,,,
3008594,-5.0,141446.0,,,-9.0,-24.0,,,,,100.0,NotFound,52.0,,New,NotFound,225.0,,574.0,507.0,,,,,,,,New,NotFound,,chrome 62.0,,,,F,F,T,T,desktop,Windows
3008662,-20.0,198533.0,,,0.0,0.0,,,,,100.0,NotFound,49.0,,Unknown,,225.0,,427.0,563.0,,,,,,,,New,NotFound,,mobile safari generic,,,,F,F,F,T,mobile,
3008727,-5.0,239242.0,,,0.0,0.0,,,,,100.0,NotFound,52.0,,New,NotFound,225.0,,176.0,507.0,,,,,,,,New,NotFound,,chrome 62.0,,,,F,F,T,T,desktop,Windows
3008715,-20.0,134841.0,,,0.0,-100.0,,,,,100.0,NotFound,49.0,,Unknown,,225.0,13.0,266.0,507.0,,,,,,,,New,NotFound,,mobile safari 11.0,,,,F,F,F,T,mobile,
3008911,-5.0,339052.0,,,0.0,0.0,,,,,100.0,NotFound,52.0,,New,NotFound,225.0,,410.0,325.0,,,,,,,,New,NotFound,,chrome 62.0,,,,F,F,T,T,desktop,Windows
3009117,-20.0,74602.0,,,0.0,0.0,,,,,100.0,NotFound,49.0,,Unknown,,225.0,,266.0,595.0,,,,,,,,New,NotFound,,mobile safari 11.0,,,,F,F,F,T,mobile,
3012511,0.0,96931.0,0.0,0.0,0.0,0.0,,,0.0,0.0,100.0,NotFound,,-300.0,Found,Found,166.0,,100.0,549.0,,,,,,,,Found,Found,Mac OS X 10_11_6,chrome 62.0,24.0,1440x900,match_status:2,T,F,T,T,desktop,MacOS
3012613,-5.0,85696.0,,,7.0,0.0,,,,,100.0,NotFound,52.0,-300.0,New,NotFound,166.0,15.0,610.0,549.0,,,,,,,,New,NotFound,Windows 10,chrome 62.0,24.0,1920x1080,match_status:2,T,F,T,F,desktop,Windows
3009364,0.0,121574.0,0.0,0.0,0.0,0.0,,,0.0,0.0,100.0,NotFound,,,Found,Found,225.0,,427.0,507.0,,,,,,,,Found,Found,,safari generic,,,,F,F,T,T,desktop,
3009396,-5.0,148113.0,0.0,0.0,0.0,-9.0,,,0.0,0.0,100.0,NotFound,52.0,,Found,Found,225.0,,266.0,507.0,,,,,,,,Found,Found,,chrome 62.0,,,,F,F,T,T,desktop,Windows
3009374,-5.0,113259.0,0.0,0.0,0.0,0.0,,,0.0,0.0,100.0,NotFound,52.0,,Found,Found,225.0,,266.0,638.0,,,,,,,,Found,Found,,opera 49.0,,,,F,F,T,T,desktop,
3009505,-5.0,93213.0,0.0,0.0,0.0,0.0,,,0.0,0.0,100.0,NotFound,52.0,,Found,Found,225.0,,153.0,563.0,,,,,,,,Found,Found,,chrome 62.0,,,,F,F,T,T,desktop,Windows
3009511,-20.0,83214.0,0.0,0.0,0.0,0.0,,,0.0,0.0,100.0,NotFound,52.0,,Found,Found,225.0,,427.0,563.0,,,,,,,,Found,Found,,chrome 62.0,,,,F,F,T,T,desktop,Windows
3009508,-25.0,354313.0,,,0.0,0.0,,,,,100.0,NotFound,63.0,,Unknown,,225.0,,427.0,325.0,,,,,,,,New,NotFound,,chrome 62.0,,,,F,F,F,T,desktop,Windows
3006031,-5.0,96729.0,,,0.0,0.0,,,,,100.0,NotFound,52.0,-300.0,New,NotFound,166.0,,100.0,535.0,,,,,,,,New,NotFound,Windows 10,chrome 62.0,24.0,1600x900,match_status:2,T,F,T,T,desktop,Windows
3006117,0.0,9274.0,0.0,0.0,0.0,0.0,,,0.0,0.0,100.0,NotFound,,-300.0,Found,Found,166.0,15.0,100.0,549.0,,,,,,,,Found,Found,Mac OS X 10_12_6,chrome 62.0,24.0,1440x900,match_status:2,T,F,T,T,desktop,MacOS
3009631,-5.0,355499.0,0.0,0.0,2.0,0.0,,,0.0,0.0,100.0,NotFound,52.0,,Found,Found,225.0,,290.0,315.0,,,,,,,,Found,Found,,edge 15.0,,,,F,F,T,T,desktop,Windows
3009652,-5.0,150814.0,0.0,0.0,0.0,0.0,,,0.0,0.0,100.0,NotFound,52.0,,Found,Found,225.0,,427.0,563.0,,,,,,,,Found,Found,,chrome 62.0,,,,F,F,T,T,desktop,
3009590,-5.0,101290.0,0.0,0.0,0.0,0.0,,,0.0,0.0,100.0,NotFound,52.0,,Found,Found,225.0,,427.0,563.0,,,,,,,,Found,Found,,chrome 62.0,,,,F,F,T,T,desktop,
3009644,-5.0,304945.0,0.0,0.0,0.0,0.0,,,0.0,0.0,100.0,NotFound,52.0,,Found,Found,225.0,,427.0,563.0,,,,,,,,Found,Found,,chrome 62.0,,,,F,F,T,T,desktop,
3009728,-5.0,119446.0,0.0,0.0,0.0,0.0,,,0.0,0.0,100.0,NotFound,52.0,,Found,Found,225.0,,427.0,563.0,,,,,,,,Found,Found,,chrome 62.0,,,,F,F,T,T,desktop,
3009705,-10.0,65627.0,0.0,0.0,0.0,0.0,,,0.0,0.0,100.0,NotFound,52.0,,Found,Found,225.0,,427.0,563.0,,,,,,,,Found,Found,,chrome 62.0,,,,F,F,T,T,desktop,
3009714,-10.0,69125.0,0.0,0.0,0.0,0.0,,,0.0,0.0,100.0,NotFound,52.0,,Found,Found,225.0,,427.0,563.0,,,,,,,,Found,Found,,chrome 62.0,,,,F,F,T,T,desktop,
3009755,-5.0,272615.0,,,0.0,0.0,,,,,100.0,NotFound,52.0,,New,NotFound,225.0,,266.0,325.0,,,,,,,,New,NotFound,,chrome 62.0,,,,F,F,T,T,desktop,Windows
3009787,-5.0,394029.0,,,5.0,-5.0,,,,,100.0,NotFound,52.0,,New,NotFound,225.0,,153.0,417.0,,,,,,,,New,NotFound,,chrome 62.0,,,,F,F,T,T,desktop,Windows
3009764,-5.0,215515.0,,,0.0,0.0,,,,,100.0,NotFound,52.0,,New,NotFound,225.0,,266.0,507.0,,,,,,,,New,NotFound,,chrome 62.0,,,,F,F,T,T,desktop,Windows
3009810,-10.0,67723.0,0.0,0.0,0.0,0.0,,,0.0,0.0,100.0,NotFound,52.0,,Found,Found,225.0,,427.0,563.0,,,,,,,,Found,Found,,chrome 62.0,,,,F,F,T,T,desktop,
3009847,-5.0,174926.0,,,0.0,0.0,,,,,100.0,NotFound,52.0,,New,NotFound,225.0,,427.0,507.0,,,,,,,,New,NotFound,,chrome 62.0,,,,F,F,T,T,desktop,Windows
3009803,-5.0,398323.0,,,0.0,0.0,,,,,100.0,NotFound,52.0,,New,NotFound,225.0,,427.0,595.0,,,,,,,,New,NotFound,,chrome 62.0,,,,F,F,T,T,desktop,Windows
3009868,0.0,173104.0,,,0.0,0.0,,,,,100.0,NotFound,20.0,,New,NotFound,225.0,,153.0,595.0,,,,,,,,New,NotFound,,chrome generic,,,,F,F,T,T,mobile,Moto G (5) Build/NPP25.137-72
3009828,0.0,195938.0,,,1.0,-5.0,,,,,100.0,NotFound,20.0,,New,NotFound,225.0,15.0,417.0,507.0,,,,,,,,New,NotFound,,chrome 62.0 for android,,,,F,F,T,T,mobile,SM-A720F Build/MMB29K
3006493,-5.0,56222.0,0.0,0.0,0.0,0.0,,,0.0,0.0,100.0,NotFound,49.0,-360.0,Found,Found,166.0,,492.0,521.0,,,,,,,,Found,Found,Mac OS X 10_11_6,safari generic,24.0,1440x900,match_status:2,T,T,F,T,desktop,MacOS
3010026,0.0,175120.0,,,0.0,-7.0,,,,,100.0,NotFound,20.0,,New,NotFound,225.0,,254.0,507.0,,,,,,,,New,NotFound,,chrome 62.0 for android,,,,F,F,T,T,mobile,SM-G935F Build/NRD90M
3010052,-20.0,220693.0,,,0.0,0.0,,,,,100.0,NotFound,49.0,,Unknown,,225.0,,427.0,507.0,,,,,,,,New,NotFound,,mobile safari 11.0,,,,F,F,F,T,mobile,
3010072,-5.0,223223.0,,,0.0,-5.0,,,,,100.0,NotFound,52.0,,New,NotFound,225.0,13.0,254.0,507.0,,,,,,,,New,NotFound,,chrome 62.0,,,,F,F,T,T,desktop,
3010107,-20.0,261865.0,,,0.0,0.0,,,,,100.0,NotFound,52.0,,New,NotFound,225.0,,153.0,417.0,,,,,,,,New,NotFound,,chrome 62.0,,,,F,F,T,T,desktop,Windows
3006928,-15.0,,,,,,,,,,,Found,14.0,,,,,,,,,,,,,,,,,,,,,,,,,,,
3006942,-5.0,44089.0,0.0,0.0,0.0,0.0,,,0.0,0.0,100.0,NotFound,52.0,-300.0,Found,Found,166.0,15.0,144.0,549.0,,,,,,,,Found,Found,Windows 10,edge 15.0,24.0,,match_status:2,T,F,T,T,desktop,Windows
3017846,0.0,81677.0,,,0.0,0.0,,,,,100.0,NotFound,,-360.0,New,NotFound,166.0,13.0,215.0,333.0,,,,,,,,New,NotFound,Windows 7,ie 11.0 for desktop,24.0,1920x1080,match_status:1,T,T,T,T,desktop,Trident/7.0
3014011,0.0,153141.0,,,0.0,0.0,,,,,100.0,NotFound,,-300.0,New,NotFound,166.0,,390.0,549.0,,,,,,,,New,NotFound,iOS 11.2.0,mobile safari 11.0,32.0,2208x1242,match_status:1,T,F,T,T,mobile,iOS Device
3017822,-5.0,114566.0,,,0.0,0.0,,,,,100.0,NotFound,52.0,-300.0,New,NotFound,166.0,,100.0,533.0,,,,,,,,New,NotFound,Windows 10,chrome 62.0,24.0,1280x1024,match_status:2,T,F,T,T,desktop,Windows
3010585,-5.0,200833.0,,,0.0,0.0,,,,,100.0,NotFound,52.0,,New,NotFound,225.0,,266.0,507.0,,,,,,,,New,NotFound,,chrome 61.0,,,,F,F,T,T,desktop,
3010598,-10.0,93266.0,0.0,0.0,0.0,0.0,,,0.0,0.0,100.0,NotFound,52.0,,Found,Found,225.0,,427.0,563.0,,,,,,,,Found,Found,,chrome 62.0,,,,F,F,T,T,desktop,
3010620,-10.0,66869.0,0.0,0.0,0.0,0.0,,,0.0,0.0,100.0,NotFound,52.0,,Found,Found,225.0,,427.0,563.0,,,,,,,,Found,Found,,chrome 62.0,,,,F,F,T,T,desktop,
3010666,-5.0,173337.0,,,11.0,-100.0,,,0.0,0.0,96.66999816894533,NotFound,52.0,,New,NotFound,225.0,15.0,410.0,556.0,,,,,,,,Found,Found,,chrome 62.0,,,,F,F,T,T,desktop,Windows
3010646,-20.0,330554.0,,,0.0,0.0,,,,,100.0,NotFound,49.0,,Unknown,,225.0,,153.0,325.0,,,,,,,,New,NotFound,,mobile safari 11.0,,,,F,F,F,T,mobile,
3010767,-5.0,305674.0,,,0.0,0.0,,,,,100.0,NotFound,52.0,,New,NotFound,225.0,,266.0,139.0,,,,,,,,New,NotFound,,chrome 62.0,,,,F,F,T,T,desktop,
3010786,-5.0,180192.0,,,1.0,0.0,,,,,100.0,NotFound,52.0,,New,NotFound,225.0,,266.0,507.0,,,,,,,,New,NotFound,,chrome 62.0,,,,F,F,T,T,desktop,
3010733,0.0,514243.0,,,0.0,0.0,,,,,100.0,NotFound,,,New,NotFound,225.0,,427.0,507.0,,,,,,,,New,NotFound,,chrome 62.0 for android,,,,F,F,T,T,mobile,MotoG3 Build/MPIS24.65-33.1-2-16
3011042,-5.0,267976.0,,,0.0,0.0,,,,,100.0,NotFound,52.0,,New,NotFound,225.0,,266.0,566.0,,,,,,,,New,NotFound,,chrome 62.0,,,,F,F,T,T,desktop,
3011289,-5.0,162578.0,,,0.0,0.0,,,,,100.0,NotFound,52.0,,New,NotFound,225.0,,427.0,507.0,,,,,,,,New,NotFound,,chrome 62.0,,,,F,F,T,T,desktop,
3011408,-20.0,297660.0,,,10.0,-22.0,,,,,100.0,NotFound,49.0,,Unknown,,225.0,15.0,417.0,507.0,,,,,,,,New,NotFound,,mobile safari 10.0,,,,F,F,F,T,mobile,
3008138,-5.0,20579.0,0.0,0.0,17.0,0.0,,,0.0,0.0,100.0,NotFound,52.0,-300.0,Found,Found,166.0,,193.0,368.0,,,,,,,,Found,Found,Windows 10,chrome 62.0,24.0,1366x768,match_status:2,T,F,T,T,desktop,Windows
3011731,-5.0,325223.0,0.0,0.0,0.0,0.0,,,0.0,0.0,100.0,NotFound,52.0,-360.0,Found,Found,225.0,,153.0,566.0,,,,,,,,Found,Found,,chrome 49.0,,,,F,T,T,F,desktop,
3011881,-5.0,197325.0,0.0,0.0,0.0,0.0,,,0.0,0.0,100.0,NotFound,52.0,,Found,Found,225.0,,427.0,507.0,,,,,,,,Found,Found,,chrome 62.0,,,,F,F,T,T,desktop,Windows
3012114,-5.0,367740.0,0.0,0.0,0.0,0.0,,,0.0,0.0,100.0,NotFound,52.0,,Found,Found,225.0,,254.0,507.0,,,,,,,,Found,Found,,chrome 62.0,,,,F,F,T,T,desktop,Windows
3012151,-5.0,447151.0,,,4.0,-5.0,,,,,100.0,NotFound,52.0,,New,NotFound,225.0,,607.0,417.0,,,,,,,,New,NotFound,,chrome 62.0,,,,F,F,T,T,desktop,Windows
3012249,-5.0,284583.0,2.0,0.0,2.0,0.0,,,2.0,0.0,100.0,NotFound,52.0,,Found,Found,225.0,,210.0,507.0,,,,,,,,Found,Found,,chrome 62.0,,,,F,F,T,T,desktop,Windows
3012379,0.0,165149.0,0.0,0.0,0.0,-9.0,,,0.0,0.0,100.0,NotFound,20.0,,Found,Found,225.0,,266.0,325.0,,,,,,,,Found,Found,,chrome 62.0 for android,,,,F,F,T,T,mobile,D5803 Build/23.5.A.1.291
3012459,0.0,166654.0,,,0.0,0.0,,,,,100.0,NotFound,,,Found,NotFound,225.0,,266.0,325.0,,,,,,,,Found,NotFound,,chrome 59.0 for android,,,,F,F,T,T,mobile,GT-I8190L Build/JZO54K
3012518,-5.0,237815.0,,,0.0,0.0,,,,,100.0,NotFound,52.0,,New,NotFound,225.0,,266.0,305.0,,,,,,,,New,NotFound,,chrome 62.0,,,,F,F,T,T,desktop,Windows
3012591,-5.0,125903.0,0.0,0.0,0.0,0.0,,,0.0,0.0,100.0,NotFound,52.0,,Found,Found,225.0,,266.0,325.0,,,,,,,,Found,Found,,chrome 62.0,,,,F,F,T,T,desktop,
3016473,-5.0,57112.0,,,0.0,0.0,,,,,100.0,NotFound,52.0,-300.0,New,NotFound,166.0,,390.0,549.0,,,,,,,,New,NotFound,Windows 10,chrome 62.0,24.0,1600x900,match_status:2,T,F,T,T,desktop,Windows
3016545,0.0,224658.0,,,11.0,-28.0,,,,,100.0,NotFound,,-300.0,New,NotFound,166.0,15.0,321.0,549.0,,,,,,,,New,NotFound,Android 6.0.1,chrome 62.0 for android,32.0,1920x1080,match_status:2,T,F,T,T,mobile,Z981 Build/MMB29M
3012788,-35.0,208662.0,,,,,,,,,100.0,NotFound,49.0,,Unknown,,225.0,,266.0,507.0,,,,,,,,New,NotFound,,mobile safari 11.0,,,,F,F,F,T,mobile,
3012792,0.0,149401.0,0.0,0.0,0.0,0.0,,,0.0,0.0,100.0,NotFound,20.0,,Found,Found,225.0,,266.0,507.0,,,,,,,,Found,Found,,chrome 62.0 for android,,,,F,F,T,T,mobile,SM-G900V
3012840,-25.0,196029.0,,,0.0,0.0,,,,,100.0,NotFound,63.0,,Unknown,,225.0,,427.0,507.0,,,,,,,,New,NotFound,,firefox 57.0,,,,F,F,F,T,desktop,Windows
3012791,0.0,227488.0,0.0,0.0,0.0,0.0,,,0.0,0.0,100.0,NotFound,,,Found,Found,225.0,,153.0,305.0,,,,,,,,Found,Found,,chrome 62.0 for android,,,,F,F,T,T,mobile,ZEIA8
3020418,0.0,19455.0,0.0,0.0,2.0,0.0,,,0.0,0.0,100.0,NotFound,,-360.0,Found,Found,166.0,,410.0,214.0,,,,,,,,Found,Found,Android 7.0,chrome 62.0 for android,32.0,,match_status:2,T,F,T,T,mobile,SM-N920P Build/NRD90M
3012922,0.0,154717.0,0.0,0.0,0.0,0.0,,,0.0,0.0,100.0,NotFound,,,Found,Found,225.0,,153.0,305.0,,,,,,,,Found,Found,,chrome 62.0 for android,,,,F,F,T,T,mobile,ZEIA8
3012958,-5.0,222560.0,,,0.0,0.0,,,,,100.0,NotFound,52.0,,New,NotFound,225.0,,266.0,305.0,,,,,,,,New,NotFound,,chrome 62.0,,,,F,F,T,T,desktop,Windows
3020489,-5.0,109151.0,,,0.0,0.0,,,,,100.0,NotFound,49.0,-360.0,New,NotFound,166.0,,312.0,214.0,,,,,,,,New,NotFound,iOS 11.0.3,mobile safari 11.0,32.0,2208x1242,match_status:1,T,F,F,F,mobile,iOS Device
3013206,-20.0,187698.0,,,3.0,0.0,,,,,100.0,NotFound,49.0,,Unknown,,225.0,,176.0,507.0,,,,,,,,New,NotFound,,mobile safari 11.0,,,,F,F,F,T,mobile,
3013246,0.0,169587.0,0.0,0.0,0.0,0.0,,,0.0,0.0,100.0,NotFound,,,Found,Found,225.0,,427.0,507.0,,,,,,,,Found,Found,,chrome 62.0 for android,,,,F,F,T,T,mobile,MotoG3 Build/MPIS24.65-33.1-2-16
3013324,0.0,239453.0,,,0.0,0.0,,,,,100.0,NotFound,,,New,NotFound,225.0,,266.0,610.0,,,,,,,,New,NotFound,,chrome 62.0 for android,,,,F,F,T,T,mobile,SM-N910H
3013337,-5.0,463697.0,0.0,0.0,1.0,0.0,,,0.0,0.0,100.0,NotFound,52.0,,Found,Found,225.0,,484.0,507.0,,,,,,,,Found,Found,,chrome 62.0,,,,F,F,T,T,desktop,Windows
3032354,-15.0,160796.0,0.0,0.0,0.0,0.0,,,0.0,0.0,100.0,NotFound,52.0,,Found,Found,225.0,15.0,266.0,305.0,,,,,,,,Found,Found,,chrome 62.0,,,,F,F,T,T,desktop,Windows
3032384,-5.0,166018.0,0.0,0.0,7.0,-8.0,,,0.0,0.0,100.0,NotFound,49.0,-300.0,Found,Found,166.0,15.0,352.0,535.0,,,,,,,,Found,Found,iOS 11.1.2,mobile safari generic,32.0,2208x1242,match_status:2,T,F,T,F,mobile,iOS Device
3032361,-5.0,256230.0,0.0,0.0,5.0,-8.0,,,0.0,0.0,100.0,Found,49.0,-300.0,Found,Found,166.0,15.0,352.0,535.0,,,,,,,,Found,Found,iOS 11.1.2,mobile safari generic,32.0,2208x1242,match_status:2,T,F,T,F,mobile,iOS Device
3013500,-20.0,117528.0,,,0.0,0.0,,,,,100.0,NotFound,49.0,,Unknown,,225.0,,153.0,563.0,,,,,,,,New,NotFound,,mobile safari 11.0,,,,F,F,F,T,mobile,
3013543,-40.0,116704.0,,,1.0,-1.0,,,,,100.0,NotFound,20.0,,New,NotFound,225.0,,176.0,507.0,,,,,,,,New,NotFound,,chrome 62.0 for android,,,,F,F,T,T,mobile,ALE-L23 Build/HuaweiALE-L23
3013672,0.0,149603.0,,,0.0,0.0,,,,,100.0,NotFound,,,New,NotFound,225.0,,290.0,401.0,,,,,,,,New,NotFound,,chrome 62.0 for android,,,,F,F,T,T,mobile,SM-G531H Build/LMY48B
3017461,-5.0,28839.0,0.0,0.0,0.0,0.0,,,0.0,0.0,100.0,NotFound,52.0,-300.0,Found,Found,166.0,,100.0,549.0,,,,,,,,Found,Found,Windows 10,chrome 62.0,24.0,1600x900,match_status:2,T,F,T,T,desktop,Windows
3017466,-5.0,192230.0,,,0.0,0.0,,,,,100.0,NotFound,49.0,-300.0,New,NotFound,166.0,13.0,100.0,549.0,,,,,,,,New,NotFound,iOS 9.3.5,mobile safari 9.0,32.0,1024x768,match_status:1,T,F,F,T,mobile,iOS Device
3013944,-5.0,317399.0,,,0.0,0.0,,,,,100.0,NotFound,52.0,,New,NotFound,225.0,,266.0,507.0,,,,,,,,New,NotFound,,chrome 62.0,,,,F,F,T,T,desktop,
3014269,-20.0,146446.0,,,0.0,0.0,,,,,100.0,NotFound,52.0,,New,NotFound,225.0,,266.0,325.0,,,,,,,,New,NotFound,,chrome 62.0,,,,F,F,T,T,desktop,Windows
3014260,-5.0,173600.0,,,0.0,0.0,,,,,100.0,NotFound,52.0,,Found,NotFound,225.0,,427.0,507.0,,,,,,,,Found,NotFound,,chrome 62.0,,,,F,F,T,T,desktop,Windows
3014568,-5.0,129161.0,,,0.0,0.0,,,,,100.0,NotFound,52.0,,New,NotFound,225.0,,266.0,541.0,,,,,,,,New,NotFound,,chrome 62.0,,,,F,F,T,T,desktop,Windows
3018405,-10.0,103390.0,0.0,0.0,,,15.0,-8.0,2.0,-9.0,100.0,NotFound,51.0,-300.0,Found,Found,,,,,178.0,14.0,IP_PROXY:ANONYMOUS,15.0,118.0,184.0,Found,Found,Found,Windows 7,ie 11.0 for desktop,24.0,1920x1080,match_status:2,T,T,T,T,desktop,Trident/7.0
3014903,0.0,271463.0,0.0,0.0,0.0,0.0,,,0.0,0.0,100.0,NotFound,20.0,,Found,Found,225.0,,254.0,507.0,,,,,,,,Found,Found,,chrome 62.0 for android,,,,F,F,T,T,mobile,HTC U11 Build/NMF26X
3018610,-5.0,137266.0,,,0.0,0.0,,,,,100.0,NotFound,49.0,-300.0,New,NotFound,166.0,,312.0,256.0,,,,,,,,New,NotFound,iOS 10.3.3,mobile safari 10.0,32.0,1334x750,match_status:1,T,F,F,T,mobile,iOS Device
3022602,-5.0,92602.0,0.0,0.0,0.0,0.0,,,0.0,0.0,100.0,NotFound,52.0,-360.0,Found,Found,166.0,,410.0,214.0,,,,,,,,Found,Found,Windows 10,chrome 62.0,24.0,1920x1080,match_status:2,T,F,T,F,desktop,Windows
3015247,0.0,199484.0,0.0,0.0,0.0,0.0,,,0.0,0.0,100.0,NotFound,20.0,,Found,Found,225.0,,266.0,325.0,,,,,,,,Found,Found,,chrome 62.0 for android,,,,F,F,T,T,mobile,SM-J510MN Build/MMB29M
3015373,-100.0,546991.0,,,-8.0,-26.0,,,,,100.0,NotFound,49.0,,Unknown,,225.0,15.0,345.0,561.0,,,,,,,,New,NotFound,,mobile safari 10.0,,,,F,F,F,F,mobile,
3015420,0.0,401111.0,,,0.0,0.0,,,,,100.0,NotFound,20.0,,New,NotFound,225.0,,574.0,417.0,,,,,,,,New,NotFound,,mobile safari generic,,,,F,F,T,T,mobile,
3015505,-20.0,98562.0,,,13.0,-27.0,,,,,100.0,NotFound,49.0,,Unknown,,225.0,15.0,266.0,563.0,,,,,,,,New,NotFound,,mobile safari 11.0,,,,F,F,F,T,mobile,
3011702,0.0,82993.0,,,1.0,0.0,,,,,100.0,NotFound,,-300.0,New,NotFound,166.0,,390.0,549.0,,,,,,,,New,NotFound,iOS 11.1.2,mobile safari 11.0,32.0,1334x750,match_status:1,T,F,T,T,mobile,iOS Device
3015456,-20.0,195066.0,,,13.0,-32.0,,,,,100.0,NotFound,49.0,,Unknown,,225.0,15.0,345.0,507.0,,,,,,,,New,NotFound,,mobile safari 11.0,,,,F,F,F,T,mobile,
3015589,-5.0,218342.0,,,0.0,0.0,,,,,100.0,NotFound,52.0,,New,NotFound,225.0,,266.0,325.0,,,,,,,,New,NotFound,,chrome 61.0,,,,F,F,T,T,desktop,
3015519,-5.0,126100.0,,,0.0,-55.0,,,,,100.0,NotFound,25.0,-360.0,New,NotFound,166.0,15.0,410.0,214.0,,,,,,,,New,NotFound,,edge 14.0,,,,F,T,T,T,desktop,Windows
3022978,-5.0,36465.0,0.0,0.0,0.0,0.0,,,0.0,0.0,100.0,NotFound,52.0,-300.0,Found,Found,166.0,,529.0,161.0,,,,,,,,Found,Found,Windows 10,chrome 62.0,24.0,1920x1080,match_status:2,T,F,T,T,desktop,Windows
3015644,-5.0,207267.0,,,0.0,0.0,,,,,100.0,NotFound,52.0,,New,NotFound,225.0,,266.0,315.0,,,,,,,,New,NotFound,,firefox,,,,F,F,T,T,desktop,rv:57.0
3015721,0.0,245215.0,0.0,0.0,0.0,-43.0,,,0.0,0.0,100.0,NotFound,20.0,,Found,Found,225.0,15.0,266.0,507.0,,,,,,,,Found,Found,,chrome 62.0 for android,,,,F,F,T,T,mobile,Ilium L910 Build/MRA58K
3015764,-5.0,246092.0,,,0.0,0.0,,,,,100.0,NotFound,52.0,,New,NotFound,225.0,15.0,266.0,417.0,,,,,,,,New,NotFound,,chrome 62.0,,,,F,F,T,T,desktop,Windows
3016097,-5.0,337097.0,0.0,0.0,0.0,0.0,,,0.0,0.0,100.0,NotFound,52.0,,Found,Found,225.0,,427.0,612.0,,,,,,,,Found,Found,,chrome 62.0,,,,F,F,T,T,desktop,
3015995,-20.0,179954.0,,,0.0,-9.0,,,,,100.0,NotFound,49.0,,Unknown,,225.0,,176.0,507.0,,,,,,,,New,NotFound,,safari generic,,,,F,F,F,T,desktop,
3016018,-5.0,371501.0,,,0.0,0.0,,,,,100.0,NotFound,52.0,,New,NotFound,225.0,,266.0,122.0,,,,,,,,New,NotFound,,chrome 62.0,,,,F,F,T,T,desktop,
3016152,-5.0,322298.0,,,0.0,0.0,,,,,100.0,NotFound,52.0,,New,NotFound,225.0,,271.0,507.0,,,,,,,,New,NotFound,,chrome 62.0,,,,F,F,T,T,desktop,Windows
3016259,0.0,259720.0,,,5.0,-18.0,,,,,100.0,NotFound,20.0,,New,NotFound,225.0,15.0,417.0,507.0,,,,,,,,New,NotFound,,chrome 62.0 for android,,,,F,F,T,T,mobile,SM-A510M Build/NRD90M
3023906,-5.0,88963.0,,,0.0,0.0,,,0.0,0.0,96.19000244140624,NotFound,52.0,-300.0,New,NotFound,166.0,,452.0,256.0,,,,,,,,Found,Found,Windows 10,chrome 62.0,24.0,1920x1080,match_status:2,T,F,T,T,desktop,Windows
3020123,0.0,129788.0,,,-7.0,-8.0,,,,,100.0,NotFound,,-300.0,New,NotFound,166.0,,390.0,549.0,,,,,,,,New,NotFound,iOS 11.1.2,mobile safari generic,32.0,1334x750,match_status:2,T,F,T,T,mobile,iOS Device
3016578,-5.0,377462.0,,,0.0,0.0,,,,,100.0,NotFound,52.0,,New,NotFound,225.0,,266.0,507.0,,,,,,,,New,NotFound,,chrome 62.0,,,,F,F,T,T,desktop,
3016606,-5.0,478146.0,,,-1.0,-36.0,,,,,100.0,NotFound,52.0,,New,NotFound,225.0,,266.0,563.0,,,,,,,,New,NotFound,,chrome 62.0,,,,F,F,T,T,desktop,Windows
3016630,-20.0,137825.0,,,11.0,-100.0,,,,,100.0,NotFound,49.0,,Unknown,,225.0,12.0,266.0,507.0,,,,,,,,New,NotFound,,mobile safari 10.0,,,,F,F,F,T,mobile,
3016654,-5.0,321903.0,,,0.0,0.0,,,,,100.0,NotFound,52.0,,New,NotFound,225.0,,266.0,417.0,,,,,,,,New,NotFound,,chrome 62.0,,,,F,F,T,T,desktop,Windows
3016738,-5.0,316303.0,,,0.0,0.0,,,,,100.0,NotFound,52.0,,New,NotFound,225.0,,266.0,595.0,,,,,,,,New,NotFound,,chrome 61.0,,,,F,F,T,T,desktop,Windows
3016795,-5.0,116244.0,,,0.0,0.0,,,,,100.0,NotFound,52.0,,New,NotFound,225.0,,153.0,595.0,,,,,,,,New,NotFound,,chrome 62.0,,,,F,F,T,T,desktop,
3016813,-5.0,330035.0,,,0.0,0.0,,,,,100.0,NotFound,52.0,,New,NotFound,225.0,,427.0,507.0,,,,,,,,New,NotFound,,chrome 62.0,,,,F,F,T,T,desktop,
3016829,-20.0,323511.0,,,3.0,0.0,,,0.0,0.0,93.5500030517578,NotFound,49.0,,Unknown,,225.0,,153.0,563.0,,,,,,,,Found,Found,,safari generic,,,,F,F,F,T,desktop,
3016798,-5.0,153006.0,0.0,0.0,0.0,0.0,,,0.0,0.0,100.0,NotFound,52.0,,Found,Found,225.0,,254.0,507.0,,,,,,,,Found,Found,,chrome 58.0,,,,F,F,T,T,desktop,
3016818,-15.0,427828.0,,,0.0,0.0,,,,,100.0,NotFound,35.0,,New,NotFound,225.0,,266.0,507.0,,,,,,,,New,NotFound,,chrome 54.0 for android,,,,F,F,T,T,mobile,LG-H542 Build/MRA58K
3016937,-5.0,105442.0,0.0,0.0,0.0,0.0,,,0.0,0.0,100.0,NotFound,52.0,,Found,Found,225.0,,153.0,563.0,,,,,,,,Found,Found,,chrome 63.0,,,,F,F,T,T,desktop,Windows
3017169,0.0,465960.0,,,0.0,-1.0,,,,,100.0,NotFound,,,New,NotFound,225.0,,153.0,325.0,,,,,,,,New,NotFound,,chrome 62.0 for android,,,,F,F,T,T,mobile,SM-J700M Build/MMB29K
3017194,-5.0,206148.0,0.0,0.0,0.0,0.0,,,0.0,0.0,100.0,NotFound,49.0,-360.0,Found,Found,225.0,,254.0,507.0,,,,,,,,Found,Found,,safari generic,,,,F,T,F,F,desktop,
3017254,-5.0,141455.0,0.0,0.0,0.0,0.0,,,0.0,0.0,100.0,NotFound,52.0,,Found,Found,225.0,,266.0,507.0,,,,,,,,Found,Found,,chrome 62.0,,,,F,F,T,T,desktop,Windows
3017252,-60.0,119582.0,,,1.0,-10.0,,,,,100.0,NotFound,49.0,,Unknown,,225.0,15.0,417.0,507.0,,,,,,,,New,NotFound,,mobile safari 11.0,,,,F,F,F,T,mobile,
3017329,-100.0,209167.0,,,-8.0,-25.0,,,,,100.0,NotFound,49.0,,Unknown,,225.0,15.0,345.0,561.0,,,,,,,,New,NotFound,,mobile safari 11.0,,,,F,F,F,T,mobile,
3024998,-5.0,51298.0,0.0,0.0,5.0,-6.0,4.0,-6.0,0.0,0.0,100.0,NotFound,55.0,-360.0,Found,Found,166.0,,462.0,214.0,672.0,14.0,IP_PROXY:TRANSPARENT,15.0,427.0,142.0,Found,Found,Found,Mac OS X 10_9_5,chrome 61.0,24.0,1920x1200,match_status:2,T,F,T,T,desktop,MacOS
3021349,-5.0,40592.0,0.0,0.0,0.0,0.0,,,0.0,0.0,100.0,NotFound,52.0,-300.0,Found,Found,166.0,13.0,390.0,549.0,,,,,,,,Found,Found,Windows 10,chrome 62.0,24.0,1280x768,match_status:2,T,F,T,T,desktop,Windows
3029127,0.0,4981.0,,,0.0,0.0,,,,,100.0,Found,,-300.0,New,NotFound,166.0,13.0,100.0,533.0,,,,,,,,New,NotFound,iOS 9.3.5,mobile safari 9.0,32.0,1024x768,match_status:1,T,F,T,T,mobile,iOS Device
3017870,-5.0,82439.0,0.0,0.0,0.0,0.0,,,0.0,0.0,100.0,NotFound,52.0,,Found,Found,225.0,,266.0,507.0,,,,,,,,Found,Found,,chrome 62.0,,,,F,F,T,T,desktop,Windows
3017897,-10.0,85095.0,0.0,0.0,0.0,0.0,27.0,-6.0,0.0,0.0,100.0,NotFound,52.0,-300.0,Found,Found,166.0,,376.0,256.0,587.0,14.0,IP_PROXY:TRANSPARENT,15.0,382.0,102.0,Found,Found,Found,Windows 7,chrome 62.0,24.0,1920x1080,match_status:2,T,F,T,T,desktop,Windows
3017904,0.0,138369.0,,,0.0,0.0,,,,,100.0,NotFound,20.0,,New,NotFound,225.0,,427.0,325.0,,,,,,,,New,NotFound,,chrome 62.0 for android,,,,F,F,T,T,mobile,SM-A520F Build/NRD90M
3021788,0.0,16437.0,0.0,0.0,2.0,0.0,,,0.0,0.0,100.0,NotFound,,-300.0,Found,Found,166.0,12.0,529.0,549.0,,,,,,,,Found,Found,Windows 10,ie 11.0 for desktop,24.0,1366x768,match_status:2,T,T,T,T,desktop,Trident/7.0
3018245,-20.0,116383.0,,,0.0,0.0,,,,,100.0,NotFound,49.0,,Unknown,,225.0,,266.0,325.0,,,,,,,,New,NotFound,,mobile safari 11.0,,,,F,F,F,T,mobile,
3018271,0.0,253095.0,,,0.0,-6.0,,,,,100.0,NotFound,,,New,NotFound,225.0,,254.0,507.0,,,,,,,,New,NotFound,,chrome 62.0 for android,,,,F,F,T,T,mobile,SM-J320M Build/LMY47V
3018260,-5.0,215697.0,0.0,0.0,0.0,0.0,,,0.0,0.0,100.0,NotFound,52.0,,Found,Found,225.0,,427.0,325.0,,,,,,,,Found,Found,,chrome 62.0,,,,F,F,T,T,desktop,
3018319,0.0,300020.0,,,11.0,-100.0,,,0.0,0.0,95.4499969482422,NotFound,20.0,-360.0,New,NotFound,225.0,13.0,410.0,507.0,,,,,,,,Found,Found,,ie 11.0 for desktop,,,,F,T,T,T,desktop,Trident/7.0
3018572,-5.0,102258.0,0.0,0.0,0.0,0.0,,,0.0,0.0,100.0,NotFound,52.0,,Found,Found,225.0,,266.0,127.0,,,,,,,,Found,Found,,chrome 62.0,,,,F,F,T,T,desktop,Windows
3018504,-5.0,127679.0,0.0,0.0,0.0,0.0,,,0.0,0.0,100.0,NotFound,52.0,,Found,Found,225.0,,266.0,507.0,,,,,,,,Found,Found,,chrome 62.0,,,,F,F,T,T,desktop,
3022316,0.0,103779.0,0.0,0.0,21.0,-26.0,,,0.0,0.0,100.0,NotFound,,-300.0,Found,Found,166.0,15.0,642.0,391.0,,,,,,,,Found,Found,iOS 11.0.1,mobile safari 11.0,32.0,2208x1242,match_status:1,T,F,T,T,mobile,iOS Device
3022258,-5.0,77814.0,,,0.0,0.0,,,,,100.0,NotFound,49.0,-300.0,New,NotFound,166.0,,529.0,549.0,,,,,,,,New,NotFound,iOS 10.2.1,mobile safari 10.0,32.0,1136x640,match_status:1,T,F,F,T,mobile,iOS Device
3022314,-5.0,83133.0,0.0,0.0,0.0,0.0,,,0.0,0.0,100.0,Found,49.0,-300.0,Found,Found,166.0,,529.0,549.0,,,,,,,,Found,Found,iOS 10.2.1,mobile safari 10.0,32.0,1136x640,match_status:1,T,F,F,T,mobile,iOS Device
3018657,-5.0,95778.0,0.0,0.0,0.0,0.0,,,0.0,0.0,100.0,NotFound,52.0,,Found,Found,225.0,,266.0,127.0,,,,,,,,Found,Found,,chrome 62.0,,,,F,F,T,T,desktop,Windows
3022338,-5.0,69510.0,0.0,0.0,0.0,0.0,,,0.0,0.0,100.0,NotFound,49.0,-300.0,Found,Found,166.0,,529.0,549.0,,,,,,,,Found,Found,iOS 10.2.1,mobile safari 10.0,32.0,1136x640,match_status:1,T,F,F,T,mobile,iOS Device
3018594,-5.0,178277.0,,,0.0,0.0,,,,,100.0,NotFound,52.0,,New,NotFound,225.0,,414.0,561.0,,,,,,,,New,NotFound,,ie 11.0 for desktop,,,,F,F,T,T,desktop,Trident/7.0
3018665,-5.0,392865.0,,,0.0,-5.0,,,,,100.0,NotFound,52.0,,New,NotFound,225.0,,242.0,507.0,,,,,,,,New,NotFound,,chrome 62.0,,,,F,F,T,T,desktop,
3018737,-100.0,124593.0,,,-3.0,-20.0,,,,,100.0,NotFound,49.0,,Unknown,,225.0,15.0,345.0,507.0,,,,,,,,New,NotFound,,mobile safari 11.0,,,,F,F,F,T,mobile,
3018790,-5.0,104536.0,0.0,0.0,2.0,0.0,,,0.0,0.0,100.0,NotFound,52.0,-480.0,Found,Found,225.0,,585.0,507.0,,,,,,,,Found,Found,,chrome 49.0,,,,F,T,T,F,desktop,
3018765,-5.0,398978.0,0.0,0.0,1.0,0.0,,,0.0,0.0,100.0,NotFound,52.0,,Found,Found,225.0,,271.0,507.0,,,,,,,,Found,Found,,chrome 62.0,,,,F,F,T,T,desktop,Windows
3018985,-5.0,208351.0,0.0,0.0,0.0,0.0,,,0.0,0.0,100.0,NotFound,52.0,,Found,Found,225.0,,410.0,638.0,,,,,,,,Found,Found,,chrome 62.0,,,,F,F,T,T,desktop,Windows
3019161,-5.0,385285.0,,,0.0,0.0,,,,,100.0,NotFound,52.0,,New,NotFound,225.0,,427.0,563.0,,,,,,,,New,NotFound,,chrome 62.0,,,,F,F,T,T,desktop,Windows
3019260,-20.0,198638.0,,,7.0,-27.0,,,,,100.0,NotFound,49.0,,Unknown,,225.0,15.0,417.0,507.0,,,,,,,,New,NotFound,,mobile safari 11.0,,,,F,F,F,T,mobile,
3023417,-5.0,61260.0,0.0,0.0,0.0,0.0,,,0.0,0.0,100.0,NotFound,52.0,-300.0,Found,Found,166.0,,529.0,549.0,,,,,,,,Found,Found,Windows 10,chrome 62.0,24.0,1366x768,match_status:2,T,F,T,T,desktop,Windows
3023539,-5.0,136994.0,0.0,0.0,0.0,0.0,,,0.0,0.0,100.0,NotFound,52.0,-300.0,Found,Found,166.0,15.0,100.0,549.0,,,,,,,,Found,Found,Windows 8.1,chrome 62.0,24.0,1366x768,match_status:1,T,F,T,T,desktop,Windows
3020058,-5.0,199110.0,,,1.0,-4.0,,,0.0,0.0,95.08000183105467,NotFound,52.0,,New,NotFound,225.0,,427.0,127.0,,,,,,,,Found,Found,,firefox,,,,F,F,T,T,desktop,
3020158,-20.0,248977.0,,,0.0,0.0,,,,,100.0,NotFound,49.0,,Unknown,,225.0,,266.0,507.0,,,,,,,,New,NotFound,,mobile safari 11.0,,,,F,F,F,T,mobile,
3020286,0.0,151375.0,0.0,0.0,0.0,0.0,,,0.0,0.0,100.0,NotFound,,-360.0,Found,Found,225.0,,153.0,417.0,,,,,,,,Found,Found,,ie 11.0 for desktop,,,,F,T,T,T,desktop,Trident/7.0
3020446,0.0,202878.0,0.0,0.0,15.0,-7.0,,,0.0,0.0,100.0,NotFound,20.0,,Found,Found,225.0,15.0,345.0,507.0,,,,,,,,Found,Found,,chrome 62.0 for android,,,,F,F,T,T,mobile,SM-G930U Build/NRD90M
3020468,0.0,277832.0,0.0,0.0,11.0,-7.0,,,0.0,0.0,100.0,NotFound,43.0,,Found,Found,225.0,15.0,345.0,507.0,,,,,,,,Found,Found,,chrome 62.0 for android,,,,F,F,T,T,mobile,SM-G930U Build/NRD90M
3024168,-5.0,140634.0,,,0.0,0.0,,,,,100.0,NotFound,49.0,-300.0,New,NotFound,166.0,,529.0,549.0,,,,,,,,New,NotFound,iOS 11.1.1,mobile safari 11.0,32.0,1334x750,match_status:1,T,F,F,F,mobile,iOS Device
3020394,-15.0,,,,,,,,,,,NotFound,20.0,,,,,,,,,,,,,,,,,,,,,,,,,,,
3020594,-5.0,217640.0,0.0,0.0,0.0,0.0,,,0.0,0.0,100.0,NotFound,52.0,,Found,Found,225.0,,176.0,507.0,,,,,,,,Found,Found,,firefox 57.0,,,,F,F,T,T,desktop,Windows
3020642,-20.0,410956.0,,,0.0,0.0,,,,,100.0,NotFound,52.0,,New,NotFound,225.0,,266.0,305.0,,,,,,,,New,NotFound,,chrome 62.0,,,,F,F,T,T,desktop,Windows
3020620,-20.0,94360.0,,,0.0,0.0,,,,,100.0,NotFound,49.0,,Unknown,,225.0,,266.0,507.0,,,,,,,,New,NotFound,,mobile safari 11.0,,,,F,F,F,T,mobile,
3020671,-5.0,77787.0,0.0,0.0,0.0,0.0,,,0.0,0.0,100.0,NotFound,52.0,,Found,Found,225.0,,266.0,122.0,,,,,,,,Found,Found,,chrome 63.0,,,,F,F,T,T,desktop,
3020699,-20.0,78092.0,,,0.0,0.0,,,,,100.0,NotFound,49.0,,Unknown,,225.0,,266.0,507.0,,,,,,,,New,NotFound,,mobile safari 11.0,,,,F,F,F,T,mobile,
3024527,0.0,36494.0,,,28.0,-7.0,,,,,100.0,NotFound,,-300.0,New,NotFound,166.0,15.0,193.0,549.0,,,,,,,,New,NotFound,iOS 11.1.2,mobile safari 11.0,32.0,2208x1242,match_status:1,T,F,T,T,mobile,iOS Device
3032208,-5.0,211357.0,,,0.0,0.0,,,,,100.0,NotFound,25.0,,New,NotFound,225.0,,266.0,305.0,,,,,,,,New,NotFound,,chrome 62.0 for android,,,,F,F,T,T,mobile,SM-J510FN
3024598,0.0,84242.0,,,24.0,-31.0,,,,,100.0,NotFound,,-300.0,New,NotFound,166.0,15.0,321.0,533.0,,,,,,,,New,NotFound,iOS 11.1.2,mobile safari 11.0,32.0,1334x750,match_status:1,T,F,T,T,mobile,iOS Device
3020864,-20.0,245782.0,,,2.0,-8.0,,,,,100.0,NotFound,49.0,,Unknown,,225.0,,417.0,507.0,,,,,,,,New,NotFound,,mobile safari 11.0,,,,F,F,F,T,mobile,
3020820,-5.0,97045.0,,,0.0,-11.0,,,,,100.0,NotFound,52.0,,New,NotFound,225.0,,254.0,507.0,,,,,,,,New,NotFound,,chrome 63.0,,,,F,F,T,T,desktop,Windows
3020888,-20.0,498660.0,,,14.0,-7.0,,,,,100.0,NotFound,52.0,,New,NotFound,225.0,,153.0,417.0,,,,,,,,New,NotFound,,chrome 62.0,,,,F,F,T,T,desktop,
3020878,-5.0,189593.0,,,0.0,-6.0,,,,,100.0,NotFound,52.0,,New,NotFound,225.0,15.0,176.0,507.0,,,,,,,,New,NotFound,,chrome 62.0,,,,F,F,T,T,desktop,
3028542,-5.0,199081.0,,,0.0,0.0,,,,,100.0,NotFound,49.0,-420.0,New,NotFound,166.0,,621.0,225.0,,,,,,,,New,NotFound,iOS 11.1.2,mobile safari 11.0,32.0,2208x1242,match_status:1,T,F,F,T,mobile,iOS Device
3020898,-5.0,104899.0,,,0.0,0.0,,,,,100.0,NotFound,52.0,,New,NotFound,225.0,,266.0,469.0,,,,,,,,New,NotFound,,chrome 62.0,,,,F,F,T,T,desktop,Windows
3036242,0.0,178446.0,,,0.0,0.0,,,,,100.0,NotFound,,-360.0,New,NotFound,166.0,,529.0,214.0,,,,,,,,New,NotFound,Windows 7,ie 11.0 for desktop,24.0,1920x1080,match_status:2,T,T,T,T,desktop,Trident/7.0
3020991,0.0,385452.0,,,0.0,0.0,,,,,100.0,NotFound,,,New,NotFound,225.0,,427.0,563.0,,,,,,,,New,NotFound,,mobile safari 10.0,,,,F,F,T,T,mobile,
3021041,0.0,228952.0,,,1.0,0.0,,,,,100.0,NotFound,,,New,NotFound,225.0,,271.0,507.0,,,,,,,,New,NotFound,,chrome 62.0 for android,,,,F,F,T,T,mobile,Lenovo
3021075,-5.0,115281.0,0.0,0.0,0.0,0.0,,,0.0,0.0,100.0,NotFound,52.0,,Found,Found,225.0,,153.0,563.0,,,,,,,,Found,Found,,chrome 62.0,,,,F,F,T,T,desktop,Windows
3021090,-5.0,180963.0,0.0,0.0,0.0,0.0,,,0.0,0.0,100.0,NotFound,52.0,,Found,Found,225.0,,266.0,315.0,,,,,,,,Found,Found,,chrome 62.0,,,,F,F,T,T,desktop,Windows
3021109,-5.0,151769.0,0.0,0.0,0.0,-4.0,,,0.0,0.0,100.0,NotFound,52.0,,Found,Found,225.0,,270.0,417.0,,,,,,,,Found,Found,,chrome 62.0,,,,F,F,T,T,desktop,
3021127,-20.0,172464.0,,,0.0,0.0,,,,,100.0,NotFound,49.0,,Unknown,,225.0,,427.0,595.0,,,,,,,,New,NotFound,,mobile safari 11.0,,,,F,F,F,T,mobile,
3021190,-5.0,303804.0,,,1.0,0.0,,,,,100.0,NotFound,52.0,,New,NotFound,225.0,,271.0,507.0,,,,,,,,New,NotFound,,chrome 63.0,,,,F,F,T,T,desktop,
3021507,-25.0,302678.0,,,0.0,0.0,,,0.0,0.0,95.08000183105467,NotFound,63.0,,Unknown,,225.0,,427.0,507.0,,,,,,,,Found,Found,,firefox 57.0,,,,F,F,F,T,desktop,
3021621,-20.0,589675.0,,,-14.0,-28.0,,,2.0,0.0,96.66999816894533,NotFound,52.0,,New,NotFound,225.0,13.0,585.0,561.0,,,,,,,,Found,Found,,chrome 62.0,,,,F,F,T,T,desktop,
3021737,0.0,178848.0,,,0.0,0.0,,,,,100.0,NotFound,20.0,,New,NotFound,225.0,,427.0,507.0,,,,,,,,New,NotFound,,chrome 55.0 for android,,,,F,F,T,T,mobile,M4 SS4450 Build/MRA58K
3021821,-5.0,283981.0,,,0.0,0.0,,,,,100.0,NotFound,52.0,,New,NotFound,225.0,,427.0,417.0,,,,,,,,New,NotFound,,chrome 62.0,,,,F,F,T,T,desktop,Windows
3021855,-5.0,115070.0,0.0,0.0,0.0,0.0,,,0.0,0.0,100.0,NotFound,52.0,,Found,Found,225.0,,427.0,563.0,,,,,,,,Found,Found,,chrome 62.0,,,,F,F,T,T,desktop,
3029551,-5.0,14390.0,,,1.0,0.0,,,0.0,0.0,93.58999633789062,NotFound,52.0,-360.0,New,NotFound,166.0,,193.0,214.0,,,,,,,,Found,Found,Windows 10,edge 16.0,24.0,1920x1080,match_status:2,T,F,T,T,desktop,Windows
3022043,-5.0,123865.0,0.0,0.0,0.0,0.0,,,0.0,0.0,100.0,NotFound,52.0,,Found,Found,225.0,,266.0,507.0,,,,,,,,Found,Found,,chrome 62.0,,,,F,F,T,T,desktop,Windows
3021953,0.0,304054.0,,,7.0,0.0,,,,,100.0,NotFound,,,New,NotFound,225.0,,417.0,507.0,,,,,,,,New,NotFound,,chrome 58.0 for android,,,,F,F,T,T,mobile,LG-M700 Build/NMF26X
3025771,-5.0,100492.0,,,0.0,0.0,,,,,100.0,NotFound,52.0,-300.0,New,NotFound,166.0,13.0,529.0,549.0,,,,,,,,New,NotFound,Windows 10,chrome 62.0,24.0,1366x768,match_status:2,T,F,T,T,desktop,Windows
3041580,-35.0,335200.0,,,8.0,-16.0,,,,,100.0,NotFound,49.0,,Unknown,,225.0,15.0,417.0,507.0,,,,,,,,New,NotFound,,mobile safari generic,,,,F,F,F,T,mobile,
3022106,-5.0,388470.0,,,0.0,-9.0,,,,,100.0,NotFound,52.0,,New,NotFound,225.0,,427.0,595.0,,,,,,,,New,NotFound,,chrome 62.0,,,,F,F,T,T,desktop,Windows
3022041,0.0,244577.0,,,12.0,-29.0,,,,,100.0,NotFound,,,New,NotFound,225.0,15.0,417.0,507.0,,,,,,,,New,NotFound,,chrome 61.0 for android,,,,F,F,T,T,mobile,5054N
3022152,-20.0,135613.0,,,5.0,-33.0,,,,,100.0,NotFound,49.0,,Unknown,,225.0,15.0,266.0,507.0,,,,,,,,New,NotFound,,mobile safari 11.0,,,,F,F,F,T,mobile,
3018410,-15.0,,,,,,,,,,,NotFound,14.0,,,,,,,,,,,,,,,,,,,,,,,,,,,
3029732,0.0,76338.0,,,21.0,-18.0,,,,,100.0,NotFound,,-360.0,New,NotFound,166.0,12.0,321.0,214.0,,,,,,,,New,NotFound,iOS 11.1.2,mobile safari 11.0,32.0,2208x1242,match_status:1,T,F,T,T,mobile,iOS Device
3022270,-25.0,122916.0,,,0.0,0.0,,,0.0,0.0,95.08000183105467,NotFound,63.0,,Unknown,,225.0,,427.0,325.0,,,,,,,,Found,Found,,chrome 62.0,,,,F,F,F,T,desktop,Windows
3022324,-5.0,210506.0,0.0,0.0,0.0,0.0,,,0.0,0.0,100.0,NotFound,52.0,,Found,Found,225.0,,266.0,325.0,,,,,,,,Found,Found,,chrome 61.0,,,,F,F,T,T,desktop,Windows
3022259,-5.0,245986.0,0.0,0.0,0.0,0.0,,,0.0,0.0,100.0,NotFound,52.0,,Found,Found,225.0,,574.0,507.0,,,,,,,,Found,Found,,chrome 62.0,,,,F,F,T,T,desktop,
3022375,0.0,280233.0,,,0.0,0.0,,,,,100.0,NotFound,,,New,NotFound,225.0,,427.0,507.0,,,,,,,,New,NotFound,,chrome 62.0 for android,,,,F,F,T,T,mobile,F3213 Build/36.1.A.1.86
3018598,-15.0,,,,,,,,,,,NotFound,14.0,,,,,,,,,,,,,,,,,,,,,,,,,,,
3022349,-15.0,41327.0,0.0,0.0,0.0,-13.0,,,0.0,0.0,100.0,NotFound,52.0,,Found,Found,225.0,,146.0,561.0,,,,,,,,Found,Found,,chrome 61.0,,,,F,F,T,T,desktop,Windows
3022445,-40.0,183348.0,0.0,-4.0,0.0,-11.0,,,0.0,-4.0,100.0,NotFound,18.0,,Found,Found,225.0,,290.0,315.0,,,,,,,,Found,Found,,chrome 60.0 for android,,,,F,F,T,T,mobile,CAM-L03 Build/HUAWEICAM-L03
3022402,-15.0,,,,,,,,,,,NotFound,20.0,,,,,,,,,,,,,,,,,,,,,,,,,,,
3022456,-45.0,224140.0,,,0.0,0.0,,,,,100.0,NotFound,52.0,,New,NotFound,225.0,,153.0,325.0,,,,,,,,New,NotFound,,chrome 62.0,,,,F,F,T,T,desktop,Windows
3022545,-5.0,230259.0,0.0,0.0,0.0,0.0,,,0.0,0.0,100.0,NotFound,52.0,,Found,Found,225.0,,266.0,122.0,,,,,,,,Found,Found,,chrome 63.0,,,,F,F,T,T,desktop,
3022731,-5.0,590971.0,0.0,0.0,0.0,0.0,,,0.0,0.0,100.0,NotFound,52.0,,Found,Found,225.0,,153.0,563.0,,,,,,,,Found,Found,,edge 16.0,,,,F,F,T,T,desktop,Windows
3022623,0.0,136782.0,0.0,0.0,12.0,-52.0,,,0.0,0.0,100.0,NotFound,20.0,,Found,Found,225.0,15.0,266.0,507.0,,,,,,,,Found,Found,,mobile safari 10.0,,,,F,F,T,T,mobile,
3022777,-5.0,14207.0,,,0.0,0.0,,,,,100.0,NotFound,52.0,-300.0,New,NotFound,166.0,,633.0,533.0,,,,,,,,New,NotFound,Windows 8.1,chrome 62.0,24.0,1600x900,match_status:2,T,F,T,T,desktop,Windows
3022704,-5.0,93148.0,0.0,0.0,0.0,0.0,,,0.0,0.0,100.0,Found,52.0,-300.0,Found,Found,166.0,,633.0,533.0,,,,,,,,Found,Found,Windows 8.1,chrome 62.0,24.0,1600x900,match_status:2,T,F,T,T,desktop,Windows
3030290,-5.0,101695.0,0.0,0.0,0.0,0.0,,,0.0,0.0,100.0,Found,52.0,-300.0,Found,Found,166.0,,410.0,500.0,,,,,,,,Found,Found,Windows 10,firefox 57.0,24.0,1600x900,match_status:2,T,F,T,T,desktop,Windows
3022865,-35.0,306005.0,,,0.0,0.0,,,,,100.0,NotFound,52.0,60.0,New,NotFound,225.0,,176.0,507.0,,,,,,,,New,NotFound,,chrome 49.0,,,,F,T,T,F,desktop,
3026787,-5.0,57479.0,0.0,0.0,21.0,-30.0,,,0.0,0.0,100.0,NotFound,52.0,-300.0,Found,Found,166.0,15.0,523.0,549.0,,,,,,,,Found,Found,Windows 7,firefox 52.0,24.0,1920x1080,match_status:2,T,F,T,F,desktop,rv:52.0
3034459,0.0,118464.0,,,0.0,0.0,,,0.0,0.0,100.0,Found,,-300.0,New,NotFound,166.0,13.0,100.0,533.0,,,,,,,,Found,Found,iOS 9.3.5,mobile safari 9.0,32.0,1024x768,match_status:1,T,F,T,T,mobile,iOS Device
3022953,-40.0,292753.0,0.0,0.0,4.0,-43.0,,,0.0,0.0,100.0,NotFound,43.0,,Found,Found,225.0,15.0,384.0,507.0,,,,,,,,Found,Found,,chrome 62.0 for android,,,,F,F,T,T,mobile,ALE-L23 Build/HuaweiALE-L23
3042672,0.0,80712.0,,,0.0,0.0,,,,,100.0,NotFound,,,New,NotFound,225.0,,290.0,401.0,,,,,,,,New,NotFound,,chrome 62.0 for android,,,,F,F,T,T,mobile,SM-P350 Build/MMB29M
3023206,-100.0,276851.0,0.0,0.0,-2.0,-25.0,,,0.0,0.0,100.0,NotFound,49.0,,Found,Found,225.0,15.0,345.0,507.0,,,,,,,,Found,Found,,chrome 50.0 for android,,,,F,F,T,F,mobile,HUAWEI CUN-L03 Build/HUAWEICUN-L03
3030697,-5.0,11555.0,,,0.0,0.0,,,,,100.0,NotFound,52.0,-300.0,New,NotFound,166.0,,529.0,256.0,,,,,,,,New,NotFound,Windows 10,edge 15.0,24.0,1680x1050,match_status:1,T,F,T,T,desktop,Windows
3023270,-10.0,341783.0,,,15.0,-47.0,,,0.0,0.0,96.72000122070312,NotFound,52.0,,New,NotFound,166.0,15.0,410.0,214.0,,,,,,,,Found,Found,,chrome 62.0,,,,F,F,T,T,desktop,Windows
3023219,-5.0,206405.0,0.0,0.0,0.0,0.0,,,0.0,0.0,100.0,NotFound,52.0,,Found,Found,225.0,,266.0,507.0,,,,,,,,Found,Found,,firefox 57.0,,,,F,F,T,T,desktop,Windows
3030837,0.0,17572.0,,,0.0,0.0,,,,,100.0,NotFound,,-360.0,New,NotFound,166.0,,397.0,146.0,,,,,,,,New,NotFound,Windows 7,ie 11.0 for desktop,24.0,1440x900,match_status:2,T,T,T,T,desktop,MDDRJS
3023323,-5.0,326473.0,,,1.0,0.0,,,,,100.0,NotFound,52.0,,New,NotFound,225.0,,427.0,563.0,,,,,,,,New,NotFound,,chrome 63.0,,,,F,F,T,T,desktop,
3023384,-5.0,431269.0,1.0,0.0,1.0,0.0,,,1.0,0.0,100.0,NotFound,52.0,,Found,Found,225.0,15.0,266.0,340.0,,,,,,,,Found,Found,,chrome 62.0,,,,F,F,T,T,desktop,Windows
3023401,0.0,234080.0,,,0.0,0.0,,,,,100.0,NotFound,20.0,,New,NotFound,225.0,,266.0,507.0,,,,,,,,New,NotFound,,chrome 62.0,,,,F,F,T,T,desktop,
3023469,-20.0,258119.0,0.0,0.0,0.0,0.0,,,0.0,0.0,100.0,NotFound,52.0,,Found,Found,225.0,,427.0,325.0,,,,,,,,Found,Found,,chrome 62.0,,,,F,F,T,T,desktop,Windows
3023492,-5.0,369204.0,,,0.0,0.0,,,,,100.0,NotFound,52.0,,New,NotFound,225.0,,153.0,541.0,,,,,,,,New,NotFound,,chrome 62.0,,,,F,F,T,T,desktop,
3023541,-5.0,220962.0,,,0.0,0.0,,,,,100.0,NotFound,52.0,,New,NotFound,225.0,,176.0,507.0,,,,,,,,New,NotFound,,chrome 62.0,,,,F,F,T,T,desktop,
3023536,0.0,189067.0,,,2.0,-9.0,,,,,100.0,NotFound,,,New,NotFound,225.0,15.0,574.0,417.0,,,,,,,,New,NotFound,,chrome 62.0 for android,,,,F,F,T,T,mobile,LG-H650 Build/MRA58K
3023622,-5.0,200674.0,0.0,0.0,0.0,0.0,,,0.0,0.0,100.0,NotFound,52.0,,Found,Found,225.0,,266.0,325.0,,,,,,,,Found,Found,,chrome 62.0,,,,F,F,T,T,desktop,Windows
3023593,-5.0,95744.0,0.0,0.0,0.0,0.0,,,0.0,0.0,100.0,NotFound,52.0,,Found,Found,225.0,,266.0,325.0,,,,,,,,Found,Found,,chrome 62.0,,,,F,F,T,T,desktop,Windows
3023668,-5.0,274519.0,,,0.0,0.0,,,,,100.0,NotFound,52.0,,New,NotFound,225.0,,427.0,563.0,,,,,,,,New,NotFound,,chrome 62.0,,,,F,F,T,T,desktop,Windows
3023611,0.0,160572.0,,,-6.0,-26.0,,,,,100.0,NotFound,,,New,NotFound,225.0,15.0,384.0,561.0,,,,,,,,New,NotFound,,mobile safari 11.0,,,,F,F,T,T,mobile,
3023687,0.0,351906.0,,,0.0,0.0,,,,,100.0,NotFound,,,New,NotFound,225.0,,427.0,563.0,,,,,,,,New,NotFound,,chrome 62.0 for android,,,,F,F,T,T,mobile,SAMSUNG-SGH-I337 Build/KOT49H
3023706,0.0,395767.0,,,0.0,0.0,,,,,100.0,NotFound,,,New,NotFound,225.0,,427.0,325.0,,,,,,,,New,NotFound,,chrome 62.0 for android,,,,F,F,T,T,mobile,LG-K220 Build/MXB48T
3023734,-5.0,191145.0,,,0.0,0.0,,,,,100.0,NotFound,52.0,,New,NotFound,225.0,,427.0,507.0,,,,,,,,New,NotFound,,opera 49.0,,,,F,F,T,T,desktop,
3023780,0.0,161838.0,0.0,0.0,0.0,0.0,,,0.0,0.0,100.0,NotFound,,,Found,Found,225.0,,427.0,325.0,,,,,,,,Found,Found,,chrome 62.0 for android,,,,F,F,T,T,mobile,LG-K220 Build/MXB48T
3023804,0.0,119613.0,0.0,0.0,0.0,0.0,,,0.0,0.0,100.0,NotFound,,,Found,Found,225.0,,427.0,563.0,,,,,,,,Found,Found,,chrome 62.0 for android,,,,F,F,T,T,mobile,SAMSUNG-SGH-I337 Build/KOT49H
3023845,-30.0,372915.0,2.0,0.0,4.0,-4.0,,,2.0,0.0,100.0,NotFound,52.0,,Found,Found,225.0,,266.0,507.0,,,,,,,,Found,Found,,edge 15.0,,,,F,F,T,T,desktop,
3023763,-5.0,245941.0,,,0.0,0.0,,,,,100.0,NotFound,52.0,,New,NotFound,225.0,,427.0,411.0,,,,,,,,New,NotFound,,chrome 63.0,,,,F,F,T,T,desktop,
3023794,0.0,90771.0,0.0,0.0,0.0,0.0,,,0.0,0.0,100.0,NotFound,,,Found,Found,225.0,,427.0,563.0,,,,,,,,Found,Found,,chrome 62.0 for android,,,,F,F,T,T,mobile,SAMSUNG-SGH-I337 Build/KOT49H
3023767,0.0,175037.0,0.0,0.0,0.0,0.0,,,0.0,0.0,100.0,NotFound,43.0,,Found,Found,225.0,,427.0,563.0,,,,,,,,Found,Found,,chrome 62.0 for android,,,,F,F,T,T,mobile,SAMSUNG-SGH-I337 Build/KOT49H
3023787,-5.0,378253.0,0.0,0.0,0.0,0.0,,,0.0,0.0,100.0,NotFound,43.0,,Found,Found,225.0,,427.0,563.0,,,,,,,,Found,Found,,chrome 62.0 for android,,,,F,F,T,T,mobile,SAMSUNG-SGH-I337 Build/KOT49H
3023836,-5.0,500114.0,0.0,0.0,0.0,0.0,,,0.0,0.0,100.0,NotFound,43.0,,Found,Found,225.0,,427.0,563.0,,,,,,,,Found,Found,,chrome 62.0 for android,,,,F,F,T,T,mobile,SAMSUNG-SGH-I337 Build/KOT49H
3023826,-5.0,81727.0,0.0,0.0,0.0,0.0,,,0.0,0.0,100.0,NotFound,24.0,,Found,Found,225.0,,427.0,563.0,,,,,,,,Found,Found,,chrome 62.0 for android,,,,F,F,T,T,mobile,SAMSUNG-SGH-I337 Build/KOT49H
3023872,-20.0,367997.0,,,0.0,0.0,,,,,100.0,NotFound,52.0,,New,NotFound,225.0,,290.0,401.0,,,,,,,,New,NotFound,,chrome 62.0,,,,F,F,T,T,desktop,Windows
3023891,-5.0,330267.0,0.0,0.0,0.0,0.0,,,0.0,0.0,100.0,NotFound,43.0,,Found,Found,225.0,,427.0,563.0,,,,,,,,Found,Found,,chrome 62.0 for android,,,,F,F,T,T,mobile,SAMSUNG-SGH-I337 Build/KOT49H
3023960,-15.0,443867.0,,,0.0,0.0,,,,,100.0,NotFound,35.0,,New,NotFound,225.0,,266.0,507.0,,,,,,,,New,NotFound,,chrome 61.0 for android,,,,F,F,T,T,mobile,5054N
3023895,0.0,59167.0,0.0,0.0,0.0,0.0,,,0.0,0.0,100.0,NotFound,20.0,-480.0,Found,Found,225.0,,266.0,315.0,,,,,,,,Found,Found,,ie 11.0 for desktop,,,,F,T,T,T,desktop,Trident/7.0
3043674,0.0,155167.0,,,0.0,0.0,,,,,100.0,NotFound,,,New,NotFound,225.0,,266.0,305.0,,,,,,,,New,NotFound,,chrome 62.0 for android,,,,F,F,T,T,mobile,SM-J700M Build/MMB29K
3024069,-5.0,263246.0,,,0.0,0.0,,,,,100.0,NotFound,52.0,,New,NotFound,225.0,,290.0,401.0,,,,,,,,New,NotFound,,chrome 62.0,,,,F,F,T,T,desktop,Windows
3024136,-5.0,251121.0,3.0,0.0,6.0,-5.0,,,3.0,0.0,100.0,NotFound,52.0,,Found,Found,225.0,,266.0,325.0,,,,,,,,Found,Found,,chrome 62.0,,,,F,F,T,T,desktop,Windows
3024018,-5.0,98056.0,0.0,0.0,0.0,0.0,,,0.0,0.0,100.0,NotFound,52.0,,Found,Found,225.0,,290.0,401.0,,,,,,,,Found,Found,,chrome 62.0,,,,F,F,T,T,desktop,Windows
3024049,-20.0,149789.0,,,0.0,0.0,,,,,100.0,NotFound,49.0,,Unknown,,225.0,,427.0,563.0,,,,,,,,New,NotFound,,mobile safari 9.0,,,,F,F,F,F,mobile,
3024142,0.0,164016.0,,,0.0,0.0,,,,,100.0,NotFound,,,New,NotFound,225.0,,427.0,223.0,,,,,,,,New,NotFound,,chrome generic,,,,F,F,T,T,mobile,Moto G (4) Build/NPJS25.93-14-10
3024272,-5.0,92768.0,0.0,0.0,0.0,0.0,,,0.0,0.0,100.0,NotFound,52.0,,Found,Found,225.0,,266.0,595.0,,,,,,,,Found,Found,,chrome 63.0,,,,F,F,T,T,desktop,
3024270,-5.0,86558.0,0.0,0.0,0.0,0.0,,,0.0,0.0,100.0,NotFound,52.0,,Found,Found,225.0,,266.0,595.0,,,,,,,,Found,Found,,chrome 63.0,,,,F,F,T,T,desktop,
3028123,-5.0,268158.0,,,0.0,0.0,,,,,100.0,NotFound,49.0,-300.0,New,NotFound,166.0,,542.0,368.0,,,,,,,,New,NotFound,iOS 11.1.2,mobile safari 11.0,32.0,1334x750,match_status:1,T,F,F,F,mobile,iOS Device
3024252,-10.0,90599.0,0.0,0.0,0.0,0.0,,,0.0,0.0,100.0,NotFound,52.0,,Found,Found,225.0,,266.0,595.0,,,,,,,,Found,Found,,chrome 63.0,,,,F,F,T,T,desktop,
3024219,-10.0,82447.0,0.0,0.0,0.0,0.0,,,0.0,0.0,100.0,NotFound,52.0,,Found,Found,225.0,,266.0,595.0,,,,,,,,Found,Found,,chrome 63.0,,,,F,F,T,T,desktop,
3024234,-10.0,120805.0,0.0,0.0,0.0,0.0,,,0.0,0.0,100.0,NotFound,52.0,,Found,Found,225.0,,266.0,595.0,,,,,,,,Found,Found,,chrome 63.0,,,,F,F,T,T,desktop,
3024391,-5.0,450644.0,0.0,0.0,1.0,0.0,,,0.0,0.0,100.0,NotFound,52.0,,Found,Found,225.0,,254.0,507.0,,,,,,,,Found,Found,,chrome 61.0,,,,F,F,T,T,desktop,Windows
3024405,-5.0,281276.0,0.0,0.0,0.0,0.0,,,0.0,0.0,100.0,NotFound,52.0,,Found,Found,225.0,,290.0,401.0,,,,,,,,Found,Found,,chrome 62.0,,,,F,F,T,T,desktop,Windows
3024444,0.0,337826.0,,,0.0,-1.0,,,,,100.0,NotFound,20.0,,New,NotFound,225.0,,271.0,507.0,,,,,,,,New,NotFound,,chrome 60.0,,,,F,F,T,T,desktop,
3024530,-5.0,84088.0,,,0.0,0.0,,,0.0,0.0,95.08000183105467,NotFound,52.0,,New,NotFound,225.0,,266.0,507.0,,,,,,,,Found,Found,,edge 16.0,,,,F,F,T,T,desktop,Windows
3024575,-5.0,123086.0,,,7.0,-14.0,,,,,100.0,NotFound,49.0,,New,NotFound,225.0,15.0,266.0,563.0,,,,,,,,New,NotFound,,Samsung/SM-G531H,,,,F,F,T,F,mobile,SAMSUNG SM-G531H Build/LMY48B
3024579,-90.0,457613.0,,,3.0,-34.0,,,,,100.0,NotFound,44.0,,New,NotFound,225.0,15.0,345.0,561.0,,,,,,,,New,NotFound,,chrome 63.0 for android,,,,F,F,T,T,mobile,SM-G928G Build/NRD90M
3024653,-5.0,230650.0,0.0,0.0,0.0,0.0,,,0.0,0.0,100.0,NotFound,52.0,,Found,Found,225.0,,176.0,507.0,,,,,,,,Found,Found,,chrome 62.0,,,,F,F,T,T,desktop,Windows
3044424,-5.0,522735.0,,,0.0,0.0,,,,,100.0,NotFound,52.0,,New,NotFound,225.0,,290.0,401.0,,,,,,,,New,NotFound,,chrome 62.0,,,,F,F,T,T,desktop,Windows
3024694,0.0,344600.0,,,0.0,0.0,,,,,100.0,NotFound,,,New,NotFound,225.0,,266.0,469.0,,,,,,,,New,NotFound,,chrome 60.0 for android,,,,F,F,T,T,mobile,Hisense L675 Build/MRA58K
3024666,-5.0,182829.0,0.0,0.0,0.0,0.0,,,0.0,0.0,100.0,NotFound,52.0,,Found,Found,225.0,,176.0,507.0,,,,,,,,Found,Found,,chrome 62.0,,,,F,F,T,T,desktop,Windows
3024732,-90.0,535626.0,0.0,0.0,0.0,-28.0,,,0.0,0.0,100.0,NotFound,44.0,,Found,Found,225.0,15.0,345.0,507.0,,,,,,,,Found,Found,,chrome 62.0,,,,F,F,T,T,desktop,
3024743,-20.0,233327.0,,,0.0,0.0,,,,,100.0,NotFound,49.0,,Unknown,,225.0,,266.0,122.0,,,,,,,,New,NotFound,,mobile safari 10.0,,,,F,F,F,T,mobile,
3028589,-5.0,60034.0,,,0.0,0.0,,,,,100.0,NotFound,49.0,-300.0,New,NotFound,166.0,15.0,100.0,549.0,,,,,,,,New,NotFound,iOS 10.2.1,mobile safari 10.0,32.0,2001x1125,match_status:1,T,F,F,T,mobile,iOS Device
3024915,-5.0,612725.0,,,0.0,0.0,,,,,100.0,NotFound,52.0,,New,NotFound,225.0,,266.0,469.0,,,,,,,,New,NotFound,,chrome 62.0,,,,F,F,T,T,desktop,Windows
3024936,-5.0,472237.0,0.0,0.0,0.0,0.0,,,0.0,0.0,100.0,NotFound,52.0,,Found,Found,225.0,,266.0,305.0,,,,,,,,Found,Found,,chrome 62.0,,,,F,F,T,T,desktop,Windows
3024961,-40.0,278855.0,,,1.0,0.0,,,,,100.0,NotFound,20.0,,New,NotFound,225.0,,427.0,507.0,,,,,,,,New,NotFound,,chrome 63.0 for android,,,,F,F,T,T,mobile,ALE-L23 Build/HuaweiALE-L23
3036519,-25.0,270685.0,,,0.0,-10.0,,,0.0,0.0,93.5500030517578,NotFound,49.0,,Unknown,,121.0,,410.0,426.0,,,,,,,,Found,Found,,safari generic,,,,F,F,F,T,desktop,
3024996,-20.0,441890.0,,,12.0,-100.0,,,,,100.0,NotFound,49.0,,Unknown,,225.0,13.0,266.0,507.0,,,,,,,,New,NotFound,,mobile safari 11.0,,,,F,F,F,T,mobile,
3044855,-5.0,222101.0,0.0,0.0,-5.0,-5.0,,,0.0,0.0,100.0,NotFound,52.0,-300.0,Found,Found,166.0,,621.0,500.0,,,,,,,,Found,Found,Windows 8.1,chrome 62.0,24.0,1600x900,match_status:2,T,F,T,F,desktop,Windows
3025057,-40.0,108471.0,,,1.0,-13.0,,,,,100.0,NotFound,18.0,,New,NotFound,225.0,,417.0,507.0,,,,,,,,New,NotFound,,chrome 62.0 for android,,,,F,F,T,T,mobile,PRA-LX3 Build/HUAWEIPRA-LX3
3025105,-20.0,123752.0,,,24.0,-32.0,,,,,100.0,NotFound,49.0,,Unknown,,225.0,15.0,417.0,507.0,,,,,,,,New,NotFound,,mobile safari 11.0,,,,F,F,F,T,mobile,
3029189,0.0,192345.0,0.0,0.0,2.0,-21.0,,,0.0,0.0,100.0,NotFound,,-300.0,Found,Found,166.0,13.0,529.0,549.0,,,,,,,,Found,Found,Windows 7,ie 11.0 for desktop,24.0,1920x1080,match_status:2,T,T,T,T,desktop,Trident/7.0
3029206,0.0,28767.0,0.0,0.0,2.0,-21.0,,,0.0,0.0,100.0,Found,,-300.0,Found,Found,166.0,13.0,529.0,549.0,,,,,,,,Found,Found,Windows 7,ie 11.0 for desktop,24.0,1920x1080,match_status:2,T,T,T,T,desktop,Trident/7.0
3029194,0.0,43247.0,0.0,0.0,0.0,-21.0,,,0.0,0.0,100.0,NotFound,,-300.0,Found,Found,166.0,13.0,529.0,549.0,,,,,,,,Found,Found,Windows 7,ie 11.0 for desktop,24.0,1920x1080,match_status:2,T,T,T,T,desktop,Trident/7.0
3025610,-5.0,406250.0,1.0,0.0,0.0,0.0,,,1.0,0.0,100.0,NotFound,52.0,,Found,Found,225.0,,380.0,561.0,,,,,,,,Found,Found,,edge 15.0,,,,F,F,T,T,desktop,
3025566,-5.0,110139.0,1.0,0.0,0.0,0.0,,,1.0,0.0,100.0,NotFound,52.0,,Found,Found,225.0,,380.0,561.0,,,,,,,,Found,Found,,edge 15.0,,,,F,F,T,T,desktop,
3029603,0.0,67231.0,,,0.0,-11.0,,,,,100.0,NotFound,,-300.0,New,NotFound,166.0,15.0,335.0,549.0,,,,,,,,New,NotFound,Windows 7,chrome 55.0,24.0,1920x1080,match_status:2,T,T,T,T,desktop,Windows
3025829,0.0,263216.0,,,0.0,-10.0,,,,,100.0,NotFound,20.0,,New,NotFound,225.0,15.0,254.0,507.0,,,,,,,,New,NotFound,,chrome 58.0 for android,,,,F,F,T,T,mobile,MotoG3 Build/MPIS24.107-55-2-17
3029612,0.0,75285.0,0.0,0.0,0.0,-11.0,,,0.0,0.0,100.0,Found,,-300.0,Found,Found,166.0,15.0,335.0,549.0,,,,,,,,Found,Found,Windows 7,chrome 55.0,24.0,1920x1080,match_status:2,T,T,T,T,desktop,Windows
3025832,-5.0,40615.0,0.0,0.0,0.0,0.0,,,0.0,0.0,100.0,NotFound,24.0,-360.0,Found,Found,225.0,,176.0,507.0,,,,,,,,Found,Found,,firefox,,,,F,T,T,T,desktop,rv:52.0
3025834,0.0,118220.0,,,0.0,0.0,,,0.0,0.0,96.72000122070312,NotFound,,,New,NotFound,225.0,,574.0,507.0,,,,,,,,Found,Found,,chrome 62.0,,,,F,F,T,T,desktop,
3025863,-5.0,59574.0,0.0,0.0,0.0,0.0,,,0.0,0.0,100.0,NotFound,24.0,-360.0,Found,Found,225.0,,176.0,507.0,,,,,,,,Found,Found,,firefox,,,,F,T,T,T,desktop,rv:52.0
3025945,-5.0,418675.0,,,0.0,0.0,,,,,100.0,NotFound,52.0,,New,NotFound,225.0,,266.0,638.0,,,,,,,,New,NotFound,,chrome 62.0,,,,F,F,T,T,desktop,
3026091,-5.0,287047.0,,,0.0,0.0,,,,,100.0,NotFound,52.0,,New,NotFound,225.0,,271.0,507.0,,,,,,,,New,NotFound,,chrome 62.0,,,,F,F,T,T,desktop,
3026037,-5.0,320957.0,,,0.0,0.0,,,,,100.0,NotFound,52.0,,New,NotFound,225.0,,427.0,507.0,,,,,,,,New,NotFound,,chrome 63.0,,,,F,F,T,T,desktop,
3029913,-15.0,,,,,,,,,,,NotFound,14.0,,,,,,,,,,,,,,,,,,,,,,,,,,,
3033866,-5.0,50496.0,3.0,0.0,0.0,0.0,,,3.0,0.0,100.0,NotFound,52.0,-360.0,Found,Found,166.0,,312.0,214.0,,,,,,,,Found,Found,Windows 10,chrome 62.0,24.0,2736x1824,match_status:2,T,F,T,T,desktop,Windows
3026164,-5.0,113712.0,0.0,0.0,0.0,0.0,,,0.0,0.0,100.0,NotFound,52.0,,Found,Found,225.0,,176.0,507.0,,,,,,,,Found,Found,,chrome 62.0,,,,F,F,T,T,desktop,Windows
3033818,-5.0,41234.0,,,3.0,-6.0,,,,,100.0,NotFound,49.0,-480.0,New,NotFound,166.0,15.0,352.0,549.0,,,,,,,,New,NotFound,iOS 11.1.2,mobile safari 11.0,32.0,2436x1125,match_status:1,T,F,F,T,mobile,iOS Device
3026203,-5.0,343881.0,0.0,0.0,0.0,0.0,,,0.0,0.0,100.0,NotFound,52.0,,Found,Found,225.0,,427.0,507.0,,,,,,,,Found,Found,,chrome 63.0,,,,F,F,T,T,desktop,
3034040,-5.0,50929.0,,,1.0,-4.0,,,,,100.0,NotFound,49.0,-300.0,New,NotFound,166.0,15.0,352.0,489.0,,,,,,,,New,NotFound,iOS 9.3.5,mobile safari 9.0,32.0,1024x768,match_status:1,T,F,F,T,mobile,iOS Device
3026464,0.0,216230.0,,,2.0,0.0,,,,,100.0,NotFound,20.0,,New,NotFound,225.0,,176.0,507.0,,,,,,,,New,NotFound,,chrome 62.0 for android,,,,F,F,T,T,mobile,F3113 Build/33.3.A.1.97
3026673,-20.0,104576.0,,,4.0,-6.0,,,,,100.0,NotFound,49.0,,Unknown,,225.0,15.0,271.0,507.0,,,,,,,,New,NotFound,,mobile safari 11.0,,,,F,F,F,T,mobile,
3026745,-5.0,314120.0,0.0,0.0,1.0,-10.0,,,0.0,0.0,100.0,NotFound,52.0,,Found,Found,225.0,,290.0,401.0,,,,,,,,Found,Found,,chrome 62.0,,,,F,F,T,T,desktop,Windows
3026782,-5.0,144471.0,0.0,0.0,0.0,-10.0,,,0.0,0.0,100.0,NotFound,52.0,,Found,Found,225.0,,290.0,401.0,,,,,,,,Found,Found,,chrome 62.0,,,,F,F,T,T,desktop,Windows
3026837,-40.0,121925.0,,,0.0,0.0,,,,,100.0,NotFound,18.0,,New,NotFound,225.0,,427.0,507.0,,,,,,,,New,NotFound,,chrome 62.0 for android,,,,F,F,T,T,mobile,PRA-LX3 Build/HUAWEIPRA-LX3
3030754,-5.0,58733.0,0.0,0.0,0.0,0.0,,,0.0,0.0,100.0,NotFound,49.0,-300.0,Found,Found,166.0,,215.0,107.0,,,,,,,,Found,Found,Mac OS X 10_13_1,chrome 63.0,24.0,2880x1800,match_status:2,T,F,T,F,desktop,MacOS
3026870,-15.0,596972.0,,,0.0,0.0,,,,,100.0,NotFound,35.0,-360.0,New,NotFound,225.0,,266.0,610.0,,,,,,,,New,NotFound,,ie 11.0 for desktop,,,,F,T,T,T,desktop,Trident/7.0
3027078,-20.0,301943.0,,,0.0,0.0,,,,,100.0,NotFound,49.0,,Unknown,,225.0,,427.0,507.0,,,,,,,,New,NotFound,,mobile safari 11.0,,,,F,F,F,T,mobile,
3027088,-20.0,384829.0,,,0.0,0.0,,,,,100.0,NotFound,49.0,,Unknown,,225.0,,427.0,507.0,,,,,,,,New,NotFound,,mobile safari 11.0,,,,F,F,F,T,mobile,
3027135,0.0,235120.0,,,-2.0,-25.0,,,,,100.0,NotFound,20.0,,New,NotFound,225.0,15.0,345.0,507.0,,,,,,,,New,NotFound,,chrome 62.0 for android,,,,F,F,T,T,mobile,HUAWEI RIO-L03 Build/HUAWEIRIO-L03
3023497,0.0,76695.0,0.0,0.0,0.0,0.0,,,0.0,0.0,100.0,NotFound,,-480.0,Found,Found,166.0,,548.0,222.0,,,,,,,,Found,Found,Mac OS X 10_13_1,chrome 62.0,24.0,1920x1080,match_status:2,T,F,T,T,desktop,MacOS
3023553,0.0,45872.0,0.0,0.0,0.0,0.0,,,0.0,0.0,100.0,Found,,-480.0,Found,Found,166.0,,548.0,222.0,,,,,,,,Found,Found,Mac OS X 10_13_1,chrome 62.0,24.0,1920x1080,match_status:2,T,F,T,T,desktop,MacOS
3027386,-5.0,310948.0,,,0.0,0.0,,,,,100.0,NotFound,49.0,,New,NotFound,225.0,,266.0,612.0,,,,,,,,New,NotFound,,other,,,,F,F,T,F,mobile,Android 5.1
3027383,-5.0,166758.0,0.0,0.0,0.0,0.0,,,0.0,0.0,100.0,NotFound,52.0,,Found,Found,225.0,,266.0,610.0,,,,,,,,Found,Found,,chrome 63.0,,,,F,F,T,T,desktop,Windows
3027500,0.0,173562.0,,,0.0,0.0,,,,,100.0,NotFound,,,New,NotFound,225.0,,266.0,566.0,,,,,,,,New,NotFound,,Samsung/SM-G532M,,,,F,F,T,T,mobile,SM-G532M Build/MMB29T
3027562,-15.0,,,,,,,,,,,NotFound,14.0,,,,,,,,,,,,,,,,,,,,,,,,,,,
3027533,-15.0,,,,,,,,,,,NotFound,14.0,,,,,,,,,,,,,,,,,,,,,,,,,,,
3027609,-15.0,,,,,,,,,,,NotFound,14.0,,,,,,,,,,,,,,,,,,,,,,,,,,,
3027612,-20.0,244530.0,,,3.0,-22.0,,,,,100.0,NotFound,49.0,,Unknown,,225.0,15.0,417.0,507.0,,,,,,,,New,NotFound,,mobile safari 11.0,,,,F,F,F,T,mobile,
3027516,-15.0,,,,,,,,,,,NotFound,14.0,,,,,,,,,,,,,,,,,,,,,,,,,,,
3027658,-5.0,70220.0,,,5.0,-8.0,,,,,100.0,NotFound,52.0,,Found,NotFound,225.0,,410.0,401.0,,,,,,,,Found,NotFound,,chrome 63.0,,,,F,F,T,T,desktop,
3027720,0.0,235226.0,,,11.0,-40.0,,,,,100.0,NotFound,,,New,NotFound,225.0,18.0,417.0,507.0,,,,,,,,New,NotFound,,chrome 62.0 for android,,,,F,F,T,T,mobile,SM-G950F Build/NRD90M
3027727,-20.0,299003.0,,,1.0,0.0,,,,,100.0,NotFound,52.0,-360.0,New,NotFound,225.0,,410.0,411.0,,,,,,,,New,NotFound,,chrome 49.0,,,,F,T,T,F,desktop,
3027804,-5.0,310904.0,,,0.0,0.0,,,,,100.0,NotFound,52.0,,New,NotFound,225.0,,266.0,566.0,,,,,,,,New,NotFound,,chrome 62.0,,,,F,F,T,T,desktop,Windows
3027887,-5.0,460529.0,,,0.0,0.0,,,,,100.0,NotFound,52.0,,New,NotFound,225.0,,427.0,507.0,,,,,,,,New,NotFound,,chrome 63.0,,,,F,F,T,T,desktop,Windows
3027846,-20.0,154847.0,,,8.0,-26.0,,,,,100.0,NotFound,49.0,,Unknown,,225.0,12.0,417.0,507.0,,,,,,,,New,NotFound,,mobile safari 11.0,,,,F,F,F,T,mobile,
3024194,-45.0,13977.0,-5.0,-5.0,24.0,-100.0,,,-5.0,-5.0,100.0,NotFound,52.0,-300.0,Found,Found,166.0,13.0,621.0,597.0,,,,,,,,Found,Found,Windows 10,chrome 62.0,24.0,3200x1800,match_status:2,T,F,T,T,desktop,Windows
3028025,-5.0,195461.0,0.0,0.0,0.0,0.0,,,0.0,0.0,100.0,NotFound,52.0,,Found,Found,225.0,,427.0,563.0,,,,,,,,Found,Found,,chrome 62.0,,,,F,F,T,T,desktop,Windows
3028104,-5.0,548767.0,,,1.0,-5.0,,,,,100.0,NotFound,52.0,,New,NotFound,225.0,,427.0,127.0,,,,,,,,New,NotFound,,chrome 62.0,,,,F,F,T,T,desktop,Windows
3028121,0.0,586118.0,0.0,0.0,5.0,0.0,,,0.0,0.0,100.0,NotFound,20.0,,Found,Found,225.0,,266.0,507.0,,,,,,,,Found,Found,,chrome 62.0 for android,,,,F,F,T,T,mobile,SM-A320Y Build/NRD90M
3028152,-5.0,374530.0,,,13.0,-33.0,,,,,100.0,NotFound,52.0,,New,NotFound,225.0,15.0,266.0,507.0,,,,,,,,New,NotFound,,chrome 61.0,,,,F,F,T,T,desktop,Windows
3028168,-5.0,138998.0,0.0,0.0,14.0,-33.0,,,0.0,0.0,100.0,NotFound,52.0,,Found,Found,225.0,15.0,266.0,507.0,,,,,,,,Found,Found,,chrome 61.0,,,,F,F,T,T,desktop,Windows
3024254,-25.0,18983.0,,,0.0,0.0,,,,,100.0,NotFound,63.0,-300.0,Unknown,,166.0,,409.0,533.0,,,,,,,,New,NotFound,Windows 10,chrome 62.0,24.0,1366x768,match_status:2,T,F,F,T,desktop,Windows
3028213,0.0,126990.0,,,1.0,-9.0,,,,,100.0,NotFound,,,New,NotFound,225.0,,417.0,507.0,,,,,,,,New,NotFound,,chrome 62.0 for android,,,,F,F,T,T,mobile,SM-J700M Build/MMB29K
3028197,-5.0,212569.0,,,4.0,0.0,,,,,100.0,NotFound,52.0,,New,NotFound,225.0,,153.0,595.0,,,,,,,,New,NotFound,,chrome 62.0,,,,F,F,T,T,desktop,
3028302,0.0,171732.0,,,5.0,-22.0,,,,,100.0,NotFound,,,New,NotFound,225.0,15.0,417.0,507.0,,,,,,,,New,NotFound,,chrome 62.0 for android,,,,F,F,T,T,mobile,HUAWEI
3028361,0.0,253914.0,,,4.0,-5.0,,,,,100.0,NotFound,,,Found,NotFound,225.0,,176.0,507.0,,,,,,,,Found,NotFound,,chrome 63.0 for android,,,,F,F,T,T,mobile,SM-J700M Build/MMB29K
3028507,-20.0,208235.0,,,0.0,0.0,,,0.0,0.0,95.08000183105467,NotFound,52.0,,New,NotFound,225.0,,254.0,507.0,,,,,,,,Found,Found,,firefox 57.0,,,,F,F,T,T,desktop,Windows
3028613,-20.0,167461.0,0.0,0.0,0.0,0.0,,,0.0,0.0,100.0,NotFound,52.0,,Found,Found,225.0,,266.0,595.0,,,,,,,,Found,Found,,chrome 62.0,,,,F,F,T,T,desktop,Windows
3028617,-50.0,389935.0,,,0.0,-11.0,,,,,100.0,NotFound,52.0,60.0,New,NotFound,225.0,,146.0,561.0,,,,,,,,New,NotFound,,ie 11.0 for desktop,,,,F,T,F,T,desktop,Trident/7.0
3028665,-5.0,167416.0,,,0.0,0.0,,,,,100.0,NotFound,52.0,,New,NotFound,225.0,,266.0,507.0,,,,,,,,New,NotFound,,chrome 62.0,,,,F,F,T,T,desktop,Windows
3028759,0.0,128504.0,,,-17.0,-27.0,,,,,100.0,NotFound,,,New,NotFound,225.0,15.0,384.0,507.0,,,,,,,,New,NotFound,,chrome 62.0 for android,,,,F,F,T,T,mobile,SM-G610M Build/MMB29K
3028757,-10.0,191279.0,,,0.0,-5.0,,,,,100.0,NotFound,22.0,,New,NotFound,225.0,,275.0,588.0,,,,,,,,New,NotFound,,chrome 62.0 for android,,,,F,F,T,T,mobile,SM-G610M Build/MMB29K
3029119,0.0,207645.0,,,-5.0,-27.0,,,,,100.0,NotFound,,,New,NotFound,225.0,15.0,417.0,507.0,,,,,,,,New,NotFound,,chrome 61.0 for android,,,,F,F,T,T,mobile,VerykoolS5030
3029288,-15.0,334796.0,,,0.0,0.0,,,,,100.0,NotFound,35.0,,New,NotFound,225.0,,427.0,325.0,,,,,,,,New,NotFound,,chrome 62.0 for android,,,,F,F,T,T,mobile,Ilium X710 Build/MRA58K
3037123,-5.0,218087.0,,,0.0,0.0,,,,,100.0,NotFound,52.0,-360.0,New,NotFound,166.0,,312.0,214.0,,,,,,,,New,NotFound,Windows 10,edge 16.0,24.0,,match_status:2,T,F,T,T,desktop,Windows
3033218,-5.0,92826.0,,,0.0,0.0,,,,,100.0,NotFound,52.0,-300.0,New,NotFound,166.0,13.0,529.0,549.0,,,,,,,,New,NotFound,Windows 7,chrome 62.0,24.0,1366x768,match_status:2,T,F,T,T,desktop,Windows
3037275,-20.0,128793.0,,,3.0,-40.0,33.0,-35.0,,,100.0,NotFound,15.0,-360.0,New,NotFound,166.0,12.0,317.0,214.0,252.0,14.0,IP_PROXY:TRANSPARENT,15.0,321.0,142.0,Found,New,NotFound,iOS 11.1.2,mobile safari 11.0,32.0,1334x750,match_status:1,T,F,T,T,mobile,iOS Device
3029503,0.0,137371.0,0.0,0.0,0.0,0.0,,,0.0,0.0,100.0,NotFound,20.0,,Found,Found,225.0,,266.0,507.0,,,,,,,,Found,Found,,chrome 59.0 for android,,,,F,F,T,T,mobile,LG-D693n Build/LRX22G
3029593,-20.0,112430.0,,,6.0,-32.0,,,,,100.0,NotFound,49.0,,Unknown,,225.0,15.0,266.0,507.0,,,,,,,,New,NotFound,,mobile safari 11.0,,,,F,F,F,T,mobile,
3037308,-20.0,659765.0,,,3.0,-40.0,23.0,-35.0,,,100.0,NotFound,15.0,-360.0,New,NotFound,166.0,12.0,317.0,214.0,252.0,14.0,IP_PROXY:TRANSPARENT,15.0,321.0,142.0,Found,New,NotFound,iOS 11.1.2,mobile safari 11.0,32.0,1334x750,match_status:1,T,F,T,T,mobile,iOS Device
3029622,-20.0,180676.0,0.0,0.0,0.0,0.0,,,0.0,0.0,100.0,NotFound,52.0,,Found,Found,225.0,,266.0,305.0,,,,,,,,Found,Found,,chrome 62.0,,,,F,F,T,T,desktop,Windows
3029686,-5.0,288936.0,,,0.0,0.0,,,,,100.0,NotFound,52.0,,New,NotFound,225.0,,153.0,401.0,,,,,,,,New,NotFound,,chrome 58.0,,,,F,F,T,T,desktop,
3029724,-15.0,162946.0,,,5.0,0.0,,,,,100.0,NotFound,35.0,,New,NotFound,225.0,,266.0,325.0,,,,,,,,New,NotFound,,chrome 62.0 for android,,,,F,F,T,T,mobile,SM-G610M Build/MMB29K
3029689,-15.0,107911.0,0.0,0.0,4.0,0.0,,,0.0,0.0,100.0,NotFound,20.0,,Found,Found,225.0,,176.0,223.0,,,,,,,,Found,Found,,chrome generic,,,,F,F,T,T,mobile,Moto G (4) Build/NPJ25.93-14.5
3029792,0.0,188315.0,,,0.0,-1.0,,,,,100.0,NotFound,,,New,NotFound,225.0,,153.0,541.0,,,,,,,,New,NotFound,,chrome 62.0 for android,,,,F,F,T,T,mobile,Moto C Build/NRD90M.063
3030035,-40.0,175628.0,,,13.0,-24.0,,,,,100.0,NotFound,18.0,,New,NotFound,225.0,15.0,417.0,507.0,,,,,,,,New,NotFound,,chrome 62.0 for android,,,,F,F,T,T,mobile,BLL-L23 Build/HUAWEIBLL-L23
3030040,0.0,629494.0,0.0,0.0,0.0,0.0,,,0.0,0.0,100.0,NotFound,20.0,,Found,Found,225.0,,574.0,507.0,,,,,,,,Found,Found,,chrome 62.0,,,,F,F,T,T,desktop,
3030125,-40.0,212940.0,,,0.0,0.0,,,,,100.0,NotFound,18.0,,New,NotFound,225.0,,417.0,507.0,,,,,,,,New,NotFound,,chrome 62.0 for android,,,,F,F,T,T,mobile,BLL-L23 Build/HUAWEIBLL-L23
3030322,-5.0,638009.0,,,0.0,0.0,,,,,100.0,NotFound,52.0,,New,NotFound,225.0,,271.0,507.0,,,,,,,,New,NotFound,,chrome 62.0,,,,F,F,T,T,desktop,Windows
3038361,0.0,36102.0,,,0.0,0.0,,,,,100.0,NotFound,,-360.0,New,NotFound,166.0,,312.0,214.0,,,,,,,,New,NotFound,iOS 11.1.2,mobile safari 11.0,32.0,2208x1242,match_status:1,T,F,T,T,mobile,iOS Device
3034425,0.0,16988.0,2.0,0.0,1.0,0.0,,,2.0,0.0,100.0,NotFound,,-300.0,Found,Found,166.0,,390.0,549.0,,,,,,,,Found,Found,Windows 10,ie 11.0 for tablet,24.0,,match_status:2,T,T,T,T,desktop,Trident/7.0
3034422,0.0,23549.0,2.0,0.0,1.0,0.0,,,2.0,0.0,100.0,Found,,-300.0,Found,Found,166.0,,390.0,549.0,,,,,,,,Found,Found,Windows 10,ie 11.0 for tablet,24.0,,match_status:2,T,T,T,T,desktop,Trident/7.0
3030515,0.0,84774.0,,,1.0,-100.0,,,,,100.0,NotFound,,,New,NotFound,225.0,15.0,266.0,563.0,,,,,,,,New,NotFound,,mobile safari 11.0,,,,F,F,T,T,mobile,
3030567,0.0,140077.0,0.0,0.0,0.0,-100.0,,,0.0,0.0,100.0,NotFound,43.0,,Found,Found,225.0,15.0,266.0,563.0,,,,,,,,Found,Found,,mobile safari 11.0,,,,F,F,T,T,mobile,
3034409,0.0,14209.0,0.0,0.0,0.0,0.0,,,0.0,0.0,100.0,NotFound,,-300.0,Found,Found,166.0,13.0,100.0,549.0,,,,,,,,Found,Found,iOS 11.1.1,mobile safari 11.0,32.0,2208x1242,match_status:1,T,F,T,T,mobile,iOS Device
3034421,0.0,42423.0,0.0,0.0,0.0,0.0,,,0.0,0.0,100.0,NotFound,,-300.0,Found,Found,166.0,13.0,100.0,549.0,,,,,,,,Found,Found,iOS 11.1.1,mobile safari 11.0,32.0,2208x1242,match_status:1,T,F,T,T,mobile,iOS Device
3030529,0.0,83384.0,,,0.0,-100.0,,,,,100.0,NotFound,,,New,NotFound,225.0,15.0,266.0,563.0,,,,,,,,New,NotFound,,mobile safari 11.0,,,,F,F,T,T,mobile,
3034533,-5.0,30696.0,,,0.0,0.0,,,,,100.0,NotFound,49.0,-300.0,New,NotFound,166.0,,100.0,549.0,,,,,,,,New,NotFound,iOS 10.3.1,mobile safari 10.0,32.0,2048x1536,match_status:1,T,F,F,T,mobile,iOS Device
3026939,-5.0,90529.0,,,8.0,-3.0,,,,,100.0,NotFound,52.0,-300.0,New,NotFound,166.0,15.0,622.0,600.0,,,,,,,,New,NotFound,Windows 10,chrome 63.0,24.0,1366x768,match_status:2,T,F,T,T,desktop,Windows
3026900,-5.0,25190.0,0.0,0.0,9.0,-3.0,,,0.0,0.0,100.0,Found,52.0,-300.0,Found,Found,166.0,15.0,622.0,600.0,,,,,,,,Found,Found,Windows 10,chrome 63.0,24.0,1366x768,match_status:2,T,F,T,T,desktop,Windows
3026955,-5.0,42050.0,0.0,0.0,9.0,-3.0,,,0.0,0.0,100.0,Found,52.0,-300.0,Found,Found,166.0,15.0,622.0,600.0,,,,,,,,Found,Found,Windows 10,chrome 63.0,24.0,1366x768,match_status:2,T,F,T,T,desktop,Windows
3030803,0.0,80690.0,0.0,0.0,4.0,-34.0,,,0.0,0.0,100.0,NotFound,20.0,,Found,Found,225.0,15.0,417.0,507.0,,,,,,,,Found,Found,,chrome 62.0 for android,,,,F,F,T,T,mobile,BLADE V8 SE Build/NRD90M
3030848,-20.0,219342.0,,,5.0,-27.0,,,,,100.0,NotFound,49.0,,Unknown,,225.0,15.0,266.0,507.0,,,,,,,,New,NotFound,,mobile safari 11.0,,,,F,F,F,T,mobile,
3034846,-5.0,87371.0,0.0,0.0,2.0,0.0,,,0.0,0.0,100.0,NotFound,52.0,-300.0,Found,Found,166.0,15.0,390.0,489.0,,,,,,,,Found,Found,Windows 10,chrome 62.0,24.0,1366x768,match_status:2,T,F,T,T,desktop,Windows
3030852,-20.0,165055.0,,,0.0,0.0,,,,,100.0,NotFound,49.0,,Unknown,,225.0,,266.0,507.0,,,,,,,,New,NotFound,,mobile safari 11.0,,,,F,F,F,T,mobile,
3027316,0.0,248501.0,0.0,0.0,0.0,0.0,,,0.0,0.0,100.0,NotFound,,-360.0,Found,Found,166.0,,312.0,214.0,,,,,,,,Found,Found,Android 7.0,firefox,24.0,2672x1440,match_status:2,T,F,T,T,mobile,LG-H871
3027317,0.0,41169.0,0.0,0.0,0.0,0.0,,,0.0,0.0,100.0,Found,,-360.0,Found,Found,166.0,,312.0,214.0,,,,,,,,Found,Found,Android 7.0,firefox,24.0,2672x1440,match_status:2,T,F,T,T,mobile,LG-H871
3031067,-5.0,129844.0,0.0,0.0,0.0,0.0,,,0.0,0.0,100.0,NotFound,52.0,,Found,Found,225.0,,153.0,325.0,,,,,,,,Found,Found,,firefox 57.0,,,,F,F,T,T,desktop,
3035052,-5.0,15957.0,,,0.0,0.0,,,,,100.0,NotFound,49.0,-300.0,New,NotFound,166.0,,390.0,549.0,,,,,,,,New,NotFound,iOS 10.3.3,mobile safari 10.0,32.0,2048x1536,match_status:1,T,F,F,T,mobile,iOS Device
3035077,0.0,183872.0,,,13.0,-5.0,,,,,100.0,NotFound,20.0,,New,NotFound,166.0,13.0,231.0,549.0,,,,,,,,New,NotFound,,chrome 62.0,,,,F,F,T,T,desktop,
3051675,-5.0,75132.0,0.0,0.0,0.0,0.0,,,0.0,0.0,100.0,NotFound,52.0,-480.0,Found,Found,166.0,,215.0,222.0,,,,,,,,Found,Found,Windows 10,chrome 62.0,24.0,1920x1080,match_status:2,T,F,T,T,desktop,Windows
3031394,-15.0,362210.0,,,4.0,-29.0,,,,,100.0,NotFound,35.0,,New,NotFound,225.0,13.0,417.0,507.0,,,,,,,,New,NotFound,,chrome 62.0 for android,,,,F,F,T,T,mobile,LG-K500 Build/MMB29M
3031363,0.0,295251.0,,,0.0,0.0,,,,,100.0,NotFound,,,New,NotFound,225.0,,266.0,507.0,,,,,,,,New,NotFound,,chrome 62.0 for android,,,,F,F,T,T,mobile,XT1032 Build/LPBS23.13-56-2
3031564,-5.0,149188.0,,,-3.0,-32.0,,,,,100.0,NotFound,49.0,,New,NotFound,225.0,15.0,266.0,507.0,,,,,,,,New,NotFound,,chrome,,,,F,F,T,F,mobile,LG-D693n Build/LRX22G
3031644,-15.0,,,,,,,,,,,NotFound,20.0,,,,,,,,,,,,,,,,,,,,,,,,,,,
3031684,0.0,152083.0,,,-7.0,-100.0,,,,,100.0,NotFound,20.0,,New,NotFound,225.0,13.0,266.0,507.0,,,,,,,,New,NotFound,,chrome 52.0 for android,,,,F,F,T,T,mobile,SM-G532M Build/MMB29T
3031676,-5.0,334770.0,,,0.0,0.0,,,,,100.0,NotFound,52.0,,New,NotFound,225.0,,266.0,610.0,,,,,,,,New,NotFound,,chrome 62.0,,,,F,F,T,T,desktop,Windows
3031677,-5.0,399662.0,0.0,0.0,0.0,-6.0,,,0.0,0.0,100.0,NotFound,52.0,,Found,Found,225.0,,176.0,507.0,,,,,,,,Found,Found,,chrome 62.0,,,,F,F,T,T,desktop,Windows
3031722,-10.0,114081.0,0.0,0.0,5.0,-11.0,,,0.0,0.0,100.0,NotFound,52.0,,Found,Found,166.0,12.0,667.0,214.0,,,,,,,,Found,Found,,chrome 63.0,,,,F,F,T,T,desktop,Windows
3035649,-5.0,64591.0,0.0,0.0,0.0,0.0,,,0.0,0.0,100.0,NotFound,52.0,-300.0,Found,Found,166.0,,390.0,549.0,,,,,,,,Found,Found,Windows 10,edge 14.0,24.0,,match_status:2,T,F,T,T,desktop,Windows
3031748,-5.0,270336.0,,,0.0,0.0,,,,,100.0,NotFound,52.0,,New,NotFound,225.0,,266.0,325.0,,,,,,,,New,NotFound,,chrome 62.0,,,,F,F,T,T,desktop,
3031770,-20.0,288487.0,,,0.0,0.0,,,,,100.0,NotFound,49.0,,New,NotFound,225.0,,176.0,507.0,,,,,,,,New,NotFound,,chrome generic,,,,F,F,T,F,mobile,XT1032 Build/KXB21.14-L1.40
3031812,-5.0,204744.0,0.0,0.0,0.0,0.0,,,0.0,0.0,100.0,NotFound,52.0,,Found,Found,225.0,,410.0,595.0,,,,,,,,Found,Found,,chrome 62.0,,,,F,F,T,T,desktop,Windows
3031806,-20.0,162883.0,,,0.0,0.0,,,,,100.0,NotFound,49.0,,Unknown,,225.0,,266.0,325.0,,,,,,,,New,NotFound,,mobile safari 11.0,,,,F,F,F,T,mobile,
3052360,-5.0,26553.0,3.0,0.0,-1.0,-5.0,,,3.0,0.0,100.0,NotFound,52.0,-300.0,Found,Found,166.0,,352.0,222.0,,,,,,,,Found,Found,Windows 10,edge 15.0,24.0,1280x1024,match_status:2,T,F,T,T,desktop,Windows
3039722,-25.0,22327.0,,,,,,,,,100.0,NotFound,63.0,-360.0,Unknown,,166.0,,529.0,214.0,,,,,,,,New,NotFound,Windows 10,chrome 62.0,24.0,1920x1080,match_status:2,T,F,F,T,desktop,Windows
3035770,0.0,131337.0,1.0,0.0,0.0,0.0,,,1.0,0.0,100.0,NotFound,,-300.0,Found,Found,166.0,,258.0,549.0,,,,,,,,Found,Found,iOS 11.1.2,mobile safari generic,32.0,1334x750,match_status:2,T,F,T,T,mobile,iOS Device
3031872,-5.0,225952.0,6.0,0.0,6.0,0.0,,,6.0,0.0,100.0,NotFound,52.0,,Found,Found,225.0,,254.0,507.0,,,,,,,,Found,Found,,chrome 62.0,,,,F,F,T,T,desktop,
3031912,-5.0,214316.0,6.0,0.0,8.0,0.0,,,6.0,0.0,100.0,NotFound,52.0,,Found,Found,225.0,,254.0,507.0,,,,,,,,Found,Found,,chrome 62.0,,,,F,F,T,T,desktop,
3031870,-5.0,101192.0,0.0,0.0,0.0,0.0,,,0.0,0.0,100.0,NotFound,52.0,,Found,Found,225.0,,153.0,563.0,,,,,,,,Found,Found,,chrome 63.0,,,,F,F,T,T,desktop,Windows
3031988,-5.0,408300.0,,,0.0,0.0,,,,,100.0,NotFound,52.0,,New,NotFound,225.0,,266.0,507.0,,,,,,,,New,NotFound,,edge 15.0,,,,F,F,T,T,desktop,Windows
3031985,-5.0,144563.0,0.0,0.0,0.0,0.0,,,0.0,0.0,100.0,NotFound,52.0,,Found,Found,225.0,,266.0,507.0,,,,,,,,Found,Found,,edge 16.0,,,,F,F,T,T,desktop,Windows
3040075,-5.0,453456.0,,,4.0,0.0,,,,,100.0,NotFound,49.0,-360.0,New,NotFound,166.0,,312.0,214.0,,,,,,,,New,NotFound,iOS 11.1.2,mobile safari 11.0,32.0,2048x1536,match_status:1,T,F,F,T,mobile,iOS Device
3032204,-20.0,92856.0,,,-4.0,-10.0,,,,,100.0,NotFound,49.0,,Unknown,,225.0,,266.0,507.0,,,,,,,,New,NotFound,,mobile safari 11.0,,,,F,F,F,T,mobile,
3040110,-5.0,667961.0,0.0,0.0,4.0,0.0,,,0.0,0.0,100.0,Found,49.0,-360.0,Found,Found,166.0,,312.0,214.0,,,,,,,,Found,Found,iOS 11.1.2,mobile safari 11.0,32.0,2048x1536,match_status:1,T,F,F,T,mobile,iOS Device
3052731,-5.0,159621.0,,,0.0,0.0,,,,,100.0,NotFound,49.0,-480.0,New,NotFound,166.0,,499.0,222.0,,,,,,,,New,NotFound,iOS 11.1.2,mobile safari 11.0,32.0,1334x750,match_status:1,T,F,F,T,mobile,iOS Device
3032257,-5.0,348699.0,,,0.0,0.0,,,,,100.0,NotFound,52.0,-360.0,New,NotFound,225.0,,270.0,417.0,,,,,,,,New,NotFound,,chrome 55.0,,,,F,T,F,T,desktop,
3040093,-5.0,662091.0,0.0,0.0,4.0,0.0,,,0.0,0.0,100.0,Found,49.0,-360.0,Found,Found,166.0,,312.0,214.0,,,,,,,,Found,Found,iOS 11.1.2,mobile safari 11.0,32.0,2048x1536,,T,F,F,T,mobile,iOS Device
3032274,0.0,253971.0,,,2.0,0.0,,,,,100.0,NotFound,20.0,,New,NotFound,225.0,,270.0,417.0,,,,,,,,New,NotFound,,chrome 62.0 for android,,,,F,F,T,T,mobile,SM-J700M Build/LMY48B
3032262,-5.0,361509.0,,,7.0,-15.0,,,,,100.0,NotFound,52.0,,New,NotFound,225.0,,484.0,507.0,,,,,,,,New,NotFound,,chrome 62.0,,,,F,F,T,T,desktop,
3032264,-5.0,173078.0,0.0,0.0,3.0,-15.0,,,0.0,0.0,100.0,NotFound,52.0,,Found,Found,225.0,,484.0,507.0,,,,,,,,Found,Found,,chrome 62.0,,,,F,F,T,T,desktop,
3032297,0.0,118832.0,,,2.0,-42.0,,,,,100.0,NotFound,20.0,,New,NotFound,225.0,13.0,266.0,563.0,,,,,,,,New,NotFound,,mobile safari 11.0,,,,F,F,T,T,mobile,
3032324,0.0,155174.0,,,0.0,0.0,,,,,100.0,NotFound,,,New,NotFound,225.0,15.0,290.0,401.0,,,,,,,,New,NotFound,,samsung browser 6.2,,,,F,F,T,T,mobile,SAMSUNG
3032294,-5.0,74921.0,0.0,0.0,0.0,0.0,,,0.0,0.0,100.0,NotFound,52.0,,Found,Found,225.0,,427.0,507.0,,,,,,,,Found,Found,,chrome 62.0,,,,F,F,T,T,desktop,Windows
3032304,-5.0,157538.0,0.0,0.0,0.0,0.0,,,0.0,0.0,100.0,NotFound,52.0,,Found,Found,225.0,,427.0,507.0,,,,,,,,Found,Found,,chrome 62.0,,,,F,F,T,T,desktop,Windows
3032371,-5.0,289330.0,0.0,0.0,0.0,0.0,,,0.0,0.0,100.0,NotFound,52.0,,Found,Found,225.0,,176.0,507.0,,,,,,,,Found,Found,,chrome 63.0,,,,F,F,T,T,desktop,Windows
3032328,-20.0,401747.0,,,0.0,-100.0,,,,,100.0,NotFound,49.0,,Unknown,,225.0,15.0,266.0,507.0,,,,,,,,New,NotFound,,mobile safari 11.0,,,,F,F,F,T,mobile,
3032410,-5.0,277969.0,,,0.0,0.0,,,,,100.0,NotFound,52.0,,New,NotFound,225.0,,427.0,507.0,,,,,,,,New,NotFound,,chrome 63.0,,,,F,F,T,T,desktop,Windows
3032452,-5.0,249020.0,0.0,0.0,5.0,-33.0,,,0.0,0.0,100.0,NotFound,52.0,,Found,Found,225.0,15.0,417.0,507.0,,,,,,,,Found,Found,,chrome 62.0,,,,F,F,T,T,desktop,Windows
3032458,-5.0,508548.0,,,0.0,0.0,,,,,100.0,NotFound,52.0,,New,NotFound,225.0,,427.0,541.0,,,,,,,,New,NotFound,,chrome 62.0,,,,F,F,T,T,desktop,
3032479,0.0,297189.0,0.0,0.0,0.0,0.0,,,0.0,0.0,100.0,NotFound,20.0,,Found,Found,225.0,,153.0,139.0,,,,,,,,Found,Found,,chrome generic,,,,F,F,T,T,mobile,Moto G (4) Build/NPJS25.93-14-10
3032549,-20.0,140130.0,,,0.0,0.0,,,,,100.0,NotFound,49.0,,Unknown,,225.0,,266.0,325.0,,,,,,,,New,NotFound,,chrome 62.0 for ios,,,,F,F,F,T,mobile,
3032573,0.0,197288.0,,,-4.0,-32.0,,,,,100.0,NotFound,,,New,NotFound,225.0,15.0,266.0,507.0,,,,,,,,New,NotFound,,chrome generic,,,,F,F,T,T,mobile,Moto G (5) Plus Build/NPN25.137-72
3032587,-15.0,118670.0,0.0,0.0,3.0,-82.0,,,0.0,0.0,100.0,NotFound,35.0,,Found,Found,225.0,15.0,266.0,507.0,,,,,,,,Found,Found,,chrome generic,,,,F,F,T,T,mobile,Moto G (5) Plus Build/NPN25.137-72
3032588,-15.0,83966.0,0.0,0.0,5.0,-82.0,,,0.0,0.0,100.0,NotFound,35.0,,Found,Found,225.0,15.0,266.0,507.0,,,,,,,,Found,Found,,chrome generic,,,,F,F,T,T,mobile,Moto G (5) Plus Build/NPN25.137-72
3040904,0.0,62561.0,,,0.0,0.0,,,2.0,0.0,94.29000091552734,NotFound,,-360.0,New,NotFound,166.0,,529.0,600.0,,,,,,,,Found,Found,Mac OS X 10_13_1,safari generic,24.0,5120x2880,match_status:2,T,F,T,T,desktop,MacOS
3036845,-25.0,35786.0,,,0.0,0.0,,,0.0,0.0,96.19000244140624,NotFound,63.0,-300.0,Unknown,,166.0,,100.0,549.0,,,,,,,,Found,Found,Windows 7,chrome 62.0,24.0,1366x768,match_status:2,T,F,F,T,desktop,Windows
3053646,0.0,212263.0,,,0.0,0.0,,,,,100.0,NotFound,,,New,NotFound,225.0,,237.0,497.0,,,,,,,,New,NotFound,,chrome 62.0 for android,,,,F,F,T,T,mobile,SM-G610M Build/MMB29K
3033202,-5.0,447260.0,0.0,0.0,2.0,-26.0,,,0.0,0.0,100.0,NotFound,52.0,,Found,Found,225.0,,150.0,507.0,,,,,,,,Found,Found,,chrome 62.0,,,,F,F,T,T,desktop,Windows
3033444,-20.0,90285.0,,,0.0,0.0,,,,,100.0,NotFound,49.0,,Unknown,,225.0,,266.0,595.0,,,,,,,,New,NotFound,,chrome 62.0 for android,,,,F,F,F,T,mobile,SM-T713 Build/NRD90M
3033471,-40.0,203769.0,,,-8.0,-100.0,,,,,100.0,NotFound,18.0,,New,NotFound,225.0,,417.0,507.0,,,,,,,,New,NotFound,,chrome 61.0 for android,,,,F,F,T,T,mobile,HUAWEI VNS-L53 Build/HUAWEIVNS-L53
3033750,0.0,400894.0,,,1.0,0.0,,,,,100.0,NotFound,,,New,NotFound,225.0,,254.0,507.0,,,,,,,,New,NotFound,,chrome 62.0 for android,,,,F,F,T,T,mobile,SM-G531H Build/LMY48B
3033791,-5.0,218811.0,,,0.0,0.0,,,,,100.0,NotFound,52.0,,New,NotFound,225.0,,427.0,507.0,,,,,,,,New,NotFound,,chrome 62.0,,,,F,F,T,T,desktop,Windows
3033776,-5.0,349157.0,0.0,0.0,0.0,0.0,,,0.0,0.0,100.0,NotFound,52.0,,Found,Found,225.0,,427.0,507.0,,,,,,,,Found,Found,,chrome 62.0,,,,F,F,T,T,desktop,Windows
3033767,-5.0,94228.0,0.0,0.0,0.0,0.0,,,0.0,0.0,100.0,NotFound,52.0,,Found,Found,225.0,,427.0,507.0,,,,,,,,Found,Found,,chrome 62.0,,,,F,F,T,T,desktop,Windows
3033929,-15.0,224517.0,,,2.0,-9.0,,,,,100.0,NotFound,20.0,,New,NotFound,225.0,15.0,417.0,507.0,,,,,,,,New,NotFound,,chrome 61.0 for android,,,,F,F,T,T,mobile,LG-X180g Build/LMY47I
3033892,-40.0,189578.0,,,0.0,0.0,,,,,100.0,NotFound,18.0,,New,NotFound,225.0,,266.0,507.0,,,,,,,,New,NotFound,,chrome 62.0 for android,,,,F,F,T,T,mobile,HUAWEI VNS-L23 Build/HUAWEIVNS-L23
3034147,-5.0,348878.0,,,0.0,0.0,,,,,100.0,NotFound,52.0,,New,NotFound,225.0,,266.0,507.0,,,,,,,,New,NotFound,,chrome 62.0,,,,F,F,T,T,desktop,
3034160,-15.0,221614.0,,,0.0,0.0,,,,,100.0,NotFound,20.0,,New,NotFound,225.0,,266.0,507.0,,,,,,,,New,NotFound,,chrome 62.0 for android,,,,F,F,T,T,mobile,F3113 Build/33.3.A.1.97
3034252,-5.0,208802.0,,,0.0,0.0,,,,,100.0,NotFound,52.0,,New,NotFound,225.0,,266.0,315.0,,,,,,,,New,NotFound,,chrome 62.0,,,,F,F,T,T,desktop,
3038133,-5.0,19331.0,,,0.0,0.0,,,,,100.0,NotFound,49.0,-300.0,New,NotFound,166.0,15.0,390.0,549.0,,,,,,,,New,NotFound,iOS 11.1.2,mobile safari 11.0,32.0,1334x750,match_status:1,T,F,F,T,mobile,iOS Device
3034202,0.0,243345.0,,,0.0,0.0,,,,,100.0,NotFound,,,New,NotFound,225.0,,427.0,507.0,,,,,,,,New,NotFound,,chrome 62.0 for android,,,,F,F,T,T,mobile,Moto G Play Build/MPIS24.241-15.3-7
3038356,0.0,25820.0,0.0,0.0,0.0,0.0,,,0.0,0.0,100.0,NotFound,,-300.0,Found,Found,166.0,13.0,410.0,549.0,,,,,,,,Found,Found,Windows 10,ie 11.0 for tablet,24.0,,match_status:2,T,T,T,T,desktop,Trident/7.0
3038390,0.0,38751.0,0.0,0.0,0.0,0.0,,,0.0,0.0,100.0,Found,,-300.0,Found,Found,166.0,13.0,410.0,549.0,,,,,,,,Found,Found,Windows 10,ie 11.0 for tablet,24.0,,match_status:2,T,T,T,T,desktop,Trident/7.0
3030532,-15.0,,,,,,,,,,,NotFound,14.0,,,,,,,,,,,,,,,,,,,,,,,,,,,
3034593,-5.0,306468.0,,,0.0,0.0,,,,,100.0,NotFound,52.0,,New,NotFound,225.0,,146.0,507.0,,,,,,,,New,NotFound,,chrome 63.0,,,,F,F,T,T,desktop,
3034537,-40.0,175087.0,,,-7.0,-14.0,,,,,100.0,NotFound,20.0,,New,NotFound,225.0,15.0,417.0,507.0,,,,,,,,New,NotFound,,chrome 62.0 for android,,,,F,F,T,T,mobile,E6853
3038564,-5.0,546083.0,,,0.0,0.0,,,,,100.0,NotFound,38.0,,New,NotFound,166.0,15.0,529.0,549.0,,,,,,,,New,NotFound,,chrome 60.0,,,,F,F,T,T,desktop,
3034679,0.0,273856.0,,,0.0,0.0,,,,,100.0,NotFound,,,New,NotFound,225.0,,266.0,507.0,,,,,,,,New,NotFound,,chrome 62.0 for android,,,,F,F,T,T,mobile,HUAWEI TAG-L13 Build/HUAWEITAG-L13
3038556,-5.0,128964.0,0.0,0.0,0.0,0.0,,,0.0,0.0,100.0,NotFound,38.0,,Found,Found,166.0,15.0,529.0,549.0,,,,,,,,Found,Found,,chrome 60.0,,,,F,F,T,T,desktop,
3034791,-5.0,661490.0,,,0.0,0.0,,,0.0,0.0,95.08000183105467,NotFound,52.0,,New,NotFound,225.0,,266.0,325.0,,,,,,,,Found,Found,,edge 16.0,,,,F,F,T,T,desktop,Windows
3034824,0.0,421460.0,,,0.0,0.0,,,,,100.0,NotFound,,,New,NotFound,225.0,,153.0,325.0,,,,,,,,New,NotFound,,chrome 63.0 for android,,,,F,F,T,T,mobile,LG-M154
3038961,0.0,74807.0,,,21.0,-19.0,,,,,100.0,NotFound,,-300.0,New,NotFound,166.0,15.0,410.0,549.0,,,,,,,,New,NotFound,Mac OS X 10_13_1,chrome 62.0,24.0,1440x900,match_status:2,T,F,T,T,desktop,MacOS
3035104,-5.0,83402.0,,,-8.0,-36.0,,,4.0,-11.0,96.72000122070312,NotFound,52.0,,New,NotFound,225.0,,176.0,507.0,,,,,,,,Found,Found,,chrome 62.0,,,,F,F,T,T,desktop,Windows
3039043,-20.0,149534.0,,,0.0,0.0,,,,,100.0,NotFound,49.0,,Unknown,,166.0,15.0,390.0,549.0,,,,,,,,New,NotFound,,mobile safari 11.0,,,match_status:1,F,F,F,T,mobile,
3039150,-5.0,151061.0,,,16.0,-29.0,,,,,100.0,NotFound,49.0,-300.0,New,NotFound,166.0,15.0,321.0,549.0,,,,,,,,New,NotFound,iOS 11.1.2,mobile safari 11.0,32.0,1136x640,match_status:1,T,F,F,F,mobile,iOS Device
3039253,-5.0,295396.0,0.0,0.0,16.0,-29.0,,,0.0,0.0,100.0,NotFound,49.0,-300.0,Found,Found,166.0,15.0,321.0,549.0,,,,,,,,Found,Found,iOS 11.1.2,mobile safari 11.0,32.0,1136x640,match_status:1,T,F,F,F,mobile,iOS Device
3035373,-15.0,,,,,,,,,,,NotFound,14.0,,,,,,,,,,,,,,,,,,,,,,,,,,,
3035450,-5.0,188213.0,,,0.0,0.0,,,,,100.0,NotFound,52.0,,New,NotFound,225.0,,427.0,507.0,,,,,,,,New,NotFound,,chrome 62.0,,,,F,F,T,T,desktop,Windows
3035501,-5.0,126018.0,,,0.0,0.0,,,,,100.0,NotFound,52.0,,New,NotFound,225.0,,266.0,612.0,,,,,,,,New,NotFound,,chrome 62.0,,,,F,F,T,T,desktop,Windows
3035536,0.0,266652.0,,,0.0,0.0,,,,,100.0,NotFound,20.0,,New,NotFound,225.0,,290.0,401.0,,,,,,,,New,NotFound,,android webview 4.0,,,,F,F,T,T,mobile,es-us
3043766,-5.0,66518.0,0.0,0.0,0.0,0.0,,,0.0,0.0,100.0,NotFound,52.0,-300.0,Found,Found,166.0,13.0,100.0,535.0,,,,,,,,Found,Found,Windows 10,chrome 62.0,24.0,1366x768,match_status:2,T,F,T,T,desktop,Windows
3035738,-5.0,319842.0,0.0,0.0,0.0,0.0,,,0.0,0.0,100.0,NotFound,52.0,,Found,Found,225.0,,266.0,507.0,,,,,,,,Found,Found,,chrome 62.0,,,,F,F,T,T,desktop,Windows
3035786,0.0,343923.0,,,0.0,0.0,,,,,100.0,NotFound,,,New,NotFound,225.0,,153.0,563.0,,,,,,,,New,NotFound,,chrome 63.0 for android,,,,F,F,T,T,mobile,MotoG3 Build/MPI24.65-33.1-2
3039789,-5.0,132163.0,,,16.0,-29.0,,,0.0,0.0,97.13999938964844,NotFound,49.0,-300.0,New,NotFound,166.0,15.0,321.0,549.0,,,,,,,,Found,Found,iOS 11.1.2,mobile safari 11.0,32.0,1136x640,match_status:1,T,F,F,F,mobile,iOS Device
3048209,-5.0,23359.0,1.0,0.0,1.0,0.0,,,1.0,0.0,100.0,NotFound,52.0,-300.0,Found,Found,166.0,,215.0,533.0,,,,,,,,Found,Found,Windows 7,firefox 55.0,24.0,1366x768,match_status:2,T,T,F,T,desktop,rv:55.0
3035965,-5.0,271398.0,,,0.0,0.0,,,,,100.0,NotFound,52.0,,New,NotFound,225.0,,270.0,417.0,,,,,,,,New,NotFound,,chrome 63.0,,,,F,F,T,T,desktop,Windows
3036093,-5.0,248399.0,0.0,0.0,0.0,0.0,,,0.0,0.0,100.0,NotFound,52.0,,Found,Found,225.0,,266.0,127.0,,,,,,,,Found,Found,,chrome 62.0,,,,F,F,T,T,desktop,Windows
3036118,-5.0,152993.0,,,-5.0,-6.0,,,0.0,0.0,96.66999816894533,NotFound,52.0,,New,NotFound,225.0,,254.0,507.0,,,,,,,,Found,Found,,chrome 62.0,,,,F,F,T,T,desktop,Windows
3040034,-5.0,59052.0,,,0.0,0.0,,,,,100.0,NotFound,49.0,-300.0,New,NotFound,166.0,,100.0,549.0,,,,,,,,New,NotFound,iOS 10.3.3,mobile safari 10.0,32.0,1334x750,match_status:1,T,F,F,T,mobile,iOS Device
3036078,-5.0,144447.0,0.0,0.0,0.0,0.0,,,0.0,0.0,100.0,NotFound,52.0,,Found,Found,225.0,,427.0,563.0,,,,,,,,Found,Found,,chrome 63.0,,,,F,F,T,T,desktop,Windows
3036153,-5.0,163669.0,,,0.0,0.0,,,0.0,0.0,100.0,NotFound,52.0,,Found,NotFound,225.0,,266.0,507.0,,,,,,,,Found,Found,,chrome 62.0,,,,F,F,T,T,desktop,Windows
3036130,0.0,136722.0,,,0.0,-8.0,,,,,100.0,NotFound,20.0,,New,NotFound,225.0,13.0,271.0,507.0,,,,,,,,New,NotFound,,firefox 57.0,,,,F,F,T,T,desktop,rv:57.0
3036134,0.0,369198.0,,,0.0,0.0,,,,,100.0,NotFound,20.0,,New,NotFound,225.0,,427.0,563.0,,,,,,,,New,NotFound,,chrome 62.0 for android,,,,F,F,T,T,mobile,Moto G Play Build/MPIS24.241-15.3-26
3036188,0.0,399142.0,,,22.0,0.0,,,,,100.0,NotFound,20.0,,New,NotFound,225.0,15.0,176.0,507.0,,,,,,,,New,NotFound,,chrome 63.0 for android,,,,F,F,T,T,mobile,Lenovo TB-7703X Build/S100
3036190,-5.0,251467.0,,,0.0,0.0,,,,,100.0,NotFound,52.0,,New,NotFound,225.0,,427.0,507.0,,,,,,,,New,NotFound,,chrome 63.0,,,,F,F,T,T,desktop,Windows
3036230,-5.0,238524.0,,,0.0,0.0,,,,,100.0,NotFound,52.0,,New,NotFound,225.0,,266.0,469.0,,,,,,,,New,NotFound,,chrome 62.0,,,,F,F,T,T,desktop,Windows
3036206,-5.0,215382.0,,,0.0,-1.0,,,,,100.0,NotFound,52.0,,New,NotFound,225.0,15.0,176.0,507.0,,,,,,,,New,NotFound,,chrome 62.0,,,,F,F,T,T,desktop,Windows
3036248,-15.0,402680.0,,,0.0,0.0,,,,,100.0,NotFound,52.0,,New,NotFound,225.0,,275.0,588.0,,,,,,,,New,NotFound,,chrome 62.0,,,,F,F,T,T,desktop,Windows
3040275,-5.0,125133.0,0.0,0.0,0.0,0.0,,,0.0,0.0,100.0,NotFound,52.0,-300.0,Found,Found,166.0,,100.0,549.0,,,,,,,,Found,Found,Windows 7,ie 11.0 for desktop,24.0,1600x900,match_status:2,T,F,T,T,desktop,Trident/7.0
3036268,-5.0,437855.0,,,0.0,0.0,,,,,100.0,NotFound,49.0,,New,NotFound,225.0,,266.0,325.0,,,,,,,,New,NotFound,,chrome 50.0 for android,,,,F,F,T,F,mobile,LT30p
3036274,-5.0,98546.0,1.0,0.0,5.0,0.0,,,0.0,0.0,100.0,NotFound,52.0,,Found,Found,225.0,15.0,254.0,507.0,,,,,,,,Found,Found,,chrome 62.0,,,,F,F,T,T,desktop,Windows
3032418,-5.0,11811.0,0.0,0.0,0.0,0.0,,,0.0,0.0,100.0,NotFound,52.0,-300.0,Found,Found,166.0,,390.0,549.0,,,,,,,,Found,Found,Windows 10,chrome 63.0,24.0,1920x1080,match_status:2,T,F,T,T,desktop,Windows
3040328,-5.0,27567.0,,,0.0,0.0,,,,,100.0,NotFound,49.0,-300.0,New,NotFound,166.0,,100.0,549.0,,,,,,,,New,NotFound,iOS 11.0.3,mobile safari 11.0,32.0,2208x1242,match_status:1,T,F,F,T,mobile,iOS Device
3036346,0.0,182960.0,,,8.0,-40.0,,,0.0,0.0,93.5500030517578,NotFound,20.0,,New,NotFound,225.0,18.0,417.0,507.0,,,,,,,,Found,Found,,safari generic,,,,F,F,T,T,desktop,
3036339,-40.0,458302.0,,,,,,,,,100.0,NotFound,18.0,,New,NotFound,225.0,,266.0,507.0,,,,,,,,New,NotFound,,chrome 62.0 for android,,,,F,F,T,T,mobile,MHA-L09 Build/HUAWEIMHA-L09
3036334,-10.0,104388.0,0.0,0.0,8.0,-34.0,,,0.0,0.0,100.0,NotFound,52.0,,Found,Found,225.0,15.0,417.0,507.0,,,,,,,,Found,Found,,chrome 62.0,,,,F,F,T,T,desktop,Windows
3036385,-90.0,378632.0,0.0,0.0,4.0,-30.0,,,0.0,0.0,100.0,NotFound,43.0,,Found,Found,225.0,15.0,345.0,507.0,,,,,,,,Found,Found,,chrome 62.0 for android,,,,F,F,T,T,mobile,SM-G935F Build/NRD90M
3044700,-5.0,420090.0,,,0.0,-1.0,,,,,100.0,NotFound,52.0,-360.0,New,NotFound,166.0,,410.0,214.0,,,,,,,,New,NotFound,Windows 10,chrome 61.0,24.0,1366x768,match_status:2,T,F,T,T,desktop,Windows
3044701,-5.0,62262.0,0.0,0.0,0.0,-1.0,,,0.0,0.0,100.0,Found,52.0,-360.0,Found,Found,166.0,,410.0,214.0,,,,,,,,Found,Found,Windows 10,chrome 61.0,24.0,1366x768,match_status:2,T,F,T,T,desktop,Windows
3036467,0.0,103934.0,,,0.0,0.0,,,,,100.0,NotFound,20.0,,New,NotFound,225.0,,153.0,563.0,,,,,,,,New,NotFound,,opera,,,,F,F,T,T,mobile,Mi A1 Build/N2G47H
3057440,0.0,198915.0,0.0,0.0,0.0,0.0,,,0.0,0.0,100.0,NotFound,,-300.0,Found,Found,166.0,,312.0,597.0,,,,,,,,Found,Found,Android 7.0,chrome 62.0 for android,32.0,1920x1080,match_status:2,T,F,T,T,mobile,SAMSUNG-SM-G935A Build/NRD90M
3036611,0.0,202978.0,,,0.0,0.0,,,,,100.0,NotFound,,,New,NotFound,225.0,,266.0,566.0,,,,,,,,New,NotFound,,samsung browser 6.2,,,,F,F,T,T,mobile,SAMSUNG SM-J700M Build/MMB29K
3036598,-5.0,361609.0,,,0.0,0.0,,,,,100.0,NotFound,49.0,,New,NotFound,225.0,,417.0,507.0,,,,,,,,New,NotFound,,chrome 50.0 for android,,,,F,F,T,F,mobile,LG-X220 Build/LMY47I
3036855,-5.0,274614.0,,,0.0,0.0,,,,,100.0,NotFound,52.0,,New,NotFound,225.0,,266.0,507.0,,,,,,,,New,NotFound,,chrome 62.0,,,,F,F,T,T,desktop,Windows
3057975,0.0,95343.0,0.0,0.0,0.0,0.0,,,0.0,0.0,100.0,NotFound,,,Found,Found,225.0,,237.0,497.0,,,,,,,,Found,Found,,chrome 62.0 for android,,,,F,F,T,T,mobile,SM-G610M Build/MMB29K
3036952,-5.0,496756.0,,,-5.0,-56.0,,,,,100.0,NotFound,52.0,,New,NotFound,225.0,13.0,585.0,561.0,,,,,,,,New,NotFound,,chrome 62.0,,,,F,F,T,T,desktop,Windows
3037007,-15.0,234059.0,,,2.0,-38.0,,,,,100.0,NotFound,35.0,,New,NotFound,225.0,15.0,417.0,507.0,,,,,,,,New,NotFound,,chrome 58.0 for android,,,,F,F,T,T,mobile,BLADE V8 Build/NRD90M
3041590,0.0,71394.0,,,0.0,0.0,,,,,100.0,NotFound,,-300.0,New,NotFound,166.0,15.0,390.0,549.0,,,,,,,,New,NotFound,Mac OS X 10_13_2,safari generic,24.0,2560x1600,match_status:1,T,F,T,T,desktop,MacOS
3037401,-20.0,292713.0,,,0.0,0.0,,,,,100.0,NotFound,52.0,,New,NotFound,225.0,,290.0,401.0,,,,,,,,New,NotFound,,chrome 63.0,,,,F,F,T,T,desktop,Windows
3037430,-5.0,225183.0,,,0.0,0.0,,,,,100.0,NotFound,52.0,,New,NotFound,225.0,,176.0,507.0,,,,,,,,New,NotFound,,chrome 62.0,,,,F,F,T,T,desktop,Windows
3041595,-5.0,598824.0,,,16.0,-40.0,,,,,100.0,NotFound,49.0,-300.0,New,NotFound,166.0,15.0,122.0,549.0,,,,,,,,New,NotFound,iOS 11.1.2,mobile safari 11.0,32.0,1334x750,match_status:1,T,F,F,F,mobile,iOS Device
3037435,-5.0,376293.0,,,0.0,-4.0,,,,,100.0,NotFound,52.0,,New,NotFound,225.0,,414.0,507.0,,,,,,,,New,NotFound,,chrome 62.0,,,,F,F,T,T,desktop,Windows
3037484,-20.0,69442.0,0.0,0.0,0.0,0.0,,,0.0,0.0,100.0,NotFound,52.0,,Found,Found,225.0,,290.0,401.0,,,,,,,,Found,Found,,chrome 63.0,,,,F,F,T,T,desktop,Windows
3037550,-20.0,73723.0,0.0,0.0,0.0,0.0,,,0.0,0.0,100.0,NotFound,52.0,,Found,Found,225.0,,290.0,401.0,,,,,,,,Found,Found,,chrome 63.0,,,,F,F,T,T,desktop,Windows
3037749,-5.0,315673.0,,,0.0,0.0,,,,,100.0,NotFound,52.0,,New,NotFound,225.0,,427.0,563.0,,,,,,,,New,NotFound,,chrome 62.0,,,,F,F,T,T,desktop,
3037770,0.0,136589.0,0.0,0.0,0.0,0.0,,,0.0,0.0,100.0,NotFound,20.0,,Found,Found,225.0,,427.0,325.0,,,,,,,,Found,Found,,chrome 63.0 for android,,,,F,F,T,T,mobile,TA-1038
3037922,0.0,106243.0,3.0,0.0,8.0,-9.0,,,3.0,0.0,100.0,NotFound,20.0,,Found,Found,225.0,15.0,417.0,507.0,,,,,,,,Found,Found,,chrome 61.0 for android,,,,F,F,T,T,mobile,SM-J700M Build/MMB29K
3037967,-5.0,155723.0,,,3.0,0.0,,,,,100.0,NotFound,49.0,-420.0,New,NotFound,166.0,,352.0,535.0,,,,,,,,New,NotFound,Android 5.1.1,chrome 63.0 for android,32.0,801x480,match_status:2,T,F,T,F,mobile,SM-J100VPP Build/LMY48B
3037975,-5.0,270562.0,,,0.0,0.0,,,,,100.0,NotFound,52.0,,New,NotFound,225.0,,427.0,507.0,,,,,,,,New,NotFound,,chrome 62.0,,,,F,F,T,T,desktop,Windows
3038159,-5.0,457278.0,,,0.0,0.0,,,,,100.0,NotFound,52.0,,New,NotFound,225.0,,427.0,325.0,,,,,,,,New,NotFound,,chrome 63.0,,,,F,F,T,T,desktop,
3038207,0.0,158246.0,,,0.0,0.0,,,0.0,0.0,95.16000366210938,NotFound,20.0,,New,NotFound,225.0,,427.0,507.0,,,,,,,,Found,Found,,firefox 57.0,,,,F,F,T,T,desktop,Linux x86_64
3038191,-5.0,148152.0,,,8.0,-25.0,,,0.0,0.0,96.66999816894533,NotFound,52.0,,New,NotFound,225.0,,266.0,561.0,,,,,,,,Found,Found,,chrome 62.0,,,,F,F,T,T,desktop,Windows
3038212,-5.0,180619.0,,,0.0,0.0,,,,,100.0,NotFound,52.0,,New,NotFound,225.0,,427.0,340.0,,,,,,,,New,NotFound,,chrome 62.0,,,,F,F,T,T,desktop,
3038298,-5.0,122264.0,,,0.0,0.0,,,,,100.0,NotFound,52.0,,New,NotFound,225.0,,427.0,563.0,,,,,,,,New,NotFound,,chrome 63.0,,,,F,F,T,T,desktop,Windows
3038346,-5.0,164507.0,,,0.0,0.0,,,,,100.0,NotFound,52.0,,New,NotFound,225.0,,427.0,507.0,,,,,,,,New,NotFound,,chrome 63.0,,,,F,F,T,T,desktop,Windows
3038456,-5.0,257218.0,0.0,0.0,0.0,0.0,,,0.0,0.0,100.0,NotFound,52.0,,Found,Found,225.0,,484.0,507.0,,,,,,,,Found,Found,,chrome 62.0,,,,F,F,T,T,desktop,Windows
3038366,-5.0,368140.0,,,0.0,0.0,,,,,100.0,NotFound,52.0,,New,NotFound,225.0,,266.0,305.0,,,,,,,,New,NotFound,,chrome 63.0,,,,F,F,T,T,desktop,
3034574,-15.0,,,,,,,,,,,NotFound,14.0,,,,,,,,,,,,,,,,,,,,,,,,,,,
3038526,-40.0,109852.0,,,7.0,-23.0,9.0,-25.0,,,100.0,NotFound,11.0,-360.0,New,NotFound,225.0,,427.0,417.0,255.0,41.0,IP_PROXY:TRANSPARENT,,524.0,199.0,Found,New,NotFound,,ie 11.0 for desktop,,,,F,T,T,T,desktop,rv:11.0
3034642,-15.0,,,,,,,,,,,Found,14.0,,,,,,,,,,,,,,,,,,,,,,,,,,,
3038767,-5.0,94675.0,0.0,0.0,0.0,0.0,,,0.0,0.0,100.0,NotFound,52.0,,Found,Found,225.0,,410.0,507.0,,,,,,,,Found,Found,,chrome 63.0,,,,F,F,T,T,desktop,Windows
3038862,0.0,429362.0,0.0,0.0,0.0,0.0,,,0.0,0.0,100.0,NotFound,20.0,,Found,Found,225.0,,266.0,507.0,,,,,,,,Found,Found,,mobile safari generic,,,,F,F,T,T,mobile,
3038939,-5.0,144663.0,0.0,0.0,0.0,-53.0,,,0.0,0.0,100.0,NotFound,52.0,,Found,Found,225.0,,484.0,556.0,,,,,,,,Found,Found,,edge 15.0,,,,F,F,T,T,desktop,Windows
3038926,-40.0,246759.0,,,0.0,0.0,,,,,100.0,NotFound,18.0,,New,NotFound,225.0,,266.0,325.0,,,,,,,,New,NotFound,,chrome 63.0 for android,,,,F,F,T,T,mobile,CAM-L03 Build/HUAWEICAM-L03
3039031,0.0,283200.0,,,-9.0,-28.0,,,,,100.0,NotFound,20.0,,New,NotFound,225.0,13.0,384.0,507.0,,,,,,,,New,NotFound,,chrome 62.0 for android,,,,F,F,T,T,mobile,SM-G610M Build/MMB29K
3038949,-5.0,160209.0,0.0,0.0,2.0,-14.0,,,0.0,0.0,100.0,NotFound,52.0,,Found,Found,225.0,,254.0,507.0,,,,,,,,Found,Found,,chrome 63.0,,,,F,F,T,T,desktop,Windows
3039024,0.0,567990.0,,,5.0,-33.0,,,,,100.0,NotFound,,,New,NotFound,225.0,15.0,266.0,507.0,,,,,,,,New,NotFound,,chrome 63.0 for android,,,,F,F,T,T,mobile,SM-G570M Build/MMB29K
3039106,0.0,197131.0,,,0.0,0.0,,,,,100.0,NotFound,,,New,NotFound,225.0,,266.0,315.0,,,,,,,,New,NotFound,,chrome 62.0 for android,,,,F,F,T,T,mobile,SM-G570M Build/MMB29K
3039190,-15.0,187676.0,0.0,0.0,0.0,0.0,,,0.0,0.0,100.0,NotFound,20.0,,Found,Found,225.0,,427.0,563.0,,,,,,,,Found,Found,,mobile safari 10.0,,,,F,F,T,T,mobile,
3039573,-20.0,139290.0,,,8.0,-32.0,,,,,100.0,NotFound,49.0,,Unknown,,225.0,13.0,417.0,507.0,,,,,,,,New,NotFound,,mobile safari 11.0,,,,F,F,F,T,mobile,
3039613,-5.0,138326.0,,,0.0,0.0,,,,,100.0,NotFound,52.0,,New,NotFound,225.0,,427.0,325.0,,,,,,,,New,NotFound,,chrome 63.0,,,,F,F,T,T,desktop,Windows
3060995,-5.0,204994.0,,,0.0,-7.0,,,,,100.0,NotFound,52.0,,New,NotFound,225.0,,153.0,417.0,,,,,,,,New,NotFound,,chrome 62.0,,,,F,F,T,T,desktop,Windows
3039715,-20.0,469293.0,,,0.0,0.0,,,,,100.0,NotFound,52.0,,New,NotFound,225.0,,427.0,325.0,,,,,,,,New,NotFound,,chrome 62.0,,,,F,F,T,T,desktop,Windows
3039772,-5.0,258605.0,,,,,,,,,100.0,NotFound,52.0,,New,NotFound,225.0,,266.0,417.0,,,,,,,,New,NotFound,,chrome 62.0,,,,F,F,T,T,desktop,Windows
3039808,-5.0,156992.0,,,0.0,0.0,,,0.0,0.0,100.0,NotFound,52.0,,Found,NotFound,225.0,,427.0,507.0,,,,,,,,Found,Found,,chrome 62.0,,,,F,F,T,T,desktop,Windows
3039915,0.0,144997.0,,,0.0,0.0,,,,,100.0,NotFound,,,New,NotFound,225.0,,266.0,127.0,,,,,,,,New,NotFound,,mobile safari generic,,,,F,F,T,T,mobile,
3039920,-25.0,226036.0,,,0.0,0.0,,,,,100.0,NotFound,63.0,,Unknown,,225.0,,266.0,325.0,,,,,,,,New,NotFound,,firefox 57.0,,,,F,F,F,T,desktop,Windows
3039932,0.0,426849.0,0.0,0.0,-3.0,-24.0,,,0.0,0.0,100.0,NotFound,20.0,,Found,Found,225.0,15.0,417.0,507.0,,,,,,,,Found,Found,,chrome 60.0 for android,,,,F,F,T,T,mobile,SM-G531H Build/LMY48B
3039937,-20.0,238201.0,,,0.0,0.0,,,,,100.0,NotFound,49.0,,Unknown,,225.0,,427.0,561.0,,,,,,,,New,NotFound,,mobile safari 11.0,,,,F,F,F,T,mobile,
3040017,-10.0,233359.0,0.0,0.0,11.0,-47.0,,,0.0,0.0,100.0,NotFound,52.0,,Found,Found,166.0,15.0,410.0,214.0,,,,,,,,Found,Found,,chrome 62.0,,,,F,F,T,T,desktop,Windows
3061540,0.0,147113.0,0.0,0.0,2.0,-100.0,,,0.0,0.0,100.0,NotFound,,,Found,Found,225.0,13.0,266.0,507.0,,,,,,,,Found,Found,,chrome 63.0 for android,,,,F,F,T,T,mobile,GT-I9500
3040063,-5.0,449162.0,,,1.0,0.0,,,,,100.0,NotFound,52.0,,New,NotFound,225.0,,176.0,507.0,,,,,,,,New,NotFound,,chrome 62.0,,,,F,F,T,T,desktop,Windows
3039999,-20.0,102138.0,,,0.0,0.0,,,,,100.0,NotFound,49.0,,Unknown,,225.0,,427.0,561.0,,,,,,,,New,NotFound,,mobile safari 11.0,,,,F,F,F,T,mobile,
3040051,-20.0,196752.0,,,0.0,0.0,,,,,100.0,NotFound,49.0,,Unknown,,225.0,,427.0,561.0,,,,,,,,New,NotFound,,mobile safari 11.0,,,,F,F,F,T,mobile,
3040058,-20.0,266602.0,,,0.0,0.0,,,,,100.0,NotFound,49.0,,Unknown,,225.0,,427.0,561.0,,,,,,,,New,NotFound,,mobile safari 11.0,,,,F,F,F,T,mobile,
3040094,-20.0,78939.0,,,0.0,0.0,,,,,100.0,NotFound,49.0,,Unknown,,225.0,,427.0,561.0,,,,,,,,New,NotFound,,mobile safari 11.0,,,,F,F,F,T,mobile,
3040044,-20.0,65728.0,,,0.0,0.0,,,,,100.0,NotFound,49.0,,Unknown,,225.0,,427.0,561.0,,,,,,,,New,NotFound,,mobile safari 11.0,,,,F,F,F,T,mobile,
3040089,0.0,206357.0,,,2.0,0.0,,,,,100.0,NotFound,,,New,NotFound,225.0,,153.0,325.0,,,,,,,,New,NotFound,,chrome 62.0 for android,,,,F,F,T,T,mobile,SM-G935F Build/NRD90M
3040090,-5.0,605094.0,,,0.0,0.0,,,,,100.0,NotFound,52.0,,New,NotFound,225.0,,153.0,638.0,,,,,,,,New,NotFound,,edge 14.0,,,,F,F,T,T,desktop,Windows
3040190,-5.0,144879.0,,,0.0,-7.0,,,,,100.0,NotFound,52.0,,New,NotFound,225.0,15.0,290.0,401.0,,,,,,,,New,NotFound,,chrome 62.0,,,,F,F,T,T,desktop,Windows
3048631,-5.0,61572.0,,,0.0,-1.0,,,,,100.0,NotFound,52.0,-360.0,New,NotFound,166.0,,253.0,214.0,,,,,,,,New,NotFound,Windows 10,edge 16.0,24.0,,match_status:2,T,F,T,T,desktop,Windows
3040233,-20.0,319605.0,,,0.0,0.0,,,,,100.0,NotFound,49.0,,Unknown,,225.0,,254.0,507.0,,,,,,,,New,NotFound,,mobile safari 11.0,,,,F,F,F,T,mobile,
3044449,-5.0,39964.0,,,0.0,0.0,,,,,100.0,NotFound,49.0,-300.0,New,NotFound,166.0,15.0,390.0,489.0,,,,,,,,New,NotFound,iOS 10.3.3,mobile safari 10.0,32.0,1334x750,match_status:1,T,F,F,T,mobile,iOS Device
3061752,-5.0,166204.0,,,0.0,0.0,,,,,100.0,Found,52.0,-480.0,Found,NotFound,166.0,,529.0,222.0,,,,,,,,Found,NotFound,Windows 10,firefox 57.0,24.0,1366x768,match_status:2,T,F,T,T,desktop,Windows
3040240,-20.0,138879.0,,,0.0,0.0,,,,,100.0,NotFound,49.0,,Unknown,,225.0,,254.0,507.0,,,,,,,,New,NotFound,,mobile safari 11.0,,,,F,F,F,T,mobile,
3040284,-5.0,251621.0,,,0.0,0.0,,,,,100.0,NotFound,52.0,,New,NotFound,225.0,15.0,427.0,507.0,,,,,,,,New,NotFound,,chrome 63.0,,,,F,F,T,T,desktop,
3040310,-40.0,141967.0,0.0,0.0,-10.0,-33.0,,,0.0,0.0,100.0,NotFound,20.0,,Found,Found,225.0,15.0,266.0,507.0,,,,,,,,Found,Found,,chrome 63.0 for android,,,,F,F,T,T,mobile,ALE-L23 Build/HuaweiALE-L23
3040341,-5.0,450210.0,0.0,0.0,0.0,0.0,,,0.0,0.0,100.0,NotFound,52.0,,Found,Found,225.0,,254.0,507.0,,,,,,,,Found,Found,,chrome 63.0,,,,F,F,T,T,desktop,Windows
3048750,0.0,85909.0,0.0,0.0,0.0,0.0,,,0.0,0.0,100.0,NotFound,,-360.0,Found,Found,166.0,,312.0,214.0,,,,,,,,Found,Found,Mac,firefox 48.0,24.0,1440x900,match_status:2,T,T,T,T,desktop,rv:48.0
3040452,0.0,226306.0,,,10.0,-14.0,,,,,100.0,NotFound,,,New,NotFound,225.0,15.0,345.0,507.0,,,,,,,,New,NotFound,,chrome generic,,,,F,F,T,T,mobile,Moto G (5) Build/NPP25.137-82
3040446,-40.0,199157.0,,,0.0,0.0,,,,,100.0,NotFound,18.0,,New,NotFound,225.0,,290.0,401.0,,,,,,,,New,NotFound,,chrome 62.0 for android,,,,F,F,T,T,mobile,ALE-L23 Build/HuaweiALE-L23
3040440,0.0,169720.0,0.0,0.0,10.0,-14.0,,,0.0,0.0,100.0,NotFound,,,Found,Found,225.0,15.0,345.0,507.0,,,,,,,,Found,Found,,chrome generic,,,,F,F,T,T,mobile,Moto G (5) Build/NPP25.137-82
3040475,0.0,137326.0,0.0,0.0,10.0,-14.0,,,0.0,0.0,100.0,NotFound,,,Found,Found,225.0,15.0,345.0,507.0,,,,,,,,Found,Found,,chrome generic,,,,F,F,T,T,mobile,Moto G (5) Build/NPP25.137-82
3040456,0.0,267880.0,,,4.0,-33.0,,,,,100.0,NotFound,20.0,,New,NotFound,225.0,15.0,417.0,507.0,,,,,,,,New,NotFound,,chrome generic,,,,F,F,T,T,mobile,Moto E (4) Plus Build/NMA26.42-69
3040476,0.0,72231.0,0.0,0.0,1.0,-33.0,,,0.0,0.0,100.0,NotFound,20.0,,Found,Found,225.0,15.0,417.0,507.0,,,,,,,,Found,Found,,chrome generic,,,,F,F,T,T,mobile,Moto E (4) Plus Build/NMA26.42-69
3040469,0.0,137088.0,0.0,0.0,10.0,-14.0,,,0.0,0.0,100.0,NotFound,,,Found,Found,225.0,15.0,345.0,507.0,,,,,,,,Found,Found,,chrome generic,,,,F,F,T,T,mobile,Moto G (5) Build/NPP25.137-82
3040494,-20.0,467006.0,,,0.0,0.0,,,,,100.0,NotFound,49.0,,Unknown,,225.0,,153.0,563.0,,,,,,,,New,NotFound,,mobile safari 11.0,,,,F,F,F,T,mobile,
3040548,-5.0,176986.0,0.0,0.0,3.0,-11.0,,,0.0,0.0,100.0,NotFound,24.0,,Found,Found,225.0,15.0,345.0,507.0,,,,,,,,Found,Found,,chrome generic,,,,F,F,T,T,mobile,Moto G (5) Build/NPP25.137-82
3040550,-5.0,112769.0,0.0,0.0,0.0,-11.0,,,0.0,0.0,100.0,NotFound,24.0,,Found,Found,225.0,15.0,345.0,507.0,,,,,,,,Found,Found,,chrome generic,,,,F,F,T,T,mobile,Moto G (5) Build/NPP25.137-82
3062197,0.0,164832.0,0.0,0.0,0.0,0.0,,,0.0,0.0,100.0,NotFound,20.0,,Found,Found,225.0,,266.0,417.0,,,,,,,,Found,Found,,chrome 62.0 for android,,,,F,F,T,T,mobile,LG-K410 Build/LRX22G
3062201,0.0,256953.0,0.0,0.0,0.0,0.0,,,0.0,0.0,100.0,NotFound,43.0,,Found,Found,225.0,,266.0,417.0,,,,,,,,Found,Found,,chrome 62.0 for android,,,,F,F,T,T,mobile,LG-K410 Build/LRX22G
3048987,-5.0,272235.0,3.0,0.0,3.0,0.0,,,3.0,0.0,100.0,NotFound,52.0,-300.0,Found,Found,166.0,,100.0,549.0,,,,,,,,Found,Found,Windows 10,edge 16.0,24.0,1920x1080,match_status:2,T,F,T,T,desktop,Windows
3040846,-15.0,,,,,,,,,,,NotFound,20.0,,,,,,,,,,,,,,,,,,,,,,,,,,,
3040884,0.0,73084.0,0.0,0.0,-5.0,-8.0,,,0.0,0.0,100.0,NotFound,20.0,,Found,Found,225.0,,254.0,507.0,,,,,,,,Found,Found,,chrome 62.0,,,,F,F,T,T,desktop,
3040837,-5.0,287736.0,,,1.0,-9.0,,,,,100.0,NotFound,52.0,,New,NotFound,225.0,,271.0,507.0,,,,,,,,New,NotFound,,chrome 62.0,,,,F,F,T,T,desktop,Windows
3040952,-20.0,168273.0,,,0.0,0.0,,,,,100.0,NotFound,49.0,,Unknown,,225.0,,271.0,507.0,,,,,,,,New,NotFound,,mobile safari 11.0,,,,F,F,F,T,mobile,
3049290,-40.0,105488.0,,,0.0,-10.0,,,,,100.0,NotFound,18.0,-300.0,New,NotFound,166.0,13.0,410.0,533.0,,,,,,,,New,NotFound,Windows 7,ie 11.0 for desktop,24.0,1600x900,match_status:2,T,T,T,T,desktop,Trident/7.0
3045220,-5.0,97749.0,,,,,,,,,100.0,NotFound,49.0,-300.0,New,NotFound,166.0,,529.0,549.0,,,,,,,,New,NotFound,Mac OS X 10_10_5,safari generic,24.0,2560x1440,match_status:2,T,F,F,T,desktop,MacOS
3041038,-5.0,233518.0,,,0.0,-5.0,,,,,100.0,NotFound,52.0,,New,NotFound,225.0,,176.0,507.0,,,,,,,,New,NotFound,,chrome 63.0,,,,F,F,T,T,desktop,Windows
3041085,-20.0,144417.0,,,0.0,0.0,,,,,100.0,NotFound,49.0,,Unknown,,225.0,,427.0,507.0,,,,,,,,New,NotFound,,mobile safari 11.0,,,,F,F,F,T,mobile,
3041187,0.0,170313.0,0.0,0.0,1.0,-10.0,,,0.0,0.0,100.0,NotFound,,,Found,Found,225.0,,345.0,561.0,,,,,,,,Found,Found,,chrome 60.0 for android,,,,F,F,T,T,mobile,Hisense L675 Build/MRA58K
3041140,0.0,182702.0,0.0,0.0,1.0,0.0,,,0.0,0.0,100.0,NotFound,20.0,,Found,Found,225.0,,414.0,561.0,,,,,,,,Found,Found,,chrome 63.0,,,,F,F,T,T,desktop,
3041173,-5.0,342327.0,,,15.0,-24.0,,,0.0,-7.0,96.72000122070312,NotFound,52.0,,New,NotFound,225.0,,266.0,507.0,,,,,,,,Found,Found,,chrome 62.0,,,,F,F,T,T,desktop,
3041174,-40.0,570202.0,0.0,0.0,0.0,0.0,,,0.0,0.0,100.0,NotFound,20.0,,Found,Found,225.0,,266.0,507.0,,,,,,,,Found,Found,,chrome 63.0 for android,,,,F,F,T,T,mobile,ALE-L23 Build/HuaweiALE-L23
3041217,-20.0,65691.0,,,2.0,0.0,,,,,100.0,NotFound,52.0,,New,NotFound,225.0,,254.0,507.0,,,,,,,,New,NotFound,,chrome 62.0,,,,F,F,T,T,desktop,Windows
3041275,-20.0,44994.0,0.0,0.0,0.0,0.0,,,0.0,0.0,100.0,NotFound,52.0,,Found,Found,225.0,,254.0,507.0,,,,,,,,Found,Found,,chrome 62.0,,,,F,F,T,T,desktop,Windows
3041255,-5.0,116298.0,0.0,0.0,1.0,0.0,,,0.0,0.0,100.0,NotFound,52.0,,Found,Found,225.0,,254.0,507.0,,,,,,,,Found,Found,,chrome 62.0,,,,F,F,T,T,desktop,Windows
3041308,-5.0,111792.0,,,0.0,0.0,,,0.0,0.0,95.08000183105467,NotFound,52.0,,New,NotFound,225.0,,176.0,507.0,,,,,,,,Found,Found,,chrome 63.0,,,,F,F,T,T,desktop,Windows
3041204,-5.0,175798.0,0.0,0.0,0.0,0.0,,,0.0,0.0,100.0,NotFound,52.0,,Found,Found,225.0,,574.0,507.0,,,,,,,,Found,Found,,chrome 63.0,,,,F,F,T,T,desktop,Windows
3041752,-5.0,219941.0,0.0,0.0,1.0,-8.0,,,0.0,0.0,100.0,NotFound,52.0,,Found,Found,225.0,,242.0,507.0,,,,,,,,Found,Found,,firefox 57.0,,,,F,F,T,T,desktop,Windows
3063413,0.0,144637.0,,,,,,,0.0,0.0,95.29000091552734,NotFound,,-360.0,New,NotFound,166.0,,438.0,214.0,,,,,,,,Found,Found,Windows 10,ie 11.0 for desktop,24.0,1680x1050,match_status:2,T,T,T,T,desktop,Windows
3041760,-5.0,254580.0,,,0.0,0.0,,,0.0,0.0,94.83000183105467,NotFound,52.0,,New,NotFound,225.0,,607.0,561.0,,,,,,,,Found,Found,,firefox 52.0,,,,F,F,T,T,desktop,
3041800,0.0,232761.0,,,0.0,0.0,,,,,100.0,NotFound,20.0,,New,NotFound,225.0,,427.0,507.0,,,,,,,,New,NotFound,,chrome 62.0 for android,,,,F,F,T,T,mobile,SM-J730GM Build/NRD90M
3041882,-5.0,141495.0,,,0.0,0.0,,,0.0,0.0,96.66999816894533,NotFound,52.0,,New,NotFound,225.0,,427.0,417.0,,,,,,,,Found,Found,,chrome 62.0,,,,F,F,T,T,desktop,Windows
3042239,-25.0,227360.0,,,0.0,0.0,,,0.0,0.0,95.08000183105467,NotFound,63.0,,Unknown,,225.0,,266.0,127.0,,,,,,,,Found,Found,,firefox 57.0,,,,F,F,F,T,desktop,
3042313,-5.0,487121.0,,,0.0,0.0,,,,,100.0,NotFound,52.0,,New,NotFound,225.0,,176.0,507.0,,,,,,,,New,NotFound,,chrome 63.0,,,,F,F,T,T,desktop,Windows
3042444,-5.0,163204.0,,,0.0,-40.0,,,,,100.0,NotFound,52.0,,New,NotFound,225.0,,160.0,507.0,,,,,,,,New,NotFound,,chrome 63.0,,,,F,F,T,T,desktop,Windows
3042525,-5.0,126987.0,0.0,0.0,0.0,0.0,,,0.0,0.0,100.0,NotFound,52.0,,Found,Found,225.0,,427.0,305.0,,,,,,,,Found,Found,,chrome 62.0,,,,F,F,T,T,desktop,Windows
3042624,-5.0,53331.0,0.0,0.0,0.0,0.0,,,0.0,0.0,100.0,NotFound,52.0,,Found,Found,225.0,,427.0,305.0,,,,,,,,Found,Found,,chrome 62.0,,,,F,F,T,T,desktop,Windows
3042627,0.0,283288.0,,,0.0,0.0,,,,,100.0,NotFound,,,New,NotFound,225.0,,254.0,507.0,,,,,,,,New,NotFound,,chrome 59.0 for android,,,,F,F,T,T,mobile,Hisense L675 Build/MRA58K
3042697,0.0,85900.0,0.0,0.0,0.0,0.0,,,0.0,0.0,100.0,NotFound,20.0,,Found,Found,225.0,,266.0,469.0,,,,,,,,Found,Found,,chrome 62.0 for android,,,,F,F,T,T,mobile,F3313 Build/37.0.A.2.108
3046908,-5.0,26671.0,0.0,0.0,10.0,0.0,,,0.0,0.0,100.0,NotFound,52.0,-300.0,Found,Found,166.0,13.0,529.0,549.0,,,,,,,,Found,Found,Windows 7,chrome 62.0,24.0,1280x1024,match_status:2,T,F,T,T,desktop,Windows
3046957,-5.0,15832.0,,,0.0,0.0,,,,,100.0,NotFound,49.0,-300.0,New,NotFound,166.0,15.0,100.0,549.0,,,,,,,,New,NotFound,iOS 9.3.5,mobile safari 9.0,32.0,1136x640,match_status:1,T,F,F,T,mobile,iOS Device
3042754,-5.0,282830.0,,,0.0,0.0,,,,,100.0,NotFound,52.0,,New,NotFound,225.0,,484.0,507.0,,,,,,,,New,NotFound,,chrome 63.0,,,,F,F,T,T,desktop,Windows
3038759,-5.0,198475.0,0.0,0.0,0.0,0.0,,,0.0,0.0,100.0,NotFound,52.0,-360.0,Found,Found,166.0,,621.0,611.0,,,,,,,,Found,Found,Windows Vista,chrome 49.0,24.0,1440x900,match_status:2,T,F,T,F,desktop,Windows
3043040,-5.0,322437.0,,,0.0,0.0,,,,,100.0,NotFound,52.0,,New,NotFound,225.0,,266.0,456.0,,,,,,,,New,NotFound,,chrome 63.0,,,,F,F,T,T,desktop,Windows
3039032,-5.0,242794.0,,,0.0,0.0,,,,,100.0,NotFound,49.0,-300.0,New,NotFound,166.0,,100.0,533.0,,,,,,,,New,NotFound,iOS 11.1.2,mobile safari 11.0,32.0,1136x640,match_status:1,T,F,F,F,mobile,iOS Device
3043232,-5.0,97958.0,,,0.0,0.0,,,,,100.0,NotFound,52.0,,New,NotFound,225.0,,266.0,507.0,,,,,,,,New,NotFound,,chrome 62.0,,,,F,F,T,T,desktop,Windows
3043299,-5.0,234650.0,,,0.0,0.0,,,,,100.0,NotFound,52.0,,New,NotFound,225.0,,427.0,507.0,,,,,,,,New,NotFound,,chrome 62.0,,,,F,F,T,T,desktop,Windows
3047555,-5.0,119751.0,,,11.0,-12.0,,,,,100.0,NotFound,49.0,-300.0,New,NotFound,166.0,15.0,321.0,549.0,,,,,,,,New,NotFound,iOS 10.3.1,mobile safari 10.0,32.0,1334x750,match_status:1,T,F,F,T,mobile,iOS Device
3043321,-15.0,119481.0,,,0.0,0.0,,,,,100.0,NotFound,20.0,,New,NotFound,225.0,,290.0,401.0,,,,,,,,New,NotFound,,chrome 63.0 for android,,,,F,F,T,T,mobile,TRT-L53 Build/HUAWEITRT-L53
3043601,-5.0,158555.0,,,0.0,-6.0,,,,,100.0,NotFound,52.0,,New,NotFound,225.0,,290.0,401.0,,,,,,,,New,NotFound,,firefox 57.0,,,,F,F,T,T,desktop,Windows
3043673,0.0,224289.0,,,0.0,0.0,,,,,100.0,NotFound,,,New,NotFound,225.0,,153.0,566.0,,,,,,,,New,NotFound,,chrome 62.0 for android,,,,F,F,T,T,mobile,XT1032 Build/LPBS23.13-56-2
3043758,-15.0,,,,,,,,,,,NotFound,14.0,,,,,,,,,,,,,,,,,,,,,,,,,,,
3043889,-5.0,310595.0,,,0.0,-5.0,,,,,100.0,NotFound,52.0,,New,NotFound,225.0,,290.0,401.0,,,,,,,,New,NotFound,,chrome 62.0,,,,F,F,T,T,desktop,Windows
3043950,-5.0,175039.0,3.0,0.0,3.0,0.0,,,3.0,0.0,100.0,NotFound,52.0,,Found,Found,225.0,,266.0,507.0,,,,,,,,Found,Found,,chrome 62.0,,,,F,F,T,T,desktop,Windows
3052439,0.0,50413.0,,,2.0,-6.0,,,,,100.0,NotFound,,-360.0,New,NotFound,166.0,,410.0,214.0,,,,,,,,New,NotFound,Mac,chrome 63.0,24.0,1920x1080,match_status:2,T,F,T,T,desktop,MacOS
3044127,-5.0,113908.0,0.0,0.0,0.0,0.0,,,0.0,0.0,100.0,NotFound,52.0,,Found,Found,225.0,,427.0,127.0,,,,,,,,Found,Found,,chrome 62.0,,,,F,F,T,T,desktop,Windows
3044150,0.0,175697.0,0.0,0.0,5.0,0.0,,,0.0,0.0,100.0,NotFound,20.0,,Found,Found,225.0,,153.0,325.0,,,,,,,,Found,Found,,firefox 57.0,,,,F,F,T,T,desktop,rv:57.0
3044177,0.0,220700.0,,,0.0,0.0,,,,,100.0,NotFound,,,New,NotFound,225.0,,153.0,541.0,,,,,,,,New,NotFound,,chrome 62.0 for android,,,,F,F,T,T,mobile,Blade V6 Plus Build/MRA58K
3044186,-5.0,156691.0,,,0.0,0.0,,,,,100.0,NotFound,52.0,,New,NotFound,225.0,,176.0,507.0,,,,,,,,New,NotFound,,chrome 63.0,,,,F,F,T,T,desktop,Windows
3044246,-15.0,266073.0,,,6.0,-21.0,,,,,100.0,NotFound,20.0,,New,NotFound,225.0,15.0,345.0,507.0,,,,,,,,New,NotFound,,chrome 63.0 for android,,,,F,F,T,T,mobile,XT1635-02 Build/NPN26.118-22-2
3044262,-15.0,364767.0,0.0,0.0,11.0,-21.0,,,0.0,0.0,100.0,NotFound,43.0,,Found,Found,225.0,15.0,345.0,507.0,,,,,,,,Found,Found,,chrome 63.0 for android,,,,F,F,T,T,mobile,XT1635-02 Build/NPN26.118-22-2
3044241,-15.0,306139.0,,,0.0,0.0,,,,,100.0,NotFound,35.0,,New,NotFound,225.0,,153.0,325.0,,,,,,,,New,NotFound,,chrome 63.0 for android,,,,F,F,T,T,mobile,Moto G Play Build/MPIS24.241-15.3-7
3044267,-15.0,199887.0,0.0,0.0,0.0,0.0,,,0.0,0.0,100.0,NotFound,35.0,,Found,Found,225.0,,153.0,325.0,,,,,,,,Found,Found,,chrome 63.0 for android,,,,F,F,T,T,mobile,Moto G Play Build/MPIS24.241-15.3-7
3052623,-5.0,46162.0,0.0,0.0,0.0,-1.0,,,0.0,0.0,100.0,NotFound,52.0,-360.0,Found,Found,166.0,,312.0,214.0,,,,,,,,Found,Found,Windows 10,chrome 63.0,24.0,1366x768,match_status:2,T,F,T,T,desktop,Windows
3044325,-10.0,272020.0,0.0,0.0,5.0,0.0,,,0.0,0.0,100.0,NotFound,20.0,,Found,Found,225.0,,153.0,325.0,,,,,,,,Found,Found,,firefox 57.0,,,,F,F,T,T,desktop,rv:57.0
3044274,-5.0,396891.0,0.0,0.0,0.0,0.0,,,0.0,0.0,100.0,NotFound,52.0,,Found,Found,225.0,,266.0,127.0,,,,,,,,Found,Found,,chrome 62.0,,,,F,F,T,T,desktop,Windows
3044297,-10.0,204886.0,0.0,0.0,0.0,0.0,,,0.0,0.0,100.0,NotFound,20.0,,Found,Found,225.0,,153.0,325.0,,,,,,,,Found,Found,,firefox 57.0,,,,F,F,T,T,desktop,rv:57.0
3044266,-20.0,364884.0,,,1.0,-5.0,,,,,100.0,NotFound,52.0,,New,NotFound,225.0,,484.0,507.0,,,,,,,,New,NotFound,,chrome 62.0,,,,F,F,T,T,desktop,Windows
3044299,-5.0,264121.0,,,0.0,0.0,,,,,100.0,NotFound,52.0,,New,NotFound,225.0,,427.0,507.0,,,,,,,,New,NotFound,,chrome 62.0,,,,F,F,T,T,desktop,Windows
3044391,0.0,312315.0,,,0.0,0.0,,,,,100.0,NotFound,,,New,NotFound,225.0,,290.0,401.0,,,,,,,,New,NotFound,,chrome generic,,,,F,F,T,T,mobile,Moto G (4) Build/NPJ25.93-14.5
3044394,0.0,123173.0,,,0.0,0.0,,,,,100.0,NotFound,,,New,NotFound,225.0,,290.0,401.0,,,,,,,,New,NotFound,,chrome 62.0 for android,,,,F,F,T,T,mobile,HUAWEI G7-L03 Build/HuaweiG7-L03
3044472,-5.0,223240.0,,,0.0,-6.0,,,,,100.0,NotFound,52.0,,New,NotFound,225.0,,574.0,507.0,,,,,,,,New,NotFound,,chrome 62.0,,,,F,F,T,T,desktop,
3044493,-5.0,64886.0,,,0.0,0.0,,,,,100.0,NotFound,52.0,,New,NotFound,225.0,,290.0,401.0,,,,,,,,New,NotFound,,chrome 62.0,,,,F,F,T,T,desktop,Windows
3044495,0.0,117960.0,0.0,0.0,0.0,-25.0,,,0.0,0.0,100.0,NotFound,20.0,,Found,Found,225.0,15.0,266.0,507.0,,,,,,,,Found,Found,,mobile safari 10.0,,,,F,F,T,T,mobile,
3044484,0.0,230142.0,,,,,,,,,100.0,NotFound,,,New,NotFound,225.0,,266.0,193.0,,,,,,,,New,NotFound,,chrome 54.0 for android,,,,F,F,T,T,mobile,4027A Build/KOT49H
3044508,0.0,108690.0,0.0,0.0,0.0,-25.0,,,0.0,0.0,100.0,NotFound,20.0,,Found,Found,225.0,15.0,266.0,507.0,,,,,,,,Found,Found,,mobile safari 10.0,,,,F,F,T,T,mobile,
3044586,-5.0,147623.0,,,0.0,0.0,,,,,100.0,NotFound,52.0,,New,NotFound,225.0,,266.0,507.0,,,,,,,,New,NotFound,,chrome 62.0,,,,F,F,T,T,desktop,Windows
3044585,-5.0,107094.0,0.0,0.0,0.0,0.0,,,0.0,0.0,100.0,NotFound,52.0,,Found,Found,225.0,,153.0,325.0,,,,,,,,Found,Found,,chrome 62.0,,,,F,F,T,T,desktop,Windows
3044616,-5.0,139154.0,0.0,0.0,0.0,-5.0,,,0.0,0.0,100.0,NotFound,49.0,,Found,Found,225.0,,290.0,401.0,,,,,,,,Found,Found,,chrome 50.0 for android,,,,F,F,T,F,mobile,SM-G610M Build/MMB29K
3044709,0.0,131558.0,0.0,0.0,0.0,0.0,,,0.0,0.0,100.0,NotFound,20.0,,Found,Found,225.0,,266.0,507.0,,,,,,,,Found,Found,,chrome 62.0 for android,,,,F,F,T,T,mobile,SM-J700M Build/MMB29K
3044717,-15.0,182326.0,,,0.0,0.0,,,,,100.0,NotFound,35.0,,New,NotFound,225.0,,290.0,401.0,,,,,,,,New,NotFound,,chrome 62.0 for android,,,,F,F,T,T,mobile,LG-H650 Build/MRA58K
3044718,0.0,132943.0,0.0,0.0,1.0,0.0,,,0.0,0.0,100.0,NotFound,20.0,,Found,Found,225.0,,254.0,507.0,,,,,,,,Found,Found,,chrome 63.0 for android,,,,F,F,T,T,mobile,SM-E500M Build/KTU84P
3044785,-15.0,88352.0,0.0,0.0,0.0,0.0,,,0.0,0.0,100.0,NotFound,35.0,,Found,Found,225.0,,290.0,401.0,,,,,,,,Found,Found,,chrome 62.0 for android,,,,F,F,T,T,mobile,LG-H650 Build/MRA58K
3044807,-15.0,137507.0,0.0,0.0,0.0,0.0,,,0.0,0.0,100.0,NotFound,43.0,,Found,Found,225.0,,290.0,401.0,,,,,,,,Found,Found,,chrome 62.0 for android,,,,F,F,T,T,mobile,LG-H650 Build/MRA58K
3049065,0.0,70646.0,,,0.0,0.0,,,,,100.0,NotFound,,-300.0,New,NotFound,166.0,,390.0,549.0,,,,,,,,New,NotFound,iOS 11.0.3,mobile safari 11.0,32.0,1334x750,match_status:1,T,F,T,T,mobile,iOS Device
3044958,0.0,141322.0,,,-9.0,-100.0,,,,,100.0,NotFound,20.0,,New,NotFound,225.0,15.0,417.0,507.0,,,,,,,,New,NotFound,,chrome generic,,,,F,F,T,T,mobile,Moto E (4) Plus Build/NMA26.42-69
3049156,-5.0,183690.0,,,22.0,-100.0,,,,,100.0,NotFound,49.0,-300.0,New,NotFound,166.0,15.0,122.0,549.0,,,,,,,,New,NotFound,iOS 10.3.1,mobile safari 10.0,32.0,2208x1242,match_status:1,T,F,F,T,mobile,iOS Device
3045065,-20.0,137362.0,,,-2.0,-100.0,,,,,100.0,NotFound,49.0,,Unknown,,225.0,13.0,266.0,507.0,,,,,,,,New,NotFound,,mobile safari 11.0,,,,F,F,F,T,mobile,
3045210,-5.0,180584.0,,,0.0,0.0,,,,,100.0,NotFound,52.0,,New,NotFound,225.0,,384.0,561.0,,,,,,,,New,NotFound,,chrome 62.0,,,,F,F,T,T,desktop,
3049346,-5.0,321963.0,,,23.0,-100.0,,,0.0,0.0,96.43000030517578,NotFound,52.0,-300.0,New,NotFound,166.0,13.0,337.0,549.0,,,,,,,,Found,Found,Windows 10,edge 15.0,24.0,1280x1024,match_status:2,T,F,T,T,desktop,Windows
3045278,-5.0,87547.0,,,0.0,0.0,,,,,100.0,NotFound,52.0,-360.0,New,NotFound,225.0,,427.0,507.0,,,,,,,,New,NotFound,,chrome 49.0,,,,F,T,T,F,desktop,
3045227,-25.0,133819.0,,,0.0,0.0,,,,,100.0,NotFound,63.0,,Unknown,,225.0,,427.0,612.0,,,,,,,,New,NotFound,,chrome 63.0,,,,F,F,F,T,desktop,Windows
3045285,-5.0,202723.0,0.0,0.0,1.0,-9.0,,,0.0,0.0,100.0,NotFound,52.0,,Found,Found,225.0,,176.0,507.0,,,,,,,,Found,Found,,chrome 63.0,,,,F,F,T,T,desktop,Windows
3045335,-5.0,81805.0,0.0,0.0,0.0,0.0,,,0.0,0.0,100.0,NotFound,52.0,,Found,Found,225.0,,384.0,561.0,,,,,,,,Found,Found,,chrome 62.0,,,,F,F,T,T,desktop,
3049599,-5.0,77512.0,,,0.0,-1.0,,,,,100.0,NotFound,49.0,-300.0,New,NotFound,166.0,13.0,100.0,549.0,,,,,,,,New,NotFound,iOS 11.2.0,mobile safari 11.0,32.0,2436x1125,match_status:1,T,F,F,T,mobile,iOS Device
3045478,-5.0,255229.0,,,4.0,-25.0,,,,,100.0,NotFound,52.0,,Found,NotFound,225.0,,607.0,561.0,,,,,,,,Found,NotFound,,chrome 63.0,,,,F,F,T,T,desktop,Windows
3045458,-15.0,,,,,,,,,,,NotFound,14.0,,,,,,,,,,,,,,,,,,,,,,,,,,,
3045404,-5.0,86577.0,0.0,0.0,5.0,-30.0,,,0.0,0.0,100.0,NotFound,52.0,,Found,Found,225.0,13.0,414.0,507.0,,,,,,,,Found,Found,,chrome 63.0,,,,F,F,T,T,desktop,Windows
3045620,0.0,140787.0,,,0.0,0.0,,,,,100.0,NotFound,20.0,,New,NotFound,225.0,,266.0,610.0,,,,,,,,New,NotFound,,chrome 62.0 for android,,,,F,F,T,T,mobile,Hisense F20 Build/MMB29M
3049656,-5.0,46937.0,,,0.0,-6.0,,,,,100.0,NotFound,52.0,-300.0,New,NotFound,166.0,15.0,100.0,549.0,,,,,,,,New,NotFound,Windows 7,chrome 63.0,24.0,1440x900,match_status:2,T,F,T,T,desktop,Windows
3045623,-20.0,95137.0,,,0.0,-5.0,,,,,100.0,NotFound,49.0,,Unknown,,225.0,,176.0,507.0,,,,,,,,New,NotFound,,mobile safari 11.0,,,,F,F,F,T,mobile,
3045756,-40.0,317291.0,0.0,0.0,3.0,0.0,,,0.0,0.0,100.0,NotFound,17.0,,Found,Found,225.0,,153.0,325.0,,,,,,,,Found,Found,,firefox 57.0,,,,F,F,T,T,desktop,rv:57.0
3045894,-5.0,225087.0,,,0.0,0.0,,,,,100.0,NotFound,52.0,,New,NotFound,225.0,,427.0,588.0,,,,,,,,New,NotFound,,chrome 63.0,,,,F,F,T,T,desktop,Windows
3045951,-40.0,285304.0,,,3.0,-22.0,,,,,100.0,NotFound,18.0,,New,NotFound,225.0,15.0,417.0,507.0,,,,,,,,New,NotFound,,chrome 62.0 for android,,,,F,F,T,T,mobile,PRA-LX3 Build/HUAWEIPRA-LX3
3058980,-5.0,28533.0,0.0,0.0,0.0,0.0,,,0.0,0.0,100.0,NotFound,52.0,-420.0,Found,Found,166.0,,410.0,266.0,,,,,,,,Found,Found,Windows 10,chrome 63.0,24.0,1400x1050,match_status:2,T,F,T,F,desktop,Windows
3046015,-10.0,151643.0,,,,,2.0,-10.0,,,100.0,NotFound,20.0,-360.0,New,NotFound,,,,,101.0,41.0,IP_PROXY:ANONYMOUS,,443.0,215.0,Found,New,NotFound,,ie 11.0 for desktop,,,,F,T,T,T,desktop,Trident/7.0
3046072,-10.0,38014.0,0.0,0.0,0.0,0.0,,,0.0,0.0,100.0,NotFound,52.0,,Found,Found,225.0,,266.0,325.0,,,,,,,,Found,Found,,chrome 63.0,,,,F,F,T,T,desktop,
3046217,-30.0,172490.0,0.0,0.0,3.0,0.0,,,0.0,0.0,100.0,NotFound,20.0,,Found,Found,225.0,,153.0,325.0,,,,,,,,Found,Found,,firefox 57.0,,,,F,F,T,T,desktop,rv:57.0
3041946,-5.0,97604.0,0.0,0.0,0.0,0.0,,,0.0,0.0,100.0,NotFound,52.0,-300.0,Found,Found,166.0,13.0,100.0,368.0,,,,,,,,Found,Found,Windows 7,chrome 63.0,24.0,1600x900,match_status:2,T,F,T,T,desktop,Windows
3046423,-5.0,232893.0,,,0.0,0.0,,,,,100.0,NotFound,52.0,,New,NotFound,225.0,,266.0,315.0,,,,,,,,New,NotFound,,chrome 63.0,,,,F,F,T,T,desktop,
3042227,-5.0,107081.0,,,0.0,-8.0,,,,,100.0,NotFound,52.0,-300.0,New,NotFound,166.0,15.0,100.0,533.0,,,,,,,,New,NotFound,Windows 7,ie 11.0 for desktop,24.0,,match_status:2,T,F,T,T,desktop,Trident/7.0
3054974,-5.0,110379.0,0.0,0.0,1.0,0.0,,,1.0,0.0,100.0,NotFound,52.0,-360.0,Found,Found,166.0,,529.0,100.0,,,,,,,,Found,Found,Windows 10,chrome 63.0,24.0,2560x1080,match_status:2,T,F,T,F,desktop,Windows
3046483,-5.0,135068.0,,,0.0,0.0,,,,,100.0,NotFound,52.0,,New,NotFound,225.0,13.0,266.0,127.0,,,,,,,,New,NotFound,,chrome 62.0,,,,F,F,T,T,desktop,Windows
3046705,-5.0,123852.0,,,0.0,0.0,,,,,100.0,NotFound,52.0,,New,NotFound,225.0,,427.0,507.0,,,,,,,,New,NotFound,,chrome 62.0,,,,F,F,T,T,desktop,Windows
3055125,0.0,66843.0,0.0,0.0,0.0,0.0,,,0.0,0.0,100.0,Found,,-360.0,Found,Found,166.0,13.0,312.0,214.0,,,,,,,,Found,Found,iOS 11.1.2,mobile safari 11.0,32.0,1334x750,match_status:1,T,F,T,T,mobile,iOS Device
3055143,0.0,277721.0,0.0,0.0,0.0,0.0,,,0.0,0.0,100.0,Found,,-360.0,Found,Found,166.0,13.0,312.0,214.0,,,,,,,,Found,Found,iOS 11.1.2,mobile safari 11.0,32.0,1334x750,match_status:1,T,F,T,T,mobile,iOS Device
3046726,-15.0,62597.0,0.0,0.0,1.0,-29.0,,,0.0,0.0,100.0,NotFound,52.0,,Found,Found,225.0,,410.0,563.0,,,,,,,,Found,Found,,firefox 57.0,,,,F,F,T,T,desktop,Windows
3046722,-5.0,99673.0,,,0.0,0.0,,,,,100.0,NotFound,52.0,,New,NotFound,225.0,,484.0,507.0,,,,,,,,New,NotFound,,chrome 63.0,,,,F,F,T,T,desktop,Windows
3046916,-5.0,163791.0,,,0.0,0.0,,,,,100.0,NotFound,52.0,,New,NotFound,225.0,,290.0,401.0,,,,,,,,New,NotFound,,chrome 63.0,,,,F,F,T,T,desktop,
3046955,-5.0,237581.0,,,1.0,0.0,,,,,100.0,NotFound,52.0,,New,NotFound,225.0,,266.0,305.0,,,,,,,,New,NotFound,,chrome 63.0,,,,F,F,T,T,desktop,Windows
3046938,0.0,126009.0,,,2.0,0.0,,,0.0,0.0,95.08000183105467,NotFound,,,New,NotFound,225.0,,574.0,507.0,,,,,,,,Found,Found,,firefox 57.0,,,,F,F,T,T,desktop,rv:57.0
3051240,0.0,27384.0,,,1.0,-6.0,,,,,100.0,NotFound,,-300.0,New,NotFound,166.0,13.0,352.0,222.0,,,,,,,,New,NotFound,Android 7.0,chrome 63.0 for android,32.0,2560x1440,match_status:2,T,F,T,T,mobile,VS987 Build/NRD90U
3047134,-5.0,250281.0,,,2.0,0.0,,,,,100.0,NotFound,52.0,,New,NotFound,225.0,,254.0,507.0,,,,,,,,New,NotFound,,chrome 62.0,,,,F,F,T,T,desktop,
3047206,0.0,210985.0,0.0,0.0,0.0,0.0,,,0.0,0.0,100.0,NotFound,20.0,,Found,Found,225.0,,266.0,612.0,,,,,,,,Found,Found,,chrome 61.0 for android,,,,F,F,T,T,mobile,SM-J120H Build/LMY47V
3047279,-25.0,268222.0,,,0.0,0.0,,,,,100.0,NotFound,63.0,,Unknown,,225.0,,254.0,507.0,,,,,,,,New,NotFound,,firefox 57.0,,,,F,F,F,T,desktop,Windows
3047482,-5.0,413355.0,0.0,0.0,0.0,0.0,,,0.0,0.0,100.0,NotFound,52.0,,Found,Found,225.0,,427.0,507.0,,,,,,,,Found,Found,,chrome 62.0,,,,F,F,T,T,desktop,Windows
3047540,0.0,155532.0,,,0.0,-10.0,,,,,100.0,NotFound,,,New,NotFound,225.0,15.0,176.0,507.0,,,,,,,,New,NotFound,,chrome 62.0 for android,,,,F,F,T,T,mobile,SM-J320M Build/LMY47V
3047544,-25.0,295405.0,,,0.0,-7.0,,,,,100.0,NotFound,63.0,,Unknown,,225.0,,242.0,507.0,,,,,,,,New,NotFound,,chrome 63.0,,,,F,F,F,T,desktop,Windows
3047601,-25.0,81527.0,,,0.0,-7.0,,,0.0,0.0,95.08000183105467,NotFound,63.0,,Unknown,,225.0,,242.0,507.0,,,,,,,,Found,Found,,chrome 63.0,,,,F,F,F,T,desktop,Windows
3047605,-5.0,184379.0,0.0,0.0,0.0,0.0,,,0.0,0.0,100.0,NotFound,49.0,-360.0,Found,Found,225.0,,254.0,507.0,,,,,,,,Found,Found,,safari generic,,,,F,T,F,T,desktop,
3047597,-5.0,129861.0,0.0,0.0,0.0,0.0,,,0.0,0.0,100.0,NotFound,52.0,,Found,Found,225.0,,176.0,507.0,,,,,,,,Found,Found,,chrome 63.0,,,,F,F,T,T,desktop,Windows
3047676,-5.0,62799.0,0.0,0.0,0.0,0.0,,,0.0,0.0,100.0,NotFound,52.0,,Found,Found,225.0,,176.0,507.0,,,,,,,,Found,Found,,chrome 63.0,,,,F,F,T,T,desktop,Windows
3047602,-25.0,72421.0,,,0.0,-7.0,,,0.0,0.0,95.08000183105467,NotFound,63.0,,Unknown,,225.0,,242.0,507.0,,,,,,,,Found,Found,,firefox 57.0,,,,F,F,F,T,desktop,Windows
3047692,-5.0,60123.0,0.0,0.0,1.0,0.0,,,0.0,0.0,100.0,NotFound,52.0,,Found,Found,225.0,,176.0,507.0,,,,,,,,Found,Found,,chrome 63.0,,,,F,F,T,T,desktop,Windows
3047700,-5.0,199101.0,0.0,0.0,0.0,0.0,,,0.0,0.0,100.0,NotFound,52.0,,Found,Found,225.0,,176.0,507.0,,,,,,,,Found,Found,,chrome 63.0,,,,F,F,T,T,desktop,Windows
3047720,-10.0,68431.0,0.0,0.0,0.0,0.0,,,0.0,0.0,100.0,NotFound,52.0,,Found,Found,225.0,,176.0,507.0,,,,,,,,Found,Found,,chrome 63.0,,,,F,F,T,T,desktop,Windows
3047709,0.0,70508.0,,,3.0,-10.0,,,,,100.0,NotFound,20.0,,New,NotFound,225.0,,254.0,507.0,,,,,,,,New,NotFound,,chrome 62.0 for android,,,,F,F,T,T,mobile,SM-J320M Build/LMY47V
3047606,-10.0,57214.0,0.0,0.0,0.0,0.0,,,0.0,0.0,100.0,NotFound,52.0,,Found,Found,225.0,,176.0,507.0,,,,,,,,Found,Found,,chrome 63.0,,,,F,F,T,T,desktop,Windows
3047734,-10.0,55605.0,0.0,0.0,1.0,0.0,,,0.0,0.0,100.0,NotFound,52.0,,Found,Found,225.0,,176.0,507.0,,,,,,,,Found,Found,,chrome 63.0,,,,F,F,T,T,desktop,Windows
3047655,0.0,164957.0,,,0.0,-8.0,,,,,100.0,NotFound,,,New,NotFound,225.0,,384.0,561.0,,,,,,,,New,NotFound,,chrome 56.0 for android,,,,F,F,T,T,mobile,HUAWEI Y625-U13 Build/HUAWEIY625-U13
3047724,-5.0,187787.0,,,0.0,0.0,,,,,100.0,NotFound,52.0,,New,NotFound,225.0,,266.0,305.0,,,,,,,,New,NotFound,,chrome 63.0,,,,F,F,T,T,desktop,Windows
3047793,0.0,129870.0,0.0,0.0,-5.0,-100.0,,,0.0,0.0,100.0,NotFound,,,Found,Found,225.0,15.0,384.0,507.0,,,,,,,,Found,Found,,chrome 56.0 for android,,,,F,F,T,T,mobile,HUAWEI Y625-U13 Build/HUAWEIY625-U13
3047835,-20.0,317879.0,,,11.0,-28.0,,,,,100.0,NotFound,49.0,,Unknown,,225.0,15.0,417.0,507.0,,,,,,,,New,NotFound,,samsung browser 6.2,,,,F,F,F,T,mobile,SAMSUNG SM-G610M Build/MMB29K
3047878,-5.0,133418.0,,,1.0,-13.0,,,,,100.0,NotFound,52.0,,Found,NotFound,225.0,15.0,414.0,507.0,,,,,,,,Found,NotFound,,chrome 62.0,,,,F,F,T,T,desktop,
3047882,0.0,141697.0,0.0,0.0,0.0,-28.0,,,0.0,0.0,100.0,NotFound,,,Found,Found,225.0,15.0,384.0,507.0,,,,,,,,Found,Found,,chrome 56.0 for android,,,,F,F,T,T,mobile,HUAWEI Y625-U13 Build/HUAWEIY625-U13
3047807,0.0,69534.0,0.0,0.0,-10.0,-100.0,,,0.0,0.0,100.0,NotFound,20.0,,Found,Found,225.0,,417.0,507.0,,,,,,,,Found,Found,,chrome 62.0 for android,,,,F,F,T,T,mobile,E6833
3047812,0.0,236481.0,0.0,0.0,-2.0,-28.0,,,0.0,0.0,100.0,NotFound,43.0,,Found,Found,225.0,15.0,384.0,507.0,,,,,,,,Found,Found,,chrome 56.0 for android,,,,F,F,T,T,mobile,HUAWEI Y625-U13 Build/HUAWEIY625-U13
3047873,-5.0,311533.0,0.0,0.0,0.0,-28.0,,,0.0,0.0,100.0,NotFound,43.0,,Found,Found,225.0,15.0,384.0,507.0,,,,,,,,Found,Found,,chrome 56.0 for android,,,,F,F,T,T,mobile,HUAWEI Y625-U13 Build/HUAWEIY625-U13
3056200,-10.0,287322.0,,,3.0,-15.0,15.0,-30.0,,,100.0,NotFound,49.0,-360.0,New,NotFound,166.0,12.0,122.0,214.0,252.0,14.0,IP_PROXY:TRANSPARENT,11.0,321.0,142.0,Found,New,NotFound,iOS 11.1.2,mobile safari 11.0,32.0,2208x1242,match_status:1,T,F,F,T,mobile,iOS Device
3048131,0.0,228725.0,,,1.0,0.0,,,,,100.0,NotFound,20.0,,New,NotFound,225.0,,427.0,563.0,,,,,,,,New,NotFound,,chrome 62.0 for android,,,,F,F,T,T,mobile,LG-X210 Build/LMY47I
3048165,0.0,185053.0,,,0.0,0.0,,,,,100.0,NotFound,20.0,,New,NotFound,225.0,,290.0,401.0,,,,,,,,New,NotFound,,mobile safari generic,,,,F,F,T,T,mobile,
3048186,0.0,195453.0,0.0,0.0,1.0,0.0,,,0.0,0.0,100.0,NotFound,20.0,,Found,Found,225.0,,427.0,563.0,,,,,,,,Found,Found,,chrome 62.0 for android,,,,F,F,T,T,mobile,LG-X210 Build/LMY47I
3048200,0.0,290514.0,0.0,0.0,1.0,0.0,,,0.0,0.0,100.0,NotFound,43.0,,Found,Found,225.0,,427.0,563.0,,,,,,,,Found,Found,,chrome 62.0 for android,,,,F,F,T,T,mobile,LG-X210 Build/LMY47I
3048171,0.0,194388.0,,,2.0,0.0,,,,,100.0,NotFound,,,New,NotFound,225.0,,427.0,507.0,,,,,,,,New,NotFound,,chrome 62.0 for android,,,,F,F,T,T,mobile,SM-J700M Build/LMY48B
3048161,-10.0,166925.0,0.0,0.0,0.0,0.0,,,0.0,0.0,100.0,NotFound,43.0,,Found,Found,225.0,,266.0,507.0,,,,,,,,Found,Found,,chrome 56.0 for android,,,,F,F,T,T,mobile,SM-G920T1
3048223,-20.0,480053.0,,,0.0,0.0,,,,,100.0,NotFound,49.0,,Unknown,,225.0,,153.0,563.0,,,,,,,,New,NotFound,,mobile safari 11.0,,,,F,F,F,T,mobile,
3048176,0.0,457211.0,,,0.0,0.0,,,,,100.0,NotFound,20.0,-360.0,New,NotFound,225.0,,427.0,507.0,,,,,,,,New,NotFound,,ie 11.0 for desktop,,,,F,T,T,T,desktop,Trident/7.0
3048257,0.0,118998.0,0.0,0.0,0.0,0.0,,,0.0,0.0,100.0,NotFound,20.0,-360.0,Found,Found,225.0,,427.0,507.0,,,,,,,,Found,Found,,ie 11.0 for desktop,,,,F,T,T,T,desktop,Trident/7.0
3048310,0.0,134544.0,0.0,0.0,0.0,0.0,,,0.0,0.0,100.0,NotFound,,,Found,Found,225.0,,266.0,507.0,,,,,,,,Found,Found,,chrome 63.0 for android,,,,F,F,T,T,mobile,SM-G935F Build/NRD90M
3048272,0.0,213425.0,0.0,0.0,0.0,0.0,,,0.0,0.0,100.0,NotFound,43.0,,Found,Found,225.0,,266.0,507.0,,,,,,,,Found,Found,,chrome 63.0 for android,,,,F,F,T,T,mobile,SM-G935F Build/NRD90M
3048264,-5.0,447267.0,,,0.0,0.0,,,,,100.0,NotFound,52.0,,New,NotFound,225.0,,266.0,507.0,,,,,,,,New,NotFound,,chrome 63.0,,,,F,F,T,T,desktop,Windows
3048436,-5.0,341688.0,,,0.0,0.0,,,,,100.0,NotFound,52.0,-360.0,New,NotFound,225.0,,427.0,595.0,,,,,,,,New,NotFound,,ie 11.0 for desktop,,,,F,T,F,T,desktop,Trident/7.0
3048419,-5.0,103915.0,,,0.0,0.0,,,,,100.0,NotFound,52.0,,New,NotFound,225.0,,427.0,507.0,,,,,,,,New,NotFound,,chrome 62.0,,,,F,F,T,T,desktop,Windows
3048524,-10.0,48242.0,0.0,0.0,1.0,0.0,,,0.0,0.0,100.0,NotFound,52.0,,Found,Found,225.0,,176.0,507.0,,,,,,,,Found,Found,,chrome 63.0,,,,F,F,T,T,desktop,Windows
3048491,-10.0,173182.0,0.0,0.0,0.0,0.0,,,0.0,0.0,100.0,NotFound,52.0,,Found,Found,225.0,,176.0,507.0,,,,,,,,Found,Found,,chrome 63.0,,,,F,F,T,T,desktop,Windows
3048440,0.0,123484.0,,,0.0,0.0,,,,,100.0,NotFound,20.0,,New,NotFound,225.0,,266.0,507.0,,,,,,,,New,NotFound,,chrome 62.0 for android,,,,F,F,T,T,mobile,SM-J700M Build/MMB29K
3052761,0.0,44129.0,,,0.0,-1.0,,,,,100.0,NotFound,,-300.0,New,NotFound,166.0,,390.0,107.0,,,,,,,,New,NotFound,Mac OS X 10_12_6,safari generic,24.0,1280x800,match_status:2,T,F,T,T,desktop,MacOS
3048515,-5.0,155778.0,0.0,0.0,1.0,0.0,,,0.0,0.0,100.0,NotFound,52.0,,Found,Found,225.0,,266.0,325.0,,,,,,,,Found,Found,,chrome 63.0,,,,F,F,T,T,desktop,Windows
3048538,0.0,213344.0,,,0.0,0.0,,,,,100.0,NotFound,,,New,NotFound,225.0,,153.0,139.0,,,,,,,,New,NotFound,,mobile safari generic,,,,F,F,T,T,mobile,
3048576,-20.0,128281.0,,,,,,,,,100.0,NotFound,49.0,,Unknown,,225.0,,607.0,507.0,,,,,,,,New,NotFound,,mobile safari 11.0,,,,F,F,F,T,mobile,
3048651,-20.0,476935.0,,,0.0,0.0,,,0.0,0.0,93.5500030517578,NotFound,49.0,,Unknown,,225.0,,266.0,401.0,,,,,,,,Found,Found,,safari generic,,,,F,F,F,T,desktop,
3048654,0.0,226172.0,,,1.0,-5.0,,,,,100.0,NotFound,20.0,,New,NotFound,225.0,,176.0,507.0,,,,,,,,New,NotFound,,chrome generic,,,,F,F,T,T,mobile,Moto E (4) Build/NMA26.42-19
3048671,-5.0,154773.0,,,0.0,-6.0,,,,,100.0,NotFound,52.0,,New,NotFound,225.0,15.0,153.0,411.0,,,,,,,,New,NotFound,,chrome 63.0,,,,F,F,T,T,desktop,Windows
3048687,-5.0,196790.0,0.0,0.0,0.0,-6.0,,,0.0,0.0,100.0,NotFound,52.0,,Found,Found,225.0,15.0,153.0,411.0,,,,,,,,Found,Found,,chrome 63.0,,,,F,F,T,T,desktop,Windows
3048701,-10.0,90505.0,0.0,0.0,0.0,0.0,,,0.0,0.0,100.0,NotFound,52.0,,Found,Found,225.0,,427.0,417.0,,,,,,,,Found,Found,,chrome 63.0,,,,F,F,T,T,desktop,
3048678,-10.0,83847.0,0.0,0.0,0.0,-6.0,,,0.0,0.0,100.0,NotFound,52.0,,Found,Found,225.0,15.0,153.0,411.0,,,,,,,,Found,Found,,chrome 63.0,,,,F,F,T,T,desktop,Windows
3048718,-5.0,393379.0,,,,,,,,,100.0,NotFound,52.0,,New,NotFound,225.0,,266.0,315.0,,,,,,,,New,NotFound,,firefox 57.0,,,,F,F,T,T,desktop,Windows
3048763,-5.0,146440.0,0.0,0.0,0.0,0.0,,,0.0,0.0,100.0,NotFound,52.0,,Found,Found,225.0,,427.0,325.0,,,,,,,,Found,Found,,chrome 62.0,,,,F,F,T,T,desktop,Windows
3048783,0.0,128373.0,,,0.0,-10.0,,,,,100.0,NotFound,,,New,NotFound,225.0,,384.0,561.0,,,,,,,,New,NotFound,,chrome 63.0 for android,,,,F,F,T,T,mobile,SM-A320Y Build/NRD90M
3048778,-5.0,484600.0,0.0,0.0,0.0,0.0,,,0.0,0.0,100.0,NotFound,52.0,,Found,Found,225.0,,254.0,507.0,,,,,,,,Found,Found,,edge 16.0,,,,F,F,T,T,desktop,Windows
3048792,0.0,279323.0,,,1.0,0.0,,,,,100.0,NotFound,20.0,,New,NotFound,225.0,,271.0,507.0,,,,,,,,New,NotFound,,chrome 62.0 for android,,,,F,F,T,T,mobile,SM-J700M Build/MMB29K
3048834,0.0,284558.0,0.0,0.0,7.0,-24.0,,,0.0,0.0,100.0,NotFound,20.0,,Found,Found,225.0,15.0,417.0,507.0,,,,,,,,Found,Found,,chrome 59.0 for android,,,,F,F,T,T,mobile,SM-J120H Build/LMY47V
3048832,-5.0,247941.0,,,0.0,-12.0,,,,,100.0,NotFound,52.0,,New,NotFound,225.0,15.0,176.0,507.0,,,,,,,,New,NotFound,,chrome 63.0,,,,F,F,T,T,desktop,Windows
3053062,-25.0,190903.0,,,0.0,0.0,,,,,100.0,NotFound,49.0,,Unknown,,225.0,,266.0,507.0,,,,,,,,New,NotFound,,mobile safari 10.0,,,,F,F,F,F,mobile,
3048885,-20.0,214191.0,,,6.0,-100.0,,,,,100.0,NotFound,49.0,,Unknown,,225.0,15.0,266.0,507.0,,,,,,,,New,NotFound,,mobile safari 11.0,,,,F,F,F,T,mobile,
3053206,-20.0,53139.0,,,9.0,-20.0,,,,,100.0,NotFound,49.0,-300.0,Unknown,,166.0,15.0,420.0,549.0,,,,,,,,New,NotFound,iOS 10.3.3,mobile safari 10.0,32.0,1136x640,match_status:1,T,F,F,T,mobile,iOS Device
3049059,-5.0,202456.0,,,0.0,0.0,,,,,100.0,NotFound,52.0,,New,NotFound,225.0,,176.0,507.0,,,,,,,,New,NotFound,,chrome 63.0,,,,F,F,T,T,desktop,Windows
3057705,0.0,78076.0,0.0,0.0,0.0,0.0,,,0.0,0.0,100.0,NotFound,,-360.0,Found,Found,166.0,,454.0,214.0,,,,,,,,Found,Found,Android 7.0,chrome 63.0 for android,32.0,2560x1440,match_status:2,T,F,T,T,mobile,SAMSUNG-SM-G920A Build/NRD90M
3057813,-5.0,59461.0,,,0.0,0.0,,,,,100.0,NotFound,52.0,-360.0,New,NotFound,166.0,,542.0,214.0,,,,,,,,New,NotFound,Windows 7,chrome 62.0,24.0,1920x1080,match_status:2,T,F,T,F,desktop,Windows
3053503,-5.0,20678.0,,,0.0,0.0,,,,,100.0,NotFound,52.0,-420.0,New,NotFound,166.0,,410.0,472.0,,,,,,,,New,NotFound,Windows 10,chrome 63.0,24.0,1366x768,match_status:2,T,F,T,T,desktop,Windows
3045126,-5.0,108515.0,,,0.0,-3.0,,,,,100.0,NotFound,52.0,-300.0,New,NotFound,166.0,,193.0,533.0,,,,,,,,New,NotFound,Windows 7,firefox 57.0,24.0,1680x1050,match_status:2,T,F,T,T,desktop,Windows
3049398,-5.0,101590.0,0.0,0.0,0.0,0.0,,,0.0,0.0,100.0,NotFound,52.0,,Found,Found,225.0,,427.0,507.0,,,,,,,,Found,Found,,chrome 63.0,,,,F,F,T,T,desktop,Windows
3045247,-5.0,104073.0,0.0,0.0,0.0,-3.0,,,0.0,0.0,100.0,Found,52.0,-300.0,Found,Found,166.0,,193.0,533.0,,,,,,,,Found,Found,Windows 7,firefox 57.0,24.0,1680x1050,match_status:2,T,F,T,T,desktop,Windows
3049530,-5.0,127240.0,,,0.0,-14.0,,,,,100.0,NotFound,52.0,,New,NotFound,225.0,,559.0,507.0,,,,,,,,New,NotFound,,chrome 63.0,,,,F,F,T,T,desktop,Windows
3053843,0.0,41549.0,,,4.0,-29.0,,,-4.0,-5.0,92.7699966430664,NotFound,,-360.0,New,NotFound,166.0,13.0,410.0,489.0,,,,,,,,Found,Found,Windows 10,ie 11.0 for desktop,24.0,1920x1080,match_status:2,T,T,T,T,desktop,Trident/7.0
3049644,0.0,74345.0,,,0.0,0.0,,,,,100.0,NotFound,20.0,,New,NotFound,225.0,,427.0,507.0,,,,,,,,New,NotFound,,chrome generic,,,,F,F,T,T,mobile,Moto E (4) Build/NMA26.42-69
3049879,-5.0,234018.0,,,0.0,0.0,,,,,100.0,NotFound,52.0,-360.0,New,NotFound,225.0,,266.0,507.0,,,,,,,,New,NotFound,,ie 11.0 for desktop,,,,F,T,F,T,desktop,Trident/7.0
3063185,-5.0,133375.0,0.0,0.0,0.0,-12.0,,,0.0,0.0,100.0,NotFound,52.0,-420.0,Found,Found,166.0,,341.0,225.0,,,,,,,,Found,Found,Windows 7,chrome 63.0,24.0,1920x1080,match_status:2,T,F,T,F,desktop,Windows
3049835,-20.0,223644.0,,,0.0,0.0,,,,,100.0,NotFound,49.0,,Unknown,,225.0,,427.0,610.0,,,,,,,,New,NotFound,,mobile safari 11.0,,,,F,F,F,T,mobile,
3049959,0.0,241110.0,,,0.0,0.0,,,,,100.0,NotFound,,-360.0,New,NotFound,225.0,,266.0,638.0,,,,,,,,New,NotFound,,ie 11.0 for tablet,,,,F,T,T,T,desktop,Trident/7.0
3054250,-5.0,97818.0,0.0,0.0,-1.0,-4.0,,,0.0,0.0,100.0,NotFound,52.0,-300.0,Found,Found,166.0,15.0,337.0,549.0,,,,,,,,Found,Found,Windows 10,chrome 63.0,24.0,1920x1080,match_status:2,T,F,T,F,desktop,Windows
3054289,-10.0,144079.0,,,25.0,-5.0,28.0,-85.0,,,100.0,NotFound,52.0,-300.0,New,NotFound,166.0,13.0,231.0,549.0,853.0,14.0,IP_PROXY:TRANSPARENT,15.0,375.0,184.0,Found,New,NotFound,Windows 7,chrome 63.0,24.0,1600x1200,match_status:2,T,F,T,F,desktop,Windows
3050096,-5.0,59493.0,,,5.0,-3.0,,,,,100.0,NotFound,52.0,,New,NotFound,225.0,,427.0,610.0,,,,,,,,New,NotFound,,chrome 63.0,,,,F,F,T,T,desktop,
3054407,-5.0,30839.0,,,0.0,0.0,,,,,100.0,NotFound,52.0,-300.0,New,NotFound,166.0,15.0,390.0,549.0,,,,,,,,New,NotFound,Windows 10,chrome 63.0,24.0,1366x768,match_status:2,T,F,T,T,desktop,Windows
3050147,-5.0,118773.0,,,0.0,0.0,,,,,100.0,NotFound,52.0,,New,NotFound,225.0,,427.0,325.0,,,,,,,,New,NotFound,,chrome 63.0,,,,F,F,T,T,desktop,Windows
3050132,0.0,325318.0,,,2.0,0.0,,,,,100.0,NotFound,,-360.0,New,NotFound,225.0,,427.0,325.0,,,,,,,,New,NotFound,,firefox,,,,F,T,T,T,desktop,
3050181,-5.0,241451.0,,,-2.0,-28.0,,,0.0,0.0,95.08000183105467,NotFound,52.0,,New,NotFound,225.0,15.0,266.0,507.0,,,,,,,,Found,Found,,edge 15.0,,,,F,F,T,T,desktop,Windows
3050162,0.0,115424.0,,,-1.0,-26.0,,,,,100.0,NotFound,,,New,NotFound,225.0,12.0,417.0,507.0,,,,,,,,New,NotFound,,chrome 62.0 for android,,,,F,F,T,T,mobile,SM-J700M Build/MMB29K
3050291,-40.0,178079.0,,,3.0,-8.0,,,,,100.0,NotFound,20.0,,New,NotFound,225.0,,345.0,507.0,,,,,,,,New,NotFound,,chrome 62.0 for android,,,,F,F,T,T,mobile,ALE-L23 Build/HuaweiALE-L23
3050274,-100.0,366012.0,,,14.0,-90.0,7.0,-32.0,,,100.0,NotFound,11.0,-360.0,New,NotFound,142.0,12.0,410.0,261.0,101.0,41.0,IP_PROXY:HIDDEN,,443.0,215.0,Found,New,NotFound,,ie 11.0 for desktop,,,,F,T,T,T,desktop,rv:11.0
3050446,0.0,201221.0,,,0.0,0.0,,,,,100.0,NotFound,,,New,NotFound,225.0,,427.0,507.0,,,,,,,,New,NotFound,,chrome 61.0 for android,,,,F,F,T,T,mobile,LG-H500 Build/LRX21Y
3050478,-5.0,171187.0,,,1.0,0.0,,,,,100.0,NotFound,52.0,,New,NotFound,225.0,,290.0,401.0,,,,,,,,New,NotFound,,chrome 63.0,,,,F,F,T,T,desktop,Windows
3050436,-5.0,353455.0,,,0.0,0.0,,,,,100.0,NotFound,52.0,,New,NotFound,225.0,,176.0,507.0,,,,,,,,New,NotFound,,chrome 63.0,,,,F,F,T,T,desktop,Windows
3050469,0.0,272848.0,,,0.0,0.0,,,,,100.0,NotFound,,-360.0,New,NotFound,225.0,,266.0,595.0,,,,,,,,New,NotFound,,firefox 52.0,,,,F,T,T,T,desktop,
3050638,0.0,149547.0,0.0,0.0,0.0,0.0,,,0.0,0.0,100.0,NotFound,,,Found,Found,225.0,,427.0,507.0,,,,,,,,Found,Found,,chrome 61.0 for android,,,,F,F,T,T,mobile,LG-H500 Build/LRX21Y
3050677,0.0,113017.0,,,3.0,0.0,,,,,100.0,NotFound,20.0,,New,NotFound,225.0,,266.0,325.0,,,,,,,,New,NotFound,,chrome 62.0 for android,,,,F,F,T,T,mobile,CRO-L03 Build/HUAWEICRO-L03
3050656,-5.0,87091.0,,,0.0,0.0,,,,,100.0,NotFound,52.0,,New,NotFound,225.0,,427.0,507.0,,,,,,,,New,NotFound,,chrome 63.0,,,,F,F,T,T,desktop,
3050706,0.0,252890.0,,,0.0,0.0,,,0.0,0.0,96.73999786376952,NotFound,,-360.0,New,NotFound,225.0,,266.0,595.0,,,,,,,,Found,Found,,firefox 52.0,,,,F,T,T,T,desktop,
3050704,0.0,115656.0,0.0,0.0,0.0,0.0,,,0.0,0.0,100.0,NotFound,,-360.0,Found,Found,225.0,,266.0,595.0,,,,,,,,Found,Found,,firefox 52.0,,,,F,T,T,T,desktop,
3050755,0.0,341553.0,,,0.0,-5.0,,,,,100.0,NotFound,,,New,NotFound,225.0,,290.0,401.0,,,,,,,,New,NotFound,,chrome 59.0 for android,,,,F,F,T,T,mobile,Moto C Plus Build/NRD90M.05.034
3050752,-5.0,94164.0,0.0,0.0,0.0,0.0,,,0.0,0.0,100.0,NotFound,52.0,,Found,Found,225.0,,427.0,563.0,,,,,,,,Found,Found,,chrome 62.0,,,,F,F,T,T,desktop,Windows
3050787,-20.0,447635.0,,,4.0,0.0,,,,,100.0,NotFound,52.0,,New,NotFound,225.0,,254.0,507.0,,,,,,,,New,NotFound,,chrome 63.0,,,,F,F,T,T,desktop,Windows
3059739,0.0,52973.0,0.0,0.0,0.0,0.0,,,0.0,0.0,100.0,NotFound,,-360.0,Found,Found,166.0,,529.0,214.0,,,,,,,,Found,Found,Android 6.0.1,chrome 62.0 for android,32.0,1920x1080,match_status:2,T,F,T,T,mobile,SM-G900P Build/MMB29M
3050985,0.0,200542.0,,,0.0,0.0,,,,,100.0,NotFound,,,New,NotFound,225.0,,427.0,563.0,,,,,,,,New,NotFound,,chrome 63.0 for android,,,,F,F,T,T,mobile,SM-A710M Build/LMY47X
3050914,-5.0,95746.0,0.0,0.0,0.0,0.0,,,0.0,0.0,100.0,NotFound,49.0,-360.0,Found,Found,225.0,,266.0,325.0,,,,,,,,Found,Found,,chrome 49.0,,,,F,T,T,F,desktop,
3050864,0.0,175544.0,0.0,0.0,0.0,0.0,,,0.0,0.0,100.0,NotFound,,-360.0,Found,Found,225.0,,266.0,595.0,,,,,,,,Found,Found,,firefox 52.0,,,,F,T,T,T,desktop,
3051044,0.0,270711.0,,,0.0,0.0,,,,,100.0,NotFound,,,New,NotFound,225.0,,254.0,507.0,,,,,,,,New,NotFound,,chrome 59.0 for android,,,,F,F,T,T,mobile,8050G Build/LMY47I
3055361,-15.0,,,,,,,,,,,NotFound,14.0,,,,,,,,,,,,,,,,,,,,,,,,,,,
3051031,-15.0,180598.0,0.0,0.0,0.0,0.0,,,0.0,0.0,100.0,NotFound,35.0,-360.0,Found,Found,225.0,,266.0,595.0,,,,,,,,Found,Found,,firefox 52.0,,,,F,T,T,T,desktop,
3050977,-20.0,123646.0,0.0,0.0,0.0,0.0,,,0.0,0.0,100.0,NotFound,24.0,-360.0,Found,Found,225.0,,266.0,595.0,,,,,,,,Found,Found,,firefox 52.0,,,,F,T,T,T,desktop,
3055462,0.0,79404.0,0.0,0.0,0.0,0.0,,,0.0,0.0,100.0,NotFound,,-480.0,Found,Found,166.0,,529.0,222.0,,,,,,,,Found,Found,Mac OS X 10_10_5,chrome 63.0,24.0,1280x800,match_status:2,T,F,T,T,desktop,MacOS
3051129,-5.0,311654.0,,,0.0,0.0,,,,,100.0,NotFound,52.0,,New,NotFound,225.0,,266.0,325.0,,,,,,,,New,NotFound,,chrome 63.0,,,,F,F,T,T,desktop,
3074803,0.0,348683.0,,,0.0,0.0,,,,,100.0,NotFound,,,New,NotFound,225.0,,153.0,340.0,,,,,,,,New,NotFound,,chrome 63.0 for android,,,,F,F,T,T,mobile,LG-X210 Build/LMY47I
3051421,0.0,164159.0,,,0.0,-11.0,,,,,100.0,NotFound,,,New,NotFound,225.0,,384.0,507.0,,,,,,,,New,NotFound,,chrome 62.0 for android,,,,F,F,T,T,mobile,HUAWEI G7-L03 Build/HuaweiG7-L03
3051549,-15.0,,,,,,,,,,,NotFound,20.0,,,,,,,,,,,,,,,,,,,,,,,,,,,
3051540,0.0,143251.0,,,8.0,0.0,,,,,100.0,NotFound,20.0,,New,NotFound,225.0,,417.0,507.0,,,,,,,,New,NotFound,,chrome 62.0 for android,,,,F,F,T,T,mobile,SM-J700M Build/MMB29K
3051498,-15.0,382306.0,,,0.0,-5.0,,,,,100.0,NotFound,58.0,-360.0,New,NotFound,225.0,15.0,176.0,507.0,,,,,,,,New,NotFound,,ie 11.0 for desktop,,,,F,T,T,T,desktop,Trident/7.0
3051632,0.0,141438.0,0.0,0.0,6.0,-11.0,,,0.0,0.0,100.0,NotFound,20.0,,Found,Found,225.0,15.0,417.0,507.0,,,,,,,,Found,Found,,chrome 56.0 for android,,,,F,F,T,T,mobile,LG-H500 Build/LRX21Y
3055780,-15.0,47994.0,0.0,0.0,,,7.0,-14.0,0.0,0.0,100.0,NotFound,52.0,-300.0,Found,Found,,,,,131.0,14.0,IP_PROXY:ANONYMOUS,16.0,205.0,161.0,Found,Found,Found,Windows 7,chrome 63.0,24.0,1366x768,match_status:2,T,F,T,T,desktop,Windows
3051568,-70.0,408303.0,,,6.0,-16.0,1.0,-12.0,,,100.0,NotFound,52.0,,New,NotFound,225.0,,290.0,401.0,728.0,14.0,IP_PROXY:TRANSPARENT,11.0,100.0,184.0,Found,New,NotFound,,chrome 63.0,,,,F,F,T,T,desktop,
3051718,-45.0,85184.0,0.0,0.0,11.0,-12.0,,,0.0,0.0,100.0,NotFound,20.0,,Found,Found,225.0,,417.0,507.0,,,,,,,,Found,Found,,chrome 62.0 for android,,,,F,F,T,T,mobile,BLL-L23 Build/HUAWEIBLL-L23
3051653,0.0,84556.0,,,9.0,-13.0,,,,,100.0,NotFound,20.0,,New,NotFound,225.0,15.0,345.0,507.0,,,,,,,,New,NotFound,,chrome generic,,,,F,F,T,T,mobile,Moto G (4) Build/NPJS25.93-14-10
3051684,-45.0,86841.0,0.0,0.0,7.0,-12.0,,,0.0,0.0,100.0,NotFound,20.0,,Found,Found,225.0,,417.0,507.0,,,,,,,,Found,Found,,chrome 62.0 for android,,,,F,F,T,T,mobile,BLL-L23 Build/HUAWEIBLL-L23
3051617,0.0,221796.0,,,3.0,-48.0,,,,,100.0,NotFound,,,New,NotFound,225.0,15.0,384.0,507.0,,,,,,,,New,NotFound,,chrome 63.0 for android,,,,F,F,T,T,mobile,moto x4 Build/NPW26.83-18-2-0-4
3051807,-20.0,157564.0,0.0,0.0,0.0,0.0,,,0.0,0.0,100.0,NotFound,52.0,,Found,Found,225.0,,427.0,507.0,,,,,,,,Found,Found,,edge 16.0,,,,F,F,T,T,desktop,Windows
3051846,-10.0,85118.0,0.0,0.0,0.0,0.0,,,0.0,0.0,100.0,NotFound,32.0,,Found,Found,225.0,,153.0,417.0,,,,,,,,Found,Found,,chrome generic,,,,F,F,T,T,mobile,Moto G (4) Build/NPJ25.93-14.5
3051780,0.0,253086.0,,,0.0,-9.0,,,,,100.0,NotFound,,,New,NotFound,225.0,,176.0,507.0,,,,,,,,New,NotFound,,chrome 63.0 for android,,,,F,F,T,T,mobile,SM-J700M Build/MMB29K
3051830,-45.0,87951.0,0.0,0.0,6.0,-12.0,,,0.0,0.0,100.0,NotFound,20.0,,Found,Found,225.0,,417.0,507.0,,,,,,,,Found,Found,,chrome 62.0 for android,,,,F,F,T,T,mobile,BLL-L23 Build/HUAWEIBLL-L23
3051796,-10.0,219394.0,0.0,0.0,0.0,0.0,,,0.0,0.0,100.0,NotFound,32.0,,Found,Found,225.0,,153.0,417.0,,,,,,,,Found,Found,,chrome generic,,,,F,F,T,T,mobile,Moto G (4) Build/NPJ25.93-14.5
3051797,-15.0,288943.0,0.0,0.0,0.0,0.0,,,0.0,0.0,100.0,NotFound,43.0,,Found,Found,225.0,,153.0,417.0,,,,,,,,Found,Found,,chrome generic,,,,F,F,T,T,mobile,Moto G (4) Build/NPJ25.93-14.5
3051805,-15.0,433867.0,0.0,0.0,0.0,0.0,,,0.0,0.0,100.0,NotFound,43.0,,Found,Found,225.0,,153.0,417.0,,,,,,,,Found,Found,,chrome generic,,,,F,F,T,T,mobile,Moto G (4) Build/NPJ25.93-14.5
3051907,-5.0,132682.0,,,12.0,-4.0,,,0.0,0.0,93.33000183105467,NotFound,52.0,,New,NotFound,225.0,15.0,410.0,507.0,,,,,,,,Found,Found,,chrome 63.0,,,,F,F,T,T,desktop,Windows
3051937,-5.0,134257.0,,,0.0,0.0,,,,,100.0,NotFound,52.0,,New,NotFound,225.0,,176.0,507.0,,,,,,,,New,NotFound,,chrome 63.0,,,,F,F,T,T,desktop,Windows
3056361,-15.0,,,,,,,,,,,NotFound,14.0,,,,,,,,,,,,,,,,,,,,,,,,,,,
3052093,-15.0,109898.0,,,,,4.0,-26.0,0.0,0.0,98.7300033569336,NotFound,52.0,,New,NotFound,,,,,256.0,41.0,IP_PROXY:ANONYMOUS,11.0,545.0,199.0,Found,Found,Found,,chrome 63.0,,,,F,F,T,T,desktop,Windows
3052212,0.0,250746.0,,,,,,,,,100.0,NotFound,,,New,NotFound,225.0,,427.0,325.0,,,,,,,,New,NotFound,,chrome 63.0 for android,,,,F,F,T,T,mobile,Blade V6 Plus Build/MRA58K
3052258,-20.0,72987.0,,,0.0,0.0,,,,,100.0,NotFound,49.0,,Unknown,,225.0,,290.0,401.0,,,,,,,,New,NotFound,,mobile safari 10.0,,,,F,F,F,T,mobile,
3056520,-5.0,443586.0,,,0.0,0.0,,,0.0,0.0,97.12000274658205,NotFound,52.0,-300.0,New,NotFound,166.0,,390.0,549.0,,,,,,,,Found,Found,Windows 10,chrome 63.0,24.0,1805x1015,match_status:2,T,F,T,F,desktop,Windows
3056534,-5.0,467233.0,0.0,0.0,0.0,0.0,,,0.0,0.0,100.0,Found,52.0,-300.0,Found,Found,166.0,,390.0,549.0,,,,,,,,Found,Found,Windows 10,chrome 63.0,24.0,1805x1015,match_status:2,T,F,T,F,desktop,Windows
3052349,-5.0,214214.0,,,0.0,0.0,,,,,100.0,NotFound,52.0,,New,NotFound,225.0,,427.0,507.0,,,,,,,,New,NotFound,,chrome 63.0,,,,F,F,T,T,desktop,Windows
3052359,-20.0,141194.0,,,0.0,0.0,,,,,100.0,NotFound,49.0,,Unknown,,225.0,,290.0,401.0,,,,,,,,New,NotFound,,chrome 63.0 for android,,,,F,F,F,T,mobile,Ilium X210 Build/LMY47I
3052351,0.0,189154.0,,,0.0,0.0,,,,,100.0,NotFound,20.0,,New,NotFound,225.0,,427.0,563.0,,,,,,,,New,NotFound,,chrome 63.0,,,,F,F,T,T,desktop,
3052310,-20.0,203708.0,,,0.0,-10.0,,,,,100.0,NotFound,49.0,,Unknown,,225.0,,266.0,507.0,,,,,,,,New,NotFound,,mobile safari uiwebview,,,,F,F,F,T,mobile,
3061425,0.0,43888.0,,,0.0,0.0,,,,,100.0,NotFound,,-360.0,New,NotFound,166.0,,215.0,214.0,,,,,,,,New,NotFound,Android 4.4.2,chrome 63.0 for android,32.0,1920x1080,match_status:2,T,F,T,T,mobile,SM-S902L
3052596,-20.0,86327.0,,,15.0,-100.0,,,,,100.0,NotFound,49.0,,Unknown,,225.0,15.0,266.0,507.0,,,,,,,,New,NotFound,,mobile safari 11.0,,,,F,F,F,T,mobile,
3052581,-20.0,122158.0,,,0.0,0.0,,,,,100.0,NotFound,49.0,,Unknown,,225.0,,427.0,563.0,,,,,,,,New,NotFound,,mobile safari 11.0,,,,F,F,F,T,mobile,
3056914,-5.0,86054.0,0.0,0.0,0.0,-14.0,,,0.0,0.0,100.0,NotFound,49.0,-300.0,Found,Found,166.0,13.0,100.0,549.0,,,,,,,,Found,Found,Mac OS X 10_9_5,safari generic,24.0,2560x1600,match_status:2,T,T,F,T,desktop,MacOS
3052654,-20.0,388749.0,,,0.0,0.0,,,,,100.0,NotFound,52.0,,New,NotFound,225.0,,266.0,325.0,,,,,,,,New,NotFound,,chrome 63.0,,,,F,F,T,T,desktop,Windows
3056994,-5.0,40475.0,0.0,0.0,0.0,0.0,,,0.0,0.0,100.0,NotFound,52.0,-300.0,Found,Found,166.0,,193.0,600.0,,,,,,,,Found,Found,Windows 10,chrome 63.0,24.0,1920x1080,match_status:2,T,F,T,T,desktop,Windows
3066479,-5.0,62559.0,,,0.0,0.0,,,0.0,0.0,97.62000274658205,Found,49.0,-480.0,New,NotFound,166.0,,529.0,222.0,,,,,,,,Found,Found,Mac OS X 10_10_5,safari generic,24.0,1280x800,match_status:2,T,F,F,F,desktop,MacOS
3052774,-5.0,268206.0,,,0.0,0.0,,,,,100.0,NotFound,52.0,,New,NotFound,225.0,,266.0,507.0,,,,,,,,New,NotFound,,chrome 63.0,,,,F,F,T,T,desktop,Windows
3052746,-20.0,108935.0,,,2.0,0.0,,,,,100.0,NotFound,49.0,,Unknown,,225.0,,271.0,507.0,,,,,,,,New,NotFound,,chrome 63.0 for ios,,,,F,F,F,T,mobile,
3061749,0.0,56154.0,0.0,0.0,0.0,0.0,,,0.0,0.0,100.0,Found,,-300.0,Found,Found,166.0,13.0,312.0,600.0,,,,,,,,Found,Found,Windows 8.1,ie 11.0 for desktop,24.0,,match_status:2,T,T,T,T,desktop,Trident/7.0
3052801,0.0,138714.0,0.0,0.0,0.0,0.0,,,0.0,0.0,100.0,NotFound,20.0,,Found,Found,225.0,,266.0,507.0,,,,,,,,Found,Found,,chrome 62.0,,,,F,F,T,T,desktop,
3052803,0.0,227225.0,0.0,0.0,0.0,0.0,,,0.0,0.0,100.0,NotFound,,,Found,Found,225.0,,266.0,325.0,,,,,,,,Found,Found,,chrome 52.0 for android,,,,F,F,T,T,mobile,5056A Build/MMB29M
3052843,-5.0,359302.0,,,0.0,0.0,,,,,100.0,NotFound,52.0,,New,NotFound,225.0,,266.0,507.0,,,,,,,,New,NotFound,,chrome 63.0,,,,F,F,T,T,desktop,Windows
3052855,0.0,231998.0,,,10.0,-31.0,,,,,100.0,NotFound,,,New,NotFound,225.0,15.0,417.0,561.0,,,,,,,,New,NotFound,,chrome 61.0 for android,,,,F,F,T,T,mobile,Blade A510 Build/MRA58K
3052851,0.0,103677.0,0.0,0.0,0.0,0.0,,,0.0,0.0,100.0,NotFound,20.0,,Found,Found,225.0,,254.0,507.0,,,,,,,,Found,Found,,chrome 62.0 for android,,,,F,F,T,T,mobile,SM-J730GM Build/NRD90M
3052853,-30.0,,,,,,,,,,,NotFound,14.0,,,,,,,,,,,,,,,,,,,,,,,,,,,
3052878,-30.0,,,,,,,,,,,NotFound,14.0,,,,,,,,,,,,,,,,,,,,,,,,,,,
3052927,-20.0,253649.0,,,0.0,-100.0,,,,,100.0,NotFound,49.0,,Unknown,,225.0,15.0,266.0,507.0,,,,,,,,New,NotFound,,mobile safari 11.0,,,,F,F,F,T,mobile,
3052929,-20.0,231267.0,,,0.0,0.0,,,,,100.0,NotFound,49.0,,Unknown,,225.0,,266.0,507.0,,,,,,,,New,NotFound,,mobile safari 11.0,,,,F,F,F,T,mobile,
3052928,-20.0,177629.0,,,2.0,-22.0,,,,,100.0,NotFound,49.0,,Unknown,,225.0,15.0,417.0,507.0,,,,,,,,New,NotFound,,mobile safari 10.0,,,,F,F,F,T,mobile,
3052938,0.0,106089.0,0.0,0.0,0.0,0.0,,,0.0,0.0,100.0,NotFound,20.0,,Found,Found,225.0,,266.0,566.0,,,,,,,,Found,Found,,chrome 55.0 for android,,,,F,F,T,T,mobile,SM-J320M Build/LMY47V
3052968,-5.0,70399.0,,,0.0,0.0,,,0.0,0.0,95.08000183105467,NotFound,52.0,,New,NotFound,225.0,,427.0,507.0,,,,,,,,Found,Found,,firefox generic,,,,F,F,T,T,desktop,Windows
3053021,-5.0,280640.0,0.0,0.0,0.0,0.0,,,0.0,0.0,100.0,NotFound,52.0,,Found,Found,225.0,,427.0,507.0,,,,,,,,Found,Found,,chrome 56.0,,,,F,F,T,T,desktop,Windows
3053011,0.0,239633.0,0.0,0.0,0.0,0.0,,,0.0,0.0,100.0,NotFound,20.0,,Found,Found,225.0,,266.0,507.0,,,,,,,,Found,Found,,firefox 47.0,,,,F,F,T,T,desktop,Linux i686
3071655,-5.0,49954.0,,,0.0,0.0,,,,,100.0,NotFound,49.0,-360.0,New,NotFound,166.0,,542.0,214.0,,,,,,,,New,NotFound,iOS 11.1.2,mobile safari 11.0,32.0,1334x750,match_status:1,T,F,F,T,mobile,iOS Device
3062039,-15.0,,,,,,,,,,,Found,14.0,,,,,,,,,,,,,,,,,,,,,,,,,,,
3053040,-5.0,373238.0,,,0.0,0.0,,,,,100.0,NotFound,52.0,,New,NotFound,225.0,,427.0,507.0,,,,,,,,New,NotFound,,chrome 63.0,,,,F,F,T,T,desktop,Windows
3053049,0.0,109042.0,,,0.0,0.0,,,,,100.0,NotFound,20.0,,New,NotFound,225.0,,417.0,507.0,,,,,,,,New,NotFound,,chrome 62.0 for android,,,,F,F,T,T,mobile,Redmi 4X Build/N2G47H
3053082,0.0,110649.0,,,0.0,-6.0,,,,,100.0,NotFound,,,New,NotFound,225.0,,254.0,507.0,,,,,,,,New,NotFound,,chrome generic,,,,F,F,T,T,mobile,Moto G (4) Build/NPJ25.93-14.5
3053104,-5.0,82449.0,0.0,0.0,0.0,-8.0,,,0.0,0.0,100.0,NotFound,52.0,,Found,Found,225.0,15.0,266.0,563.0,,,,,,,,Found,Found,,chrome 63.0,,,,F,F,T,T,desktop,
3053102,-5.0,54531.0,0.0,0.0,0.0,-8.0,,,0.0,0.0,100.0,NotFound,52.0,,Found,Found,225.0,15.0,266.0,563.0,,,,,,,,Found,Found,,chrome 63.0,,,,F,F,T,T,desktop,
3053226,0.0,146500.0,,,-2.0,-26.0,,,,,100.0,NotFound,20.0,,New,NotFound,225.0,15.0,417.0,507.0,,,,,,,,New,NotFound,,chrome 62.0 for android,,,,F,F,T,T,mobile,SM-J700M Build/MMB29K
3053323,-15.0,106193.0,,,5.0,-100.0,,,,,100.0,NotFound,35.0,,New,NotFound,225.0,15.0,417.0,507.0,,,,,,,,New,NotFound,,chrome 62.0 for android,,,,F,F,T,T,mobile,F3113 Build/33.2.A.3.81
3057817,-5.0,69808.0,,,0.0,0.0,,,,,100.0,NotFound,49.0,-300.0,New,NotFound,166.0,15.0,258.0,549.0,,,,,,,,New,NotFound,Android 7.0,samsung browser 6.2,32.0,2560x1440,match_status:2,T,F,T,F,mobile,SAMSUNG SM-G920P Build/NRD90M
3053454,-5.0,81629.0,,,0.0,-8.0,,,0.0,0.0,95.08000183105467,NotFound,52.0,,New,NotFound,225.0,15.0,266.0,563.0,,,,,,,,Found,Found,,chrome 63.0,,,,F,F,T,T,desktop,
3053510,-20.0,101076.0,,,0.0,-12.0,,,,,100.0,NotFound,49.0,,Unknown,,225.0,,254.0,507.0,,,,,,,,New,NotFound,,chrome 63.0,,,,F,F,F,T,desktop,
3062625,-5.0,73249.0,,,0.0,0.0,,,,,100.0,NotFound,49.0,-300.0,Found,NotFound,166.0,,548.0,277.0,,,,,,,,Found,NotFound,Mac OS X 10_11_6,safari generic,24.0,2560x1600,match_status:2,T,F,T,F,desktop,MacOS
3053586,0.0,113634.0,,,-11.0,-100.0,,,,,100.0,NotFound,20.0,,New,NotFound,225.0,15.0,266.0,507.0,,,,,,,,New,NotFound,,chrome 62.0 for android,,,,F,F,T,T,mobile,LG-M250 Build/NRD90U
3053733,-20.0,364883.0,,,0.0,0.0,,,,,100.0,NotFound,52.0,,New,NotFound,225.0,,266.0,595.0,,,,,,,,New,NotFound,,chrome 63.0,,,,F,F,T,T,desktop,Windows
3063032,0.0,98828.0,,,0.0,0.0,,,,,100.0,NotFound,,-360.0,New,NotFound,166.0,,529.0,214.0,,,,,,,,New,NotFound,iOS 11.1.2,mobile safari 11.0,32.0,1334x750,match_status:1,T,F,T,T,mobile,iOS Device
3053867,0.0,162264.0,,,2.0,-35.0,,,,,100.0,NotFound,,,New,NotFound,225.0,,384.0,561.0,,,,,,,,New,NotFound,,chrome 63.0 for android,,,,F,F,T,T,mobile,Ilium X510 Build/MRA58K
3058338,-5.0,16801.0,0.0,0.0,0.0,0.0,,,0.0,0.0,100.0,NotFound,52.0,-300.0,Found,Found,166.0,,529.0,549.0,,,,,,,,Found,Found,Windows 10,chrome 63.0,24.0,1920x1080,match_status:2,T,F,T,T,desktop,Windows
3054051,-5.0,271996.0,,,0.0,0.0,,,,,100.0,NotFound,52.0,,New,NotFound,225.0,,176.0,507.0,,,,,,,,New,NotFound,,chrome 63.0,,,,F,F,T,T,desktop,
3054177,0.0,213557.0,0.0,0.0,0.0,0.0,,,0.0,0.0,100.0,NotFound,20.0,,Found,Found,225.0,,266.0,507.0,,,,,,,,Found,Found,,chrome 62.0,,,,F,F,T,T,desktop,
3054277,0.0,82640.0,0.0,0.0,0.0,0.0,,,0.0,0.0,100.0,NotFound,20.0,,Found,Found,225.0,,266.0,507.0,,,,,,,,Found,Found,,chrome 62.0,,,,F,F,T,T,desktop,
3058874,-5.0,96676.0,0.0,0.0,6.0,-1.0,,,0.0,0.0,100.0,NotFound,52.0,-300.0,Found,Found,166.0,13.0,410.0,549.0,,,,,,,,Found,Found,Windows 7,chrome 63.0,24.0,1280x1024,match_status:2,T,F,T,T,desktop,Windows
3054338,-20.0,85118.0,,,0.0,0.0,,,,,100.0,NotFound,49.0,,Unknown,,225.0,,427.0,139.0,,,,,,,,New,NotFound,,safari generic,,,,F,F,F,T,desktop,
3054393,0.0,140330.0,,,0.0,0.0,,,,,100.0,NotFound,,,New,NotFound,225.0,15.0,266.0,507.0,,,,,,,,New,NotFound,,chrome 61.0 for android,,,,F,F,T,T,mobile,LG-K373
3054598,-5.0,114227.0,,,1.0,-11.0,,,,,100.0,NotFound,52.0,,New,NotFound,225.0,,176.0,507.0,,,,,,,,New,NotFound,,chrome 63.0,,,,F,F,T,T,desktop,
3078870,0.0,114410.0,0.0,0.0,-7.0,-28.0,,,0.0,0.0,100.0,NotFound,20.0,,Found,Found,225.0,15.0,417.0,507.0,,,,,,,,Found,Found,,chrome 59.0 for android,,,,F,F,T,T,mobile,Ilium LT510 Build/MRA58K
3054739,0.0,119644.0,,,3.0,-32.0,,,,,100.0,NotFound,20.0,,New,NotFound,225.0,15.0,417.0,507.0,,,,,,,,New,NotFound,,chrome 63.0 for android,,,,F,F,T,T,mobile,HTC Desire 530 Build/MMB29M
3050502,-5.0,72238.0,,,0.0,0.0,,,0.0,0.0,97.05999755859376,NotFound,49.0,-300.0,New,NotFound,166.0,15.0,215.0,533.0,,,,,,,,Found,Found,Mac OS X 10_12_6,safari generic,24.0,2880x1800,match_status:2,T,F,F,F,desktop,MacOS
3059499,-5.0,115265.0,0.0,0.0,0.0,0.0,,,0.0,0.0,100.0,NotFound,52.0,-300.0,Found,Found,166.0,,390.0,549.0,,,,,,,,Found,Found,Windows 10,chrome 63.0,24.0,1366x768,match_status:2,T,F,T,T,desktop,Windows
3054831,-5.0,426019.0,,,6.0,0.0,,,,,100.0,NotFound,52.0,,New,NotFound,225.0,,266.0,315.0,,,,,,,,New,NotFound,,chrome 63.0,,,,F,F,T,T,desktop,Windows
3079235,-15.0,138125.0,,,0.0,0.0,,,,,100.0,NotFound,35.0,,New,NotFound,225.0,,271.0,507.0,,,,,,,,New,NotFound,,chrome generic,,,,F,F,T,T,mobile,Moto E (4) Plus Build/NMA26.42-69
3059483,-5.0,100297.0,,,0.0,0.0,,,,,100.0,NotFound,49.0,-300.0,New,NotFound,166.0,,100.0,549.0,,,,,,,,New,NotFound,Mac OS X 10_12_6,safari generic,24.0,2880x1800,match_status:2,T,F,T,F,desktop,MacOS
3059564,-5.0,142933.0,0.0,0.0,0.0,0.0,,,0.0,0.0,100.0,Found,49.0,-300.0,Found,Found,166.0,,100.0,549.0,,,,,,,,Found,Found,Mac OS X 10_12_6,safari generic,24.0,2880x1800,match_status:2,T,F,T,F,desktop,MacOS
3055153,-25.0,65376.0,0.0,0.0,0.0,0.0,,,0.0,0.0,100.0,NotFound,52.0,,Found,Found,225.0,,153.0,417.0,,,,,,,,Found,Found,,chrome 63.0,,,,F,F,T,T,desktop,Windows
3055283,0.0,198438.0,,,0.0,0.0,,,,,100.0,NotFound,,,New,NotFound,225.0,,574.0,507.0,,,,,,,,New,NotFound,,chrome 63.0,,,,F,F,T,T,desktop,
3055411,0.0,40745.0,0.0,0.0,2.0,0.0,,,0.0,0.0,100.0,NotFound,,,Found,Found,225.0,,574.0,507.0,,,,,,,,Found,Found,,chrome 63.0,,,,F,F,T,T,desktop,
3055344,-5.0,96855.0,,,0.0,0.0,,,,,100.0,NotFound,52.0,,New,NotFound,225.0,,574.0,563.0,,,,,,,,New,NotFound,,chrome 63.0,,,,F,F,T,T,desktop,Windows
3059882,0.0,61564.0,,,0.0,0.0,,,,,100.0,Found,,-300.0,New,NotFound,166.0,,390.0,107.0,,,,,,,,New,NotFound,iOS 11.1.1,mobile safari 11.0,32.0,1334x750,match_status:1,T,F,T,T,mobile,iOS Device
3055362,0.0,152221.0,,,3.0,-12.0,,,,,100.0,NotFound,,,New,NotFound,225.0,15.0,345.0,507.0,,,,,,,,New,NotFound,,chrome generic,,,,F,F,T,T,mobile,Moto E (4) Build/NMA26.42-69
3055343,-20.0,128163.0,,,2.0,-6.0,,,,,100.0,NotFound,49.0,,Unknown,,225.0,15.0,345.0,507.0,,,,,,,,New,NotFound,,mobile safari 10.0,,,,F,F,F,T,mobile,
3064677,-5.0,86389.0,,,0.0,0.0,,,,,100.0,NotFound,52.0,-360.0,New,NotFound,166.0,,400.0,222.0,,,,,,,,New,NotFound,Windows 10,chrome 63.0,24.0,1366x768,match_status:2,T,F,T,T,desktop,Windows
3055399,-5.0,345422.0,0.0,0.0,0.0,0.0,,,0.0,0.0,100.0,NotFound,52.0,,Found,Found,225.0,,266.0,507.0,,,,,,,,Found,Found,,chrome 63.0,,,,F,F,T,T,desktop,Windows
3055575,-15.0,402947.0,,,0.0,0.0,,,,,100.0,NotFound,20.0,,New,NotFound,225.0,,153.0,325.0,,,,,,,,New,NotFound,,chrome 63.0 for android,,,,F,F,T,T,mobile,LG-H840 Build/NRD90U
3055632,-5.0,322900.0,,,1.0,-6.0,,,,,100.0,NotFound,52.0,-360.0,Found,NotFound,225.0,,176.0,507.0,,,,,,,,Found,NotFound,,ie 11.0 for desktop,,,,F,T,F,T,desktop,Trident/7.0
3064986,-5.0,153338.0,,,0.0,0.0,,,,,100.0,NotFound,49.0,-300.0,New,NotFound,166.0,,144.0,533.0,,,,,,,,New,NotFound,iOS 10.3.3,mobile safari 10.0,32.0,2048x1536,match_status:1,T,F,F,F,mobile,iOS Device
3055746,0.0,112242.0,,,10.0,-35.0,,,,,100.0,NotFound,20.0,,New,NotFound,225.0,15.0,417.0,507.0,,,,,,,,New,NotFound,,chrome 62.0 for android,,,,F,F,T,T,mobile,SM-J700M Build/MMB29K
3055798,0.0,276266.0,,,-8.0,-20.0,,,,,100.0,NotFound,20.0,,New,NotFound,225.0,15.0,417.0,507.0,,,,,,,,New,NotFound,,chrome 63.0 for android,,,,F,F,T,T,mobile,F5121 Build/34.3.A.0.238
3055940,0.0,126985.0,0.0,0.0,1.0,0.0,,,0.0,0.0,100.0,NotFound,20.0,,Found,Found,225.0,,254.0,507.0,,,,,,,,Found,Found,,chrome 62.0 for android,,,,F,F,T,T,mobile,LG-K500 Build/MMB29M
3055881,0.0,218661.0,,,0.0,0.0,,,,,100.0,NotFound,,,New,NotFound,225.0,,266.0,507.0,,,,,,,,New,NotFound,,chrome 63.0 for android,,,,F,F,T,T,mobile,SM-T560 Build/KTU84P
3055999,0.0,157796.0,,,14.0,-28.0,,,,,100.0,NotFound,20.0,,New,NotFound,225.0,13.0,417.0,507.0,,,,,,,,New,NotFound,,chrome 62.0 for android,,,,F,F,T,T,mobile,LG-K410 Build/LRX22G
3055883,-20.0,182924.0,,,0.0,0.0,,,,,100.0,NotFound,49.0,,Unknown,,225.0,,290.0,401.0,,,,,,,,New,NotFound,,chrome 62.0 for android,,,,F,F,F,T,mobile,SM-A500M Build/KTU84P
3055905,-20.0,186096.0,,,0.0,0.0,,,,,100.0,NotFound,49.0,,Unknown,,225.0,,266.0,401.0,,,,,,,,New,NotFound,,mobile safari 9.0,,,,F,F,F,F,mobile,
3055958,-25.0,270589.0,,,0.0,0.0,,,,,100.0,NotFound,63.0,,Unknown,,225.0,,266.0,507.0,,,,,,,,New,NotFound,,chrome 61.0,,,,F,F,F,T,desktop,
3055920,0.0,147362.0,,,0.0,0.0,,,,,100.0,NotFound,,,New,NotFound,225.0,,271.0,507.0,,,,,,,,New,NotFound,,chrome 62.0 for android,,,,F,F,T,T,mobile,HUAWEI CUN-L03 Build/HUAWEICUN-L03
3056056,0.0,311467.0,0.0,0.0,1.0,0.0,,,0.0,0.0,100.0,NotFound,20.0,,Found,Found,225.0,,417.0,507.0,,,,,,,,Found,Found,,chrome 61.0 for android,,,,F,F,T,T,mobile,SM-G531H Build/LMY48B
3056070,-5.0,123673.0,,,11.0,-32.0,,,,,100.0,NotFound,49.0,,New,NotFound,225.0,15.0,266.0,507.0,,,,,,,,New,NotFound,,android webview 4.0,,,,F,F,T,F,mobile,es-us
3065571,-5.0,158203.0,,,0.0,0.0,,,0.0,0.0,96.19000244140624,NotFound,52.0,-360.0,New,NotFound,166.0,,312.0,214.0,,,,,,,,Found,Found,Windows 10,chrome 62.0,24.0,1366x768,match_status:2,T,F,T,T,desktop,Windows
3056172,-25.0,129943.0,,,0.0,-37.0,,,,,100.0,NotFound,63.0,,Unknown,,225.0,,271.0,507.0,,,,,,,,New,NotFound,,chrome 63.0,,,,F,F,F,T,desktop,Windows
3056175,-20.0,155587.0,,,0.0,0.0,,,,,100.0,NotFound,52.0,,New,NotFound,225.0,15.0,254.0,507.0,,,,,,,,New,NotFound,,chrome 63.0,,,,F,F,T,T,desktop,Windows
3051990,-5.0,129228.0,,,0.0,0.0,,,,,100.0,NotFound,49.0,-360.0,New,NotFound,166.0,,193.0,280.0,,,,,,,,New,NotFound,iOS 11.2.0,mobile safari 11.0,32.0,2208x1242,match_status:1,T,F,F,F,mobile,iOS Device
3056288,0.0,245109.0,,,0.0,-5.0,,,,,100.0,NotFound,,-360.0,New,NotFound,225.0,,290.0,401.0,,,,,,,,New,NotFound,,ie 11.0 for desktop,,,,F,T,T,T,desktop,Trident/7.0
3061006,-5.0,92574.0,,,0.0,0.0,,,0.0,0.0,100.0,Found,49.0,-300.0,New,NotFound,166.0,,100.0,549.0,,,,,,,,Found,Found,iOS 10.3.1,mobile safari 10.0,32.0,2048x1536,match_status:1,T,F,F,T,mobile,iOS Device
3060902,-5.0,34621.0,0.0,0.0,0.0,0.0,,,0.0,0.0,100.0,Found,49.0,-300.0,Found,Found,166.0,,100.0,549.0,,,,,,,,Found,Found,iOS 10.3.1,mobile safari 10.0,32.0,2048x1536,match_status:1,T,F,F,T,mobile,iOS Device
3056406,-20.0,137036.0,,,4.0,-25.0,,,,,100.0,NotFound,49.0,,Unknown,,225.0,15.0,417.0,507.0,,,,,,,,New,NotFound,,mobile safari 11.0,,,,F,F,F,T,mobile,
3056464,-5.0,190376.0,,,0.0,0.0,,,,,100.0,NotFound,52.0,,New,NotFound,225.0,,153.0,411.0,,,,,,,,New,NotFound,,chrome 63.0,,,,F,F,T,T,desktop,Windows
3056562,-15.0,253745.0,,,-25.0,-35.0,,,,,100.0,NotFound,20.0,,New,NotFound,225.0,15.0,266.0,507.0,,,,,,,,New,NotFound,,chrome 63.0 for android,,,,F,F,T,T,mobile,SM-G950F Build/NRD90M
3081255,-15.0,,,,,,,,,,,NotFound,14.0,,,,,,,,,,,,,,,,,,,,,,,,,,,
3056500,0.0,119531.0,0.0,0.0,0.0,0.0,,,0.0,0.0,100.0,NotFound,20.0,,Found,Found,225.0,,266.0,325.0,,,,,,,,Found,Found,,chrome 63.0 for android,,,,F,F,T,T,mobile,SM-G531H Build/LMY48B
3056526,-5.0,119716.0,,,0.0,0.0,,,,,100.0,NotFound,52.0,,New,NotFound,225.0,,153.0,340.0,,,,,,,,New,NotFound,,chrome 63.0,,,,F,F,T,T,desktop,Windows
3056581,-5.0,315670.0,,,0.0,0.0,,,,,100.0,NotFound,52.0,,New,NotFound,225.0,,266.0,507.0,,,,,,,,New,NotFound,,chrome 63.0,,,,F,F,T,T,desktop,
3056559,-15.0,138215.0,,,0.0,-1.0,,,,,100.0,NotFound,35.0,,New,NotFound,225.0,,290.0,401.0,,,,,,,,New,NotFound,,chrome 62.0 for android,,,,F,F,T,T,mobile,M4 SS4456 Build/LMY47V
3056600,0.0,167051.0,,,1.0,0.0,,,,,100.0,NotFound,20.0,,New,NotFound,225.0,,290.0,401.0,,,,,,,,New,NotFound,,chrome 63.0 for android,,,,F,F,T,T,mobile,LG-K580 Build/MRA58K
3061315,0.0,48383.0,0.0,0.0,0.0,0.0,,,0.0,0.0,100.0,NotFound,,-300.0,Found,Found,166.0,,390.0,107.0,,,,,,,,Found,Found,Android 7.0,chrome 63.0 for android,32.0,1920x1080,match_status:2,T,F,T,T,mobile,SAMSUNG-SM-G935A Build/NRD90M
3056583,0.0,142467.0,,,0.0,-9.0,,,,,100.0,NotFound,,,New,NotFound,225.0,,271.0,507.0,,,,,,,,New,NotFound,,chrome generic,,,,F,F,T,T,mobile,Moto G (5) Build/NPP25.137-72
3061385,-5.0,67544.0,,,0.0,0.0,,,,,100.0,NotFound,49.0,-300.0,New,NotFound,166.0,12.0,390.0,549.0,,,,,,,,New,NotFound,Mac OS X 10_12_3,safari generic,24.0,1440x900,match_status:2,T,F,F,T,desktop,MacOS
3056803,0.0,69669.0,0.0,0.0,4.0,0.0,,,0.0,0.0,100.0,NotFound,,,Found,Found,225.0,,266.0,507.0,,,,,,,,Found,Found,,chrome 62.0,,,,F,F,T,T,desktop,
3066323,-5.0,58294.0,,,0.0,0.0,,,,,100.0,NotFound,52.0,-360.0,New,NotFound,166.0,,542.0,214.0,,,,,,,,New,NotFound,Windows 10,chrome 63.0,24.0,1920x1080,match_status:2,T,F,T,T,desktop,Windows
3056861,0.0,243631.0,,,0.0,0.0,,,,,100.0,NotFound,,,New,NotFound,225.0,,266.0,507.0,,,,,,,,New,NotFound,,chrome generic,,,,F,F,T,T,mobile,Moto G (4) Build/NPJ25.93-14.5
3056794,0.0,212893.0,,,8.0,-22.0,,,,,100.0,NotFound,,,New,NotFound,225.0,15.0,417.0,507.0,,,,,,,,New,NotFound,,android webview 4.0,,,,F,F,T,T,mobile,SM-A720F Build/MMB29K
3056906,-5.0,345848.0,,,0.0,-18.0,,,,,100.0,NotFound,52.0,,New,NotFound,225.0,,254.0,507.0,,,,,,,,New,NotFound,,chrome 63.0,,,,F,F,T,T,desktop,Windows
3056834,-5.0,310967.0,,,0.0,0.0,,,,,100.0,NotFound,52.0,,New,NotFound,225.0,,266.0,507.0,,,,,,,,New,NotFound,,chrome 63.0,,,,F,F,T,T,desktop,
3056925,-5.0,229656.0,0.0,0.0,0.0,-18.0,,,0.0,0.0,100.0,NotFound,52.0,,Found,Found,225.0,,254.0,507.0,,,,,,,,Found,Found,,chrome 63.0,,,,F,F,T,T,desktop,Windows
3056996,-5.0,275612.0,0.0,0.0,0.0,0.0,,,0.0,0.0,100.0,NotFound,52.0,,Found,Found,225.0,,579.0,561.0,,,,,,,,Found,Found,,chrome 63.0,,,,F,F,T,T,desktop,Windows
3056957,-20.0,150981.0,,,1.0,0.0,,,,,100.0,NotFound,49.0,,Unknown,,225.0,,266.0,563.0,,,,,,,,New,NotFound,,mobile safari 11.0,,,,F,F,F,T,mobile,
3057031,-5.0,501056.0,0.0,0.0,0.0,-18.0,,,0.0,0.0,100.0,NotFound,52.0,,Found,Found,225.0,,254.0,507.0,,,,,,,,Found,Found,,chrome 63.0,,,,F,F,T,T,desktop,Windows
3057123,-20.0,486692.0,,,0.0,0.0,,,,,100.0,NotFound,49.0,,Unknown,,225.0,,266.0,176.0,,,,,,,,New,NotFound,,mobile safari 11.0,,,,F,F,F,T,mobile,
3057099,-10.0,307122.0,0.0,0.0,0.0,-18.0,,,0.0,0.0,100.0,NotFound,52.0,,Found,Found,225.0,,254.0,507.0,,,,,,,,Found,Found,,chrome 63.0,,,,F,F,T,T,desktop,Windows
3057139,-5.0,192858.0,0.0,0.0,0.0,-7.0,,,0.0,0.0,100.0,NotFound,52.0,,Found,Found,225.0,,574.0,507.0,,,,,,,,Found,Found,,chrome 63.0,,,,F,F,T,T,desktop,Windows
3061901,0.0,254607.0,,,0.0,-8.0,,,,,100.0,NotFound,,-300.0,New,NotFound,166.0,12.0,542.0,489.0,,,,,,,,New,NotFound,Mac OS X 10_10_5,chrome 62.0,24.0,1280x800,match_status:2,T,F,T,T,desktop,MacOS
3057256,-15.0,374179.0,,,10.0,-4.0,,,,,100.0,NotFound,35.0,,New,NotFound,225.0,,153.0,139.0,,,,,,,,New,NotFound,,chrome 61.0 for android,,,,F,F,T,T,mobile,LG-K580 Build/MRA58K
3057262,-5.0,102840.0,,,0.0,0.0,,,,,100.0,NotFound,52.0,,New,NotFound,225.0,,427.0,541.0,,,,,,,,New,NotFound,,chrome 63.0,,,,F,F,T,T,desktop,Windows
3057234,0.0,167440.0,,,6.0,-17.0,,,,,100.0,NotFound,,,New,NotFound,225.0,,271.0,507.0,,,,,,,,New,NotFound,,chrome 62.0 for android,,,,F,F,T,T,mobile,SM-G530H Build/LRX22G
3061972,-5.0,163818.0,,,0.0,0.0,,,,,100.0,NotFound,49.0,-300.0,New,NotFound,166.0,,100.0,489.0,,,,,,,,New,NotFound,iOS 11.1.2,mobile safari generic,32.0,1334x750,match_status:2,T,F,F,T,mobile,iOS Device
3057359,0.0,401831.0,,,5.0,-18.0,,,,,100.0,NotFound,,,New,NotFound,225.0,15.0,417.0,507.0,,,,,,,,New,NotFound,,chrome 58.0 for android,,,,F,F,T,T,mobile,HTC Desire 626s Build/LMY47O
3066870,-5.0,23202.0,,,0.0,0.0,,,,,100.0,NotFound,49.0,-360.0,New,NotFound,166.0,,139.0,214.0,,,,,,,,New,NotFound,Android 7.0,android webview 4.0,32.0,1280x720,match_status:2,T,F,F,T,mobile,SAMSUNG-SM-G930A Build/NRD90M
3057370,0.0,143987.0,,,0.0,0.0,,,,,100.0,NotFound,20.0,,New,NotFound,225.0,,266.0,507.0,,,,,,,,New,NotFound,,chrome generic,,,,F,F,T,T,mobile,Moto G (4) Build/NPJ25.93-14.5
3057387,-20.0,161679.0,0.0,0.0,0.0,0.0,,,0.0,0.0,100.0,NotFound,52.0,,Found,Found,225.0,,427.0,325.0,,,,,,,,Found,Found,,chrome 63.0,,,,F,F,T,T,desktop,Windows
3057452,-40.0,201460.0,,,0.0,0.0,,,,,100.0,NotFound,18.0,,New,NotFound,225.0,,266.0,612.0,,,,,,,,New,NotFound,,chrome 59.0 for android,,,,F,F,T,T,mobile,CHC-U03 Build/HuaweiCHC-U03
3057469,-5.0,180903.0,0.0,0.0,0.0,-5.0,,,0.0,0.0,100.0,NotFound,52.0,,Found,Found,225.0,,176.0,507.0,,,,,,,,Found,Found,,chrome 63.0,,,,F,F,T,T,desktop,Windows
3057662,-10.0,213329.0,,,0.0,0.0,,,,,100.0,NotFound,52.0,,New,NotFound,205.0,,410.0,446.0,,,,,,,,New,NotFound,,chrome 63.0,,,,F,F,T,T,desktop,
3072009,-5.0,7415.0,,,1.0,0.0,,,,,100.0,NotFound,52.0,-300.0,New,NotFound,166.0,,215.0,368.0,,,,,,,,New,NotFound,Windows 10,chrome 63.0,24.0,1366x768,match_status:2,T,F,T,T,desktop,Windows
3057769,0.0,262773.0,,,0.0,-9.0,,,,,100.0,NotFound,,,New,NotFound,225.0,15.0,266.0,638.0,,,,,,,,New,NotFound,,chrome 62.0 for android,,,,F,F,T,T,mobile,SM-J500M Build/MMB29M
3057775,0.0,172045.0,0.0,0.0,0.0,-9.0,,,0.0,0.0,100.0,NotFound,,,Found,Found,225.0,15.0,266.0,638.0,,,,,,,,Found,Found,,chrome 62.0 for android,,,,F,F,T,T,mobile,SM-J500M Build/MMB29M
3057845,-20.0,237518.0,,,5.0,-29.0,,,,,100.0,NotFound,49.0,,Unknown,,225.0,13.0,266.0,563.0,,,,,,,,New,NotFound,,mobile safari 11.0,,,,F,F,F,T,mobile,
3057886,-20.0,254094.0,,,0.0,-14.0,,,,,100.0,NotFound,49.0,,Unknown,,225.0,,345.0,507.0,,,,,,,,New,NotFound,,mobile safari 11.0,,,,F,F,F,T,mobile,
3058030,0.0,247182.0,0.0,0.0,7.0,-26.0,,,0.0,0.0,100.0,NotFound,20.0,,Found,Found,225.0,15.0,417.0,507.0,,,,,,,,Found,Found,,chrome 60.0 for android,,,,F,F,T,T,mobile,SM-G531H Build/LMY48B
3058143,-15.0,488251.0,,,-12.0,-34.0,,,,,100.0,NotFound,35.0,,New,NotFound,225.0,,417.0,507.0,,,,,,,,New,NotFound,,chrome 63.0 for android,,,,F,F,T,T,mobile,XT1064
3083251,-5.0,491616.0,0.0,0.0,0.0,0.0,,,0.0,0.0,100.0,NotFound,52.0,,Found,Found,225.0,,427.0,507.0,,,,,,,,Found,Found,,chrome 63.0,,,,F,F,T,T,desktop,Windows
3058325,0.0,32577.0,,,0.0,0.0,,,,,100.0,NotFound,20.0,,New,NotFound,225.0,,105.0,561.0,,,,,,,,New,NotFound,,chrome 63.0 for android,,,,F,F,T,T,mobile,XT1635-02 Build/NPN26.118-22-2
3058340,-20.0,84688.0,,,0.0,0.0,,,,,100.0,NotFound,49.0,,Unknown,,225.0,,153.0,325.0,,,,,,,,New,NotFound,,mobile safari 11.0,,,,F,F,F,T,mobile,
3058315,0.0,71110.0,0.0,0.0,0.0,0.0,,,0.0,0.0,100.0,NotFound,43.0,,Found,Found,225.0,,105.0,561.0,,,,,,,,Found,Found,,chrome 63.0 for android,,,,F,F,T,T,mobile,XT1635-02 Build/NPN26.118-22-2
3068032,-25.0,234679.0,,,8.0,-32.0,6.0,-35.0,,,100.0,NotFound,49.0,-300.0,New,NotFound,166.0,12.0,317.0,535.0,252.0,14.0,IP_PROXY:TRANSPARENT,11.0,321.0,169.0,Found,New,NotFound,iOS 11.1.2,mobile safari generic,32.0,1334x750,match_status:2,T,F,F,T,mobile,iOS Device
3058582,0.0,251565.0,0.0,0.0,0.0,-24.0,,,0.0,0.0,100.0,NotFound,20.0,,Found,Found,225.0,15.0,417.0,507.0,,,,,,,,Found,Found,,chrome 63.0 for android,,,,F,F,T,T,mobile,Blade V6 Build/LRX22G
3068200,0.0,38150.0,,,0.0,0.0,,,,,100.0,NotFound,,-300.0,New,NotFound,166.0,,529.0,600.0,,,,,,,,New,NotFound,iOS 11.1.2,mobile safari 11.0,32.0,2048x1536,match_status:1,T,F,T,T,mobile,iOS Device
3058724,0.0,257253.0,,,6.0,-23.0,,,,,100.0,NotFound,20.0,,New,NotFound,225.0,13.0,417.0,507.0,,,,,,,,New,NotFound,,chrome 62.0 for android,,,,F,F,T,T,mobile,SM-G610M Build/MMB29K
3063442,-85.0,7073.0,,,,,7.0,-10.0,,,100.0,NotFound,11.0,-300.0,New,NotFound,166.0,,444.0,333.0,576.0,14.0,IP_PROXY:HIDDEN,11.0,452.0,184.0,Found,New,NotFound,Android 7.0,chrome 62.0 for android,32.0,,match_status:2,T,F,T,T,mobile,SM-G955U Build/NRD90M
3058779,0.0,175722.0,,,-5.0,-22.0,,,,,100.0,NotFound,20.0,,New,NotFound,225.0,15.0,417.0,507.0,,,,,,,,New,NotFound,,chrome 62.0 for android,,,,F,F,T,T,mobile,SM-J700M Build/MMB29K
3068332,-5.0,32780.0,,,0.0,0.0,,,0.0,0.0,100.0,NotFound,52.0,-360.0,Found,NotFound,166.0,,312.0,214.0,,,,,,,,Found,Found,Windows 7,chrome 63.0,24.0,2048x1152,match_status:2,T,F,T,F,desktop,Windows
3058844,-90.0,65488.0,0.0,0.0,-2.0,-26.0,,,0.0,0.0,100.0,NotFound,44.0,,Found,Found,225.0,15.0,345.0,561.0,,,,,,,,Found,Found,,chrome 63.0 for android,,,,F,F,T,T,mobile,LG-K500 Build/MMB29M
3059029,-90.0,102281.0,0.0,0.0,2.0,-21.0,,,0.0,0.0,100.0,NotFound,44.0,,Found,Found,225.0,15.0,345.0,561.0,,,,,,,,Found,Found,,chrome 63.0 for android,,,,F,F,T,T,mobile,LG-K500 Build/MMB29M
3054510,0.0,79044.0,0.0,0.0,7.0,-4.0,,,0.0,0.0,100.0,NotFound,20.0,-300.0,Found,Found,166.0,13.0,193.0,391.0,,,,,,,,Found,Found,,safari generic,,,,F,T,T,T,desktop,
3054453,0.0,34930.0,0.0,0.0,7.0,-4.0,,,0.0,0.0,100.0,NotFound,20.0,-300.0,Found,Found,166.0,13.0,193.0,391.0,,,,,,,,Found,Found,,safari generic,,,,F,T,T,T,desktop,
3054511,0.0,41303.0,0.0,0.0,7.0,-4.0,,,0.0,0.0,100.0,NotFound,20.0,-300.0,Found,Found,166.0,13.0,193.0,391.0,,,,,,,,Found,Found,,safari generic,,,,F,T,T,T,desktop,
3054463,-5.0,73062.0,0.0,0.0,7.0,-4.0,,,0.0,0.0,100.0,NotFound,20.0,-300.0,Found,Found,166.0,13.0,193.0,391.0,,,,,,,,Found,Found,,safari generic,,,,F,T,T,T,desktop,
3054532,-5.0,321247.0,0.0,0.0,7.0,-4.0,,,0.0,0.0,100.0,NotFound,20.0,-300.0,Found,Found,166.0,13.0,193.0,391.0,,,,,,,,Found,Found,,safari generic,,,,F,T,T,T,desktop,
3068608,-5.0,130829.0,,,0.0,0.0,,,,,100.0,NotFound,25.0,,New,NotFound,225.0,,427.0,563.0,,,,,,,,New,NotFound,,safari generic,,,,F,F,T,T,desktop,
3068640,-5.0,71493.0,0.0,0.0,0.0,0.0,,,0.0,0.0,100.0,NotFound,25.0,,Found,Found,225.0,,427.0,563.0,,,,,,,,Found,Found,,safari generic,,,,F,F,T,T,desktop,
3059117,0.0,111041.0,,,1.0,-1.0,,,,,100.0,NotFound,,,New,NotFound,225.0,,254.0,507.0,,,,,,,,New,NotFound,,chrome 63.0 for android,,,,F,F,T,T,mobile,SM-A300H Build/LRX22G
3059166,0.0,204847.0,0.0,0.0,0.0,0.0,,,0.0,0.0,100.0,NotFound,,,Found,Found,225.0,,427.0,563.0,,,,,,,,Found,Found,,safari generic,,,,F,F,T,T,desktop,
3059207,-5.0,133922.0,,,3.0,0.0,,,0.0,0.0,96.66999816894533,NotFound,52.0,,New,NotFound,225.0,,266.0,325.0,,,,,,,,Found,Found,,chrome 63.0,,,,F,F,T,T,desktop,Windows
3063925,-5.0,57442.0,,,13.0,-100.0,,,,,100.0,NotFound,49.0,-300.0,New,NotFound,166.0,15.0,122.0,549.0,,,,,,,,New,NotFound,iOS 11.2.1,mobile safari 11.0,32.0,2208x1242,match_status:1,T,F,F,T,mobile,iOS Device
3059322,0.0,182943.0,0.0,0.0,0.0,0.0,,,0.0,0.0,100.0,NotFound,20.0,,Found,Found,225.0,,290.0,401.0,,,,,,,,Found,Found,,chrome 56.0 for android,,,,F,F,T,T,mobile,SM-J120H Build/LMY47V
3059544,0.0,190622.0,,,0.0,-23.0,,,,,100.0,NotFound,20.0,,New,NotFound,225.0,15.0,417.0,507.0,,,,,,,,New,NotFound,,mobile safari generic,,,,F,F,T,T,mobile,
3059515,0.0,101962.0,0.0,0.0,-3.0,-32.0,,,0.0,0.0,100.0,NotFound,20.0,,Found,Found,225.0,13.0,266.0,507.0,,,,,,,,Found,Found,,samsung browser 6.2,,,,F,F,T,T,mobile,SAMSUNG SM-J700M Build/MMB29K
3059751,-20.0,219416.0,0.0,0.0,3.0,0.0,,,0.0,0.0,100.0,NotFound,52.0,,Found,Found,225.0,,254.0,507.0,,,,,,,,Found,Found,,chrome 62.0,,,,F,F,T,T,desktop,Windows
3064404,-5.0,57768.0,,,10.0,0.0,,,,,100.0,NotFound,52.0,-360.0,New,NotFound,166.0,13.0,410.0,299.0,,,,,,,,New,NotFound,Windows 10,chrome 63.0,24.0,2560x1080,match_status:2,T,F,T,T,desktop,Windows
3059800,-20.0,272807.0,,,0.0,0.0,,,,,100.0,NotFound,49.0,,Unknown,,225.0,,266.0,325.0,,,,,,,,New,NotFound,,mobile safari 11.0,,,,F,F,F,T,mobile,
3059743,0.0,280509.0,,,0.0,0.0,,,,,100.0,NotFound,,,New,NotFound,225.0,15.0,427.0,507.0,,,,,,,,New,NotFound,,chrome 62.0 for android,,,,F,F,T,T,mobile,Lenovo K33b36 Build/MMB29M
3059868,-20.0,159727.0,,,-3.0,-32.0,,,,,100.0,NotFound,49.0,,Unknown,,225.0,15.0,266.0,507.0,,,,,,,,New,NotFound,,mobile safari 11.0,,,,F,F,F,T,mobile,
3064609,-5.0,105945.0,0.0,0.0,0.0,0.0,,,0.0,0.0,100.0,NotFound,49.0,-300.0,Found,Found,166.0,,215.0,489.0,,,,,,,,Found,Found,Mac OS X 10_10_5,chrome 62.0,24.0,1440x900,match_status:2,T,F,T,F,desktop,MacOS
3059961,-20.0,163273.0,,,3.0,-8.0,,,,,100.0,NotFound,49.0,,Unknown,,225.0,,345.0,507.0,,,,,,,,New,NotFound,,mobile safari 11.0,,,,F,F,F,T,mobile,
3060074,-5.0,183666.0,0.0,0.0,0.0,0.0,,,0.0,0.0,100.0,NotFound,52.0,,Found,Found,225.0,,176.0,507.0,,,,,,,,Found,Found,,chrome 63.0,,,,F,F,T,T,desktop,Windows
3059955,-15.0,188997.0,0.0,0.0,0.0,0.0,,,0.0,0.0,100.0,NotFound,52.0,,Found,Found,225.0,,176.0,507.0,,,,,,,,Found,Found,,chrome 63.0,,,,F,F,T,T,desktop,Windows
3060108,-15.0,75104.0,0.0,0.0,0.0,0.0,,,0.0,0.0,100.0,NotFound,52.0,,Found,Found,225.0,,176.0,507.0,,,,,,,,Found,Found,,chrome 63.0,,,,F,F,T,T,desktop,Windows
3064753,-5.0,105806.0,0.0,0.0,0.0,0.0,,,0.0,0.0,100.0,NotFound,52.0,-300.0,Found,Found,166.0,,390.0,549.0,,,,,,,,Found,Found,Windows 7,chrome 62.0,24.0,1366x768,match_status:2,T,F,T,F,desktop,Windows
3064709,-5.0,180339.0,0.0,0.0,0.0,0.0,,,0.0,0.0,100.0,Found,52.0,-300.0,Found,Found,166.0,,390.0,549.0,,,,,,,,Found,Found,Windows 7,chrome 62.0,24.0,1366x768,match_status:2,T,F,T,F,desktop,Windows
3060075,0.0,470389.0,,,2.0,-21.0,,,,,100.0,NotFound,,,New,NotFound,225.0,15.0,417.0,507.0,,,,,,,,New,NotFound,,chrome 61.0 for android,,,,F,F,T,T,mobile,LG-H650 Build/MRA58K
3059987,-20.0,344354.0,,,7.0,-24.0,,,,,100.0,NotFound,49.0,,Unknown,,225.0,13.0,417.0,507.0,,,,,,,,New,NotFound,,mobile safari 10.0,,,,F,F,F,T,mobile,
3060130,-20.0,148385.0,,,0.0,-2.0,,,,,100.0,NotFound,49.0,,Unknown,,225.0,,427.0,469.0,,,,,,,,New,NotFound,,mobile safari 11.0,,,,F,F,F,T,mobile,
3060123,-35.0,177000.0,0.0,0.0,0.0,0.0,,,0.0,0.0,100.0,NotFound,52.0,,Found,Found,225.0,,176.0,507.0,,,,,,,,Found,Found,,chrome 63.0,,,,F,F,T,T,desktop,Windows
3060071,-35.0,65958.0,0.0,0.0,0.0,0.0,,,0.0,0.0,100.0,NotFound,52.0,,Found,Found,225.0,,176.0,507.0,,,,,,,,Found,Found,,chrome 63.0,,,,F,F,T,T,desktop,Windows
3055624,0.0,84236.0,0.0,0.0,0.0,0.0,,,0.0,0.0,100.0,NotFound,,-300.0,Found,Found,166.0,,215.0,597.0,,,,,,,,Found,Found,Mac OS X 10_13_2,safari generic,24.0,1440x900,match_status:2,T,F,T,T,desktop,MacOS
3060177,-20.0,387919.0,,,0.0,0.0,,,,,100.0,NotFound,52.0,,New,NotFound,225.0,,176.0,507.0,,,,,,,,New,NotFound,,chrome 63.0,,,,F,F,T,T,desktop,
3055687,0.0,79448.0,0.0,0.0,0.0,0.0,,,0.0,0.0,100.0,Found,,-300.0,Found,Found,166.0,,215.0,597.0,,,,,,,,Found,Found,Mac OS X 10_13_2,safari generic,24.0,1440x900,match_status:2,T,F,T,T,desktop,MacOS
3060353,-5.0,441721.0,,,0.0,0.0,,,,,100.0,NotFound,52.0,,New,NotFound,225.0,,266.0,507.0,,,,,,,,New,NotFound,,chrome 63.0,,,,F,F,T,T,desktop,Windows
3060475,0.0,72225.0,0.0,0.0,3.0,-5.0,,,0.0,0.0,100.0,NotFound,20.0,,Found,Found,225.0,15.0,176.0,507.0,,,,,,,,Found,Found,,chrome generic,,,,F,F,T,T,mobile,Moto G (4) Build/NPJ25.93-14.5
3065135,0.0,30817.0,,,0.0,0.0,,,,,100.0,NotFound,,-300.0,New,NotFound,166.0,15.0,100.0,549.0,,,,,,,,New,NotFound,Android 7.0,chrome 63.0 for android,32.0,2961x1442,match_status:2,T,F,T,T,mobile,SM-G955U Build/NRD90M
3060576,-5.0,111603.0,,,0.0,0.0,,,,,100.0,NotFound,52.0,,New,NotFound,225.0,,266.0,507.0,,,,,,,,New,NotFound,,edge 15.0,,,,F,F,T,T,desktop,Windows
3060561,0.0,81294.0,0.0,0.0,3.0,-25.0,,,0.0,0.0,100.0,NotFound,20.0,,Found,Found,225.0,15.0,417.0,507.0,,,,,,,,Found,Found,,chrome 56.0 for android,,,,F,F,T,T,mobile,LG-H500 Build/LRX21Y
3060623,0.0,85591.0,0.0,0.0,4.0,-25.0,,,0.0,0.0,100.0,NotFound,20.0,,Found,Found,225.0,15.0,417.0,507.0,,,,,,,,Found,Found,,chrome 56.0 for android,,,,F,F,T,T,mobile,LG-H500 Build/LRX21Y
3060772,0.0,161426.0,,,1.0,-30.0,,,,,100.0,NotFound,,,New,NotFound,225.0,13.0,266.0,563.0,,,,,,,,New,NotFound,,chrome 62.0 for android,,,,F,F,T,T,mobile,HTC One M9 Build/NRD90M
3060800,-5.0,189822.0,,,0.0,0.0,,,,,100.0,NotFound,52.0,,New,NotFound,225.0,,266.0,507.0,,,,,,,,New,NotFound,,chrome 63.0,,,,F,F,T,T,desktop,Windows
3060790,-15.0,213576.0,,,0.0,0.0,,,,,100.0,NotFound,35.0,,New,NotFound,225.0,,153.0,563.0,,,,,,,,New,NotFound,,chrome 63.0,,,,F,F,T,T,desktop,
3060807,-15.0,143451.0,0.0,0.0,0.0,0.0,,,0.0,0.0,100.0,NotFound,35.0,,Found,Found,225.0,,153.0,563.0,,,,,,,,Found,Found,,chrome 63.0,,,,F,F,T,T,desktop,
3060836,-15.0,355109.0,0.0,0.0,0.0,0.0,,,0.0,0.0,100.0,NotFound,43.0,,Found,Found,225.0,,153.0,563.0,,,,,,,,Found,Found,,chrome 63.0,,,,F,F,T,T,desktop,
3061060,0.0,263819.0,,,0.0,0.0,,,,,100.0,NotFound,,,New,NotFound,225.0,,266.0,325.0,,,,,,,,New,NotFound,,chrome 63.0 for android,,,,F,F,T,T,mobile,PSPC550 Build/LMY47D
3060999,0.0,187611.0,,,0.0,0.0,,,,,100.0,NotFound,,-300.0,New,NotFound,166.0,,278.0,256.0,,,,,,,,New,NotFound,iOS 11.1.2,mobile safari 11.0,32.0,1334x750,match_status:1,T,F,T,T,mobile,iOS Device
3061181,-20.0,177309.0,,,0.0,0.0,,,,,100.0,NotFound,49.0,,Unknown,,225.0,,290.0,401.0,,,,,,,,New,NotFound,,mobile safari 11.0,,,,F,F,F,T,mobile,
3061210,-20.0,340924.0,,,0.0,0.0,,,,,100.0,NotFound,49.0,,Unknown,,225.0,,266.0,305.0,,,,,,,,New,NotFound,,mobile safari 9.0,,,,F,F,F,F,mobile,
3061346,0.0,234008.0,,,-7.0,-34.0,,,,,100.0,NotFound,,,New,NotFound,225.0,15.0,417.0,507.0,,,,,,,,New,NotFound,,chrome generic,,,,F,F,T,T,mobile,Moto G (5) Build/NPPS25.137-15-11
3061335,-5.0,275131.0,,,0.0,0.0,,,,,100.0,NotFound,52.0,,New,NotFound,225.0,,290.0,401.0,,,,,,,,New,NotFound,,chrome 60.0,,,,F,F,T,T,desktop,Windows
3061322,-5.0,142991.0,,,0.0,0.0,,,,,100.0,NotFound,52.0,,New,NotFound,225.0,,266.0,507.0,,,,,,,,New,NotFound,,chrome 63.0,,,,F,F,T,T,desktop,Windows
3061461,-90.0,112265.0,,,8.0,-28.0,,,,,100.0,NotFound,44.0,,New,NotFound,225.0,15.0,345.0,561.0,,,,,,,,New,NotFound,,chrome 63.0 for android,,,,F,F,T,T,mobile,Hisense F23 Build/NRD90M
3061474,0.0,276826.0,,,0.0,0.0,,,,,100.0,NotFound,20.0,,New,NotFound,225.0,,266.0,541.0,,,,,,,,New,NotFound,,chrome 63.0 for android,,,,F,F,T,T,mobile,LG-X240 Build/MRA58K
3076175,-5.0,82280.0,,,0.0,0.0,,,,,100.0,NotFound,52.0,-360.0,New,NotFound,166.0,,399.0,333.0,,,,,,,,New,NotFound,Windows 10,chrome 63.0,24.0,4500x3000,match_status:2,T,F,T,F,desktop,Windows
3061440,0.0,126152.0,,,-2.0,-28.0,,,,,100.0,NotFound,,,New,NotFound,225.0,13.0,266.0,507.0,,,,,,,,New,NotFound,,chrome 62.0 for android,,,,F,F,T,T,mobile,SM-G610M Build/MMB29K
3061454,-5.0,174083.0,,,0.0,0.0,,,,,100.0,NotFound,52.0,,New,NotFound,225.0,,153.0,566.0,,,,,,,,New,NotFound,,chrome 63.0,,,,F,F,T,T,desktop,Windows
3061515,0.0,87249.0,0.0,0.0,-4.0,-33.0,,,0.0,0.0,100.0,NotFound,,,Found,Found,225.0,15.0,417.0,507.0,,,,,,,,Found,Found,,chrome generic,,,,F,F,T,T,mobile,Moto G (5) Plus Build/NPN25.137-72
3076305,-15.0,,,,,,,,,,,NotFound,14.0,,,,,,,,,,,,,,,,,,,,,,,,,,,
3061517,-20.0,219322.0,,,0.0,0.0,,,,,100.0,NotFound,49.0,,Unknown,,225.0,,266.0,325.0,,,,,,,,New,NotFound,,mobile safari 9.0,,,,F,F,F,F,mobile,
3076269,-15.0,,,,,,,,,,,Found,14.0,,,,,,,,,,,,,,,,,,,,,,,,,,,
3061565,-5.0,285105.0,,,0.0,0.0,,,,,100.0,NotFound,52.0,,New,NotFound,225.0,,427.0,563.0,,,,,,,,New,NotFound,,chrome 62.0,,,,F,F,T,T,desktop,Windows
3061607,0.0,128955.0,,,-9.0,-43.0,,,,,100.0,NotFound,,,New,NotFound,225.0,15.0,417.0,507.0,,,,,,,,New,NotFound,,chrome 61.0 for android,,,,F,F,T,T,mobile,SM-J100MU
3061556,0.0,125775.0,,,0.0,0.0,,,0.0,0.0,95.08000183105467,NotFound,20.0,,New,NotFound,225.0,,574.0,561.0,,,,,,,,Found,Found,,firefox 57.0,,,,F,F,T,T,desktop,rv:57.0
3061601,-20.0,225533.0,,,0.0,0.0,,,,,100.0,NotFound,52.0,,New,NotFound,225.0,,266.0,305.0,,,,,,,,New,NotFound,,chrome 61.0,,,,F,F,T,T,desktop,
3071209,-5.0,48305.0,0.0,0.0,0.0,0.0,,,0.0,0.0,100.0,NotFound,52.0,-360.0,Found,Found,166.0,,548.0,277.0,,,,,,,,Found,Found,Windows 10,firefox 57.0,24.0,1680x1050,match_status:2,T,F,T,T,desktop,Windows
3061660,-5.0,226332.0,,,0.0,0.0,,,,,100.0,NotFound,49.0,,New,NotFound,225.0,,417.0,507.0,,,,,,,,New,NotFound,,other,,,,F,F,T,F,mobile,SAMSUNG SM-G530H Build/LRX22G
3061695,-5.0,150626.0,0.0,0.0,0.0,0.0,,,0.0,0.0,100.0,NotFound,49.0,,Found,Found,225.0,,417.0,507.0,,,,,,,,Found,Found,,other,,,,F,F,T,F,mobile,SAMSUNG SM-G530H Build/LRX22G
3061710,-5.0,225872.0,0.0,0.0,0.0,0.0,,,0.0,0.0,100.0,NotFound,49.0,,Found,Found,225.0,,417.0,507.0,,,,,,,,Found,Found,,other,,,,F,F,T,F,mobile,SAMSUNG SM-G530H Build/LRX22G
3061685,-60.0,318538.0,,,-2.0,-9.0,,,,,100.0,NotFound,49.0,,Unknown,,225.0,15.0,417.0,507.0,,,,,,,,New,NotFound,,mobile safari 11.0,,,,F,F,F,T,mobile,
3061712,-5.0,350091.0,0.0,0.0,0.0,0.0,,,0.0,0.0,100.0,NotFound,49.0,,Found,Found,225.0,,417.0,507.0,,,,,,,,Found,Found,,other,,,,F,F,T,F,mobile,SAMSUNG SM-G530H Build/LRX22G
3061765,-5.0,222254.0,,,0.0,-10.0,,,,,100.0,NotFound,52.0,,New,NotFound,225.0,,153.0,541.0,,,,,,,,New,NotFound,,chrome 63.0,,,,F,F,T,T,desktop,Windows
3061690,-5.0,221894.0,,,4.0,-11.0,,,,,100.0,NotFound,52.0,,New,NotFound,225.0,,427.0,456.0,,,,,,,,New,NotFound,,chrome 63.0,,,,F,F,T,T,desktop,Windows
3087548,-40.0,194327.0,,,-2.0,-28.0,,,,,100.0,NotFound,18.0,,New,NotFound,225.0,15.0,427.0,561.0,,,,,,,,New,NotFound,,chrome 60.0 for android,,,,F,F,T,T,mobile,ZTE Blade L5 Build/LMY47I
3087613,-40.0,114039.0,0.0,0.0,-3.0,-28.0,,,0.0,0.0,100.0,NotFound,18.0,,Found,Found,225.0,15.0,427.0,561.0,,,,,,,,Found,Found,,chrome 60.0 for android,,,,F,F,T,T,mobile,ZTE Blade L5 Build/LMY47I
3087652,-40.0,278165.0,0.0,0.0,-2.0,-28.0,,,0.0,0.0,100.0,NotFound,43.0,,Found,Found,225.0,15.0,427.0,561.0,,,,,,,,Found,Found,,chrome 60.0 for android,,,,F,F,T,T,mobile,ZTE Blade L5 Build/LMY47I
3087605,-45.0,574521.0,0.0,0.0,-1.0,-28.0,,,0.0,0.0,100.0,NotFound,43.0,,Found,Found,225.0,15.0,427.0,561.0,,,,,,,,Found,Found,,chrome 60.0 for android,,,,F,F,T,T,mobile,ZTE Blade L5 Build/LMY47I
3061894,0.0,183619.0,,,0.0,0.0,,,,,100.0,NotFound,20.0,,New,NotFound,225.0,,290.0,401.0,,,,,,,,New,NotFound,,chrome 56.0 for android,,,,F,F,T,T,mobile,5011A Build/NRD90M
3087647,-45.0,194921.0,0.0,0.0,-1.0,-28.0,,,0.0,0.0,100.0,NotFound,43.0,,Found,Found,225.0,15.0,427.0,561.0,,,,,,,,Found,Found,,chrome 60.0 for android,,,,F,F,T,T,mobile,ZTE Blade L5 Build/LMY47I
3087672,-45.0,318225.0,0.0,0.0,-1.0,-28.0,,,0.0,0.0,100.0,NotFound,43.0,,Found,Found,225.0,15.0,427.0,561.0,,,,,,,,Found,Found,,chrome 60.0 for android,,,,F,F,T,T,mobile,ZTE Blade L5 Build/LMY47I
3087743,-45.0,88580.0,0.0,0.0,-1.0,-28.0,,,0.0,0.0,100.0,NotFound,24.0,,Found,Found,225.0,15.0,427.0,561.0,,,,,,,,Found,Found,,chrome 60.0 for android,,,,F,F,T,T,mobile,ZTE Blade L5 Build/LMY47I
3062008,-35.0,185087.0,,,3.0,-7.0,,,,,100.0,NotFound,49.0,480.0,New,NotFound,225.0,,153.0,417.0,,,,,,,,New,NotFound,,safari generic,,,,F,T,F,F,desktop,
3061983,-5.0,109895.0,0.0,0.0,0.0,0.0,,,0.0,0.0,100.0,NotFound,52.0,,Found,Found,225.0,,427.0,541.0,,,,,,,,Found,Found,,chrome 63.0,,,,F,F,T,T,desktop,
3062017,-20.0,167223.0,,,0.0,0.0,,,,,100.0,NotFound,49.0,,Unknown,,225.0,,427.0,595.0,,,,,,,,New,NotFound,,mobile safari 11.0,,,,F,F,F,T,mobile,
3062014,-5.0,203201.0,,,0.0,0.0,,,,,100.0,NotFound,52.0,,New,NotFound,225.0,,427.0,325.0,,,,,,,,New,NotFound,,chrome 63.0,,,,F,F,T,T,desktop,Windows
3062044,-5.0,205566.0,0.0,0.0,0.0,0.0,,,0.0,0.0,100.0,NotFound,52.0,,Found,Found,225.0,,153.0,397.0,,,,,,,,Found,Found,,chrome 63.0,,,,F,F,T,T,desktop,
3062068,-20.0,128680.0,,,25.0,-40.0,,,,,100.0,NotFound,49.0,,Unknown,,225.0,15.0,417.0,561.0,,,,,,,,New,NotFound,,mobile safari 11.0,,,,F,F,F,T,mobile,
3062115,0.0,153900.0,0.0,0.0,5.0,-100.0,,,0.0,0.0,100.0,NotFound,20.0,,Found,Found,225.0,13.0,266.0,507.0,,,,,,,,Found,Found,,chrome 63.0 for android,,,,F,F,T,T,mobile,F3113 Build/33.3.A.1.97
3067110,-5.0,74396.0,0.0,0.0,0.0,0.0,,,0.0,0.0,100.0,NotFound,52.0,-300.0,Found,Found,166.0,,100.0,549.0,,,,,,,,Found,Found,Windows 10,chrome 63.0,24.0,2560x1440,match_status:2,T,F,T,T,desktop,Windows
3067229,-20.0,183715.0,,,7.0,-8.0,,,,,100.0,NotFound,49.0,,Unknown,,166.0,13.0,321.0,214.0,,,,,,,,New,NotFound,,mobile safari 11.0,,,,F,F,F,T,mobile,
3062410,0.0,226993.0,0.0,0.0,0.0,0.0,,,0.0,0.0,100.0,NotFound,,,Found,Found,225.0,,266.0,325.0,,,,,,,,Found,Found,,chrome 63.0 for android,,,,F,F,T,T,mobile,SM-T710 Build/NRD90M
3062402,0.0,327385.0,0.0,0.0,0.0,0.0,,,0.0,0.0,100.0,NotFound,43.0,,Found,Found,225.0,,266.0,325.0,,,,,,,,Found,Found,,chrome 63.0 for android,,,,F,F,T,T,mobile,SM-T710 Build/NRD90M
3062488,-90.0,418834.0,,,-3.0,-30.0,,,,,100.0,NotFound,44.0,,New,NotFound,225.0,15.0,345.0,561.0,,,,,,,,New,NotFound,,mobile safari 11.0,,,,F,F,T,T,mobile,
3062424,-90.0,501932.0,0.0,0.0,-4.0,-30.0,,,0.0,0.0,100.0,NotFound,43.0,,Found,Found,225.0,15.0,345.0,561.0,,,,,,,,Found,Found,,mobile safari 11.0,,,,F,F,T,T,mobile,
3077293,-5.0,46311.0,0.0,0.0,0.0,-5.0,,,0.0,0.0,100.0,NotFound,52.0,-300.0,Found,Found,166.0,15.0,100.0,533.0,,,,,,,,Found,Found,Windows 10,firefox 57.0,24.0,1920x1080,match_status:2,T,F,T,F,desktop,Windows
3062580,-5.0,168554.0,0.0,0.0,-5.0,-33.0,,,0.0,0.0,100.0,NotFound,52.0,,Found,Found,225.0,15.0,417.0,507.0,,,,,,,,Found,Found,,chrome 63.0,,,,F,F,T,T,desktop,Windows
3062573,-5.0,192290.0,,,0.0,0.0,,,,,100.0,NotFound,52.0,,New,NotFound,225.0,,266.0,507.0,,,,,,,,New,NotFound,,chrome 63.0,,,,F,F,T,T,desktop,Windows
3062655,-5.0,298887.0,,,2.0,-11.0,,,,,100.0,NotFound,52.0,,New,NotFound,225.0,,237.0,497.0,,,,,,,,New,NotFound,,chrome 63.0,,,,F,F,T,T,desktop,Windows
3067477,-5.0,85120.0,0.0,0.0,0.0,0.0,,,0.0,0.0,100.0,NotFound,52.0,-300.0,Found,Found,166.0,15.0,410.0,489.0,,,,,,,,Found,Found,Windows 7,chrome 63.0,24.0,1366x768,match_status:2,T,F,T,F,desktop,Windows
3067550,-5.0,190176.0,0.0,0.0,2.0,0.0,,,0.0,0.0,100.0,NotFound,52.0,-300.0,Found,Found,166.0,15.0,410.0,489.0,,,,,,,,Found,Found,Windows 7,firefox 57.0,24.0,1920x1080,match_status:2,T,F,T,T,desktop,Windows
3062683,-5.0,321285.0,,,-4.0,-4.0,,,,,100.0,NotFound,52.0,,New,NotFound,225.0,,176.0,507.0,,,,,,,,New,NotFound,,chrome 63.0,,,,F,F,T,T,desktop,
3072382,-5.0,57532.0,,,32.0,-33.0,,,,,100.0,NotFound,49.0,-300.0,New,NotFound,166.0,15.0,122.0,597.0,,,,,,,,New,NotFound,iOS 10.3.3,mobile safari 10.0,32.0,1334x750,match_status:1,T,F,F,T,mobile,iOS Device
3062749,-5.0,251388.0,,,0.0,0.0,,,,,100.0,NotFound,52.0,,New,NotFound,225.0,,271.0,507.0,,,,,,,,New,NotFound,,chrome 63.0,,,,F,F,T,T,desktop,Windows
3062754,-34.0,128512.0,,,,,-9.0,-55.0,,,100.0,NotFound,49.0,,Unknown,,,,,,762.0,14.0,IP_PROXY:ANONYMOUS,15.0,,161.0,Found,New,NotFound,,mobile safari 11.0,,,,F,F,F,T,mobile,
3062808,-20.0,83634.0,,,0.0,0.0,,,,,100.0,NotFound,49.0,,Unknown,,225.0,,427.0,563.0,,,,,,,,New,NotFound,,mobile safari 11.0,,,,F,F,F,T,mobile,
3088788,-45.0,80824.0,0.0,0.0,-3.0,-28.0,,,0.0,0.0,100.0,NotFound,24.0,,Found,Found,225.0,15.0,427.0,561.0,,,,,,,,Found,Found,,chrome 60.0 for android,,,,F,F,T,T,mobile,ZTE Blade L5 Build/LMY47I
3062897,-20.0,93423.0,0.0,0.0,0.0,0.0,,,0.0,0.0,100.0,NotFound,52.0,,Found,Found,225.0,,427.0,563.0,,,,,,,,Found,Found,,chrome 63.0,,,,F,F,T,T,desktop,Windows
3062840,-5.0,157436.0,,,0.0,0.0,,,,,100.0,NotFound,52.0,,New,NotFound,225.0,,271.0,507.0,,,,,,,,New,NotFound,,chrome 63.0,,,,F,F,T,T,desktop,Windows
3062912,-20.0,94839.0,,,0.0,0.0,,,,,100.0,NotFound,49.0,,Unknown,,225.0,,266.0,325.0,,,,,,,,New,NotFound,,mobile safari 11.0,,,,F,F,F,T,mobile,
3062869,-20.0,78521.0,0.0,0.0,0.0,0.0,,,0.0,0.0,100.0,NotFound,52.0,,Found,Found,225.0,,427.0,563.0,,,,,,,,Found,Found,,chrome 63.0,,,,F,F,T,T,desktop,Windows
3088984,-5.0,85743.0,0.0,0.0,0.0,0.0,,,0.0,0.0,100.0,Found,52.0,-300.0,Found,Found,166.0,,669.0,484.0,,,,,,,,Found,Found,Windows 10,edge 15.0,24.0,1600x900,match_status:2,T,F,T,T,desktop,Windows
3063138,0.0,152570.0,,,0.0,0.0,,,,,100.0,NotFound,20.0,,New,NotFound,225.0,,607.0,507.0,,,,,,,,New,NotFound,,firefox 57.0,,,,F,F,T,T,desktop,rv:57.0
3063130,0.0,79378.0,0.0,0.0,0.0,0.0,,,0.0,0.0,100.0,NotFound,20.0,,Found,Found,225.0,,607.0,507.0,,,,,,,,Found,Found,,firefox 57.0,,,,F,F,T,T,desktop,rv:57.0
3063061,-5.0,117747.0,0.0,0.0,0.0,0.0,,,0.0,0.0,100.0,NotFound,52.0,,Found,Found,225.0,,176.0,507.0,,,,,,,,Found,Found,,chrome 63.0,,,,F,F,T,T,desktop,Windows
3063284,0.0,349171.0,,,0.0,0.0,,,,,100.0,NotFound,,,New,NotFound,225.0,,153.0,325.0,,,,,,,,New,NotFound,,chrome 63.0 for android,,,,F,F,T,T,mobile,BLADE L7 Build/MRA58K
3063173,0.0,107279.0,0.0,0.0,0.0,0.0,,,0.0,0.0,100.0,NotFound,20.0,-360.0,Found,Found,225.0,,266.0,507.0,,,,,,,,Found,Found,,ie 11.0 for desktop,,,,F,T,T,T,desktop,Trident/7.0
3078147,0.0,125145.0,,,0.0,0.0,,,0.0,0.0,100.0,Found,41.0,-300.0,New,NotFound,166.0,13.0,100.0,533.0,,,,,,,,Found,Found,iOS 9.3.5,mobile safari 9.0,32.0,1024x768,,T,F,T,T,mobile,iOS Device
3063202,0.0,441884.0,,,0.0,0.0,,,,,100.0,NotFound,20.0,,New,NotFound,225.0,,427.0,507.0,,,,,,,,New,NotFound,,chrome 63.0 for android,,,,F,F,T,T,mobile,SM-J701M Build/NRD90M
3063439,-5.0,215849.0,,,4.0,-17.0,,,,,100.0,NotFound,52.0,,New,NotFound,225.0,15.0,176.0,507.0,,,,,,,,New,NotFound,,chrome 63.0,,,,F,F,T,T,desktop,
3063321,0.0,129650.0,,,0.0,0.0,,,,,100.0,NotFound,,,New,NotFound,225.0,,271.0,507.0,,,,,,,,New,NotFound,,samsung browser 6.2,,,,F,F,T,T,mobile,SAMSUNG SM-G955U Build/NRD90M
3068338,-5.0,70204.0,,,0.0,0.0,,,0.0,0.0,90.1999969482422,NotFound,52.0,-300.0,New,NotFound,166.0,,193.0,600.0,,,,,,,,Found,Found,Windows 10,chrome 63.0,24.0,1920x1080,match_status:2,T,F,T,F,desktop,Windows
3058791,-5.0,240302.0,,,2.0,-4.0,,,,,100.0,NotFound,49.0,-300.0,New,NotFound,166.0,15.0,352.0,533.0,,,,,,,,New,NotFound,iOS 11.0.3,mobile safari 11.0,32.0,1334x750,match_status:1,T,F,F,F,mobile,iOS Device
3063528,-20.0,303010.0,,,0.0,0.0,,,,,100.0,NotFound,52.0,,New,NotFound,225.0,,266.0,497.0,,,,,,,,New,NotFound,,chrome 63.0,,,,F,F,T,T,desktop,Windows
3073400,-20.0,176837.0,,,0.0,0.0,,,,,100.0,NotFound,49.0,,Unknown,,166.0,,312.0,214.0,,,,,,,,New,NotFound,,mobile safari 10.0,,,match_status:1,F,F,F,T,mobile,
3063568,-5.0,276075.0,,,0.0,-4.0,,,,,100.0,NotFound,52.0,,New,NotFound,225.0,,266.0,507.0,,,,,,,,New,NotFound,,firefox 57.0,,,,F,F,T,T,desktop,Windows
3063676,-20.0,397975.0,,,0.0,-6.0,,,,,100.0,NotFound,49.0,,Unknown,,225.0,,574.0,417.0,,,,,,,,New,NotFound,,firefox 57.0,,,,F,F,F,T,desktop,Linux x86_64
3063757,-5.0,111012.0,0.0,0.0,0.0,0.0,,,0.0,0.0,100.0,NotFound,52.0,,Found,Found,225.0,,266.0,325.0,,,,,,,,Found,Found,,chrome 63.0,,,,F,F,T,T,desktop,Windows
3063653,-5.0,175672.0,,,0.0,0.0,,,,,100.0,NotFound,52.0,,New,NotFound,225.0,,266.0,566.0,,,,,,,,New,NotFound,,chrome 63.0,,,,F,F,T,T,desktop,
3068609,-5.0,178281.0,,,-2.0,-16.0,,,,,100.0,NotFound,49.0,-300.0,New,NotFound,166.0,15.0,352.0,514.0,,,,,,,,New,NotFound,iOS 11.2.1,mobile safari 11.0,32.0,1334x750,match_status:1,T,F,F,F,mobile,iOS Device
3063863,-5.0,106112.0,0.0,0.0,0.0,0.0,,,0.0,0.0,100.0,NotFound,52.0,,Found,Found,225.0,,427.0,325.0,,,,,,,,Found,Found,,chrome 63.0,,,,F,F,T,T,desktop,
3063770,-5.0,85451.0,0.0,0.0,0.0,0.0,,,0.0,0.0,100.0,NotFound,52.0,,Found,Found,225.0,,427.0,325.0,,,,,,,,Found,Found,,chrome 63.0,,,,F,F,T,T,desktop,
3068734,-25.0,160286.0,,,1.0,0.0,,,,,100.0,NotFound,49.0,,Unknown,,225.0,,427.0,325.0,,,,,,,,New,NotFound,,mobile safari 10.0,,,,F,F,F,T,mobile,
3063917,-5.0,147212.0,0.0,0.0,0.0,0.0,,,0.0,0.0,100.0,NotFound,52.0,,Found,Found,225.0,,427.0,325.0,,,,,,,,Found,Found,,chrome 63.0,,,,F,F,T,T,desktop,
3063880,-40.0,105978.0,,,6.0,-100.0,,,,,100.0,NotFound,18.0,,New,NotFound,225.0,15.0,266.0,563.0,,,,,,,,New,NotFound,,other,,,,F,F,T,T,mobile,BLL-L23 Build/HUAWEIBLL-L23
3068616,-25.0,432576.0,,,1.0,0.0,,,,,100.0,NotFound,49.0,,Unknown,,225.0,,427.0,325.0,,,,,,,,New,NotFound,,mobile safari 10.0,,,,F,F,F,T,mobile,
3063876,-5.0,131720.0,0.0,0.0,0.0,0.0,,,0.0,0.0,100.0,NotFound,52.0,,Found,Found,225.0,,427.0,325.0,,,,,,,,Found,Found,,chrome 63.0,,,,F,F,T,T,desktop,
3063987,-5.0,69181.0,0.0,0.0,0.0,0.0,,,0.0,0.0,100.0,NotFound,52.0,,Found,Found,225.0,,427.0,507.0,,,,,,,,Found,Found,,chrome 63.0,,,,F,F,T,T,desktop,
3063971,-5.0,99127.0,0.0,0.0,0.0,0.0,,,0.0,0.0,100.0,NotFound,52.0,,Found,Found,225.0,,427.0,507.0,,,,,,,,Found,Found,,chrome 63.0,,,,F,F,T,T,desktop,
3063835,-10.0,96605.0,0.0,0.0,0.0,0.0,,,0.0,0.0,100.0,NotFound,52.0,,Found,Found,225.0,,427.0,325.0,,,,,,,,Found,Found,,chrome 63.0,,,,F,F,T,T,desktop,
3063979,-5.0,53842.0,0.0,0.0,0.0,0.0,,,0.0,0.0,100.0,NotFound,52.0,,Found,Found,225.0,,427.0,507.0,,,,,,,,Found,Found,,chrome 63.0,,,,F,F,T,T,desktop,
3063981,-10.0,75316.0,0.0,0.0,0.0,0.0,,,0.0,0.0,100.0,NotFound,52.0,,Found,Found,225.0,,427.0,507.0,,,,,,,,Found,Found,,chrome 63.0,,,,F,F,T,T,desktop,
3063951,0.0,211108.0,,,2.0,-11.0,,,,,100.0,NotFound,,,New,NotFound,225.0,15.0,384.0,507.0,,,,,,,,New,NotFound,,chrome 63.0 for android,,,,F,F,T,T,mobile,5010G Build/MRA58K
3068917,-5.0,89181.0,0.0,0.0,0.0,0.0,,,0.0,0.0,100.0,NotFound,49.0,-300.0,Found,Found,166.0,15.0,100.0,549.0,,,,,,,,Found,Found,Android 7.0,samsung browser 6.2,32.0,2220x1080,match_status:2,T,F,T,F,mobile,SAMSUNG SM-G950U Build/NRD90M
3064084,-5.0,160735.0,,,6.0,0.0,,,,,100.0,NotFound,52.0,,New,NotFound,225.0,,176.0,507.0,,,,,,,,New,NotFound,,chrome 63.0,,,,F,F,T,T,desktop,
3064160,0.0,170838.0,,,0.0,0.0,,,,,100.0,NotFound,,,New,NotFound,225.0,,266.0,384.0,,,,,,,,New,NotFound,,chrome 63.0 for android,,,,F,F,T,T,mobile,SM-J700M Build/LMY48B
3064060,-5.0,205506.0,0.0,0.0,6.0,0.0,,,0.0,0.0,100.0,NotFound,52.0,,Found,Found,225.0,,176.0,507.0,,,,,,,,Found,Found,,chrome 63.0,,,,F,F,T,T,desktop,
3064120,-5.0,388349.0,0.0,0.0,0.0,0.0,,,0.0,0.0,100.0,NotFound,52.0,,Found,Found,225.0,,266.0,507.0,,,,,,,,Found,Found,,chrome 63.0,,,,F,F,T,T,desktop,
3064147,-5.0,239542.0,,,0.0,0.0,,,,,100.0,NotFound,52.0,,New,NotFound,225.0,,427.0,595.0,,,,,,,,New,NotFound,,chrome 63.0,,,,F,F,T,T,desktop,
3064266,-5.0,109408.0,0.0,0.0,6.0,0.0,,,0.0,0.0,100.0,NotFound,52.0,,Found,Found,225.0,,176.0,507.0,,,,,,,,Found,Found,,chrome 63.0,,,,F,F,T,T,desktop,
3064152,-5.0,112419.0,0.0,0.0,0.0,0.0,,,0.0,0.0,100.0,NotFound,52.0,,Found,Found,225.0,,427.0,595.0,,,,,,,,Found,Found,,chrome 63.0,,,,F,F,T,T,desktop,
3064282,0.0,226683.0,,,0.0,0.0,,,,,100.0,NotFound,,,New,NotFound,225.0,,266.0,305.0,,,,,,,,New,NotFound,,chrome 62.0 for android,,,,F,F,T,T,mobile,D5306 Build/19.4.A.0.182
3064164,-5.0,176600.0,0.0,0.0,7.0,0.0,,,0.0,0.0,100.0,NotFound,52.0,,Found,Found,225.0,,176.0,507.0,,,,,,,,Found,Found,,chrome 63.0,,,,F,F,T,T,desktop,
3064240,-5.0,377344.0,,,10.0,-47.0,,,,,100.0,NotFound,25.0,-360.0,New,NotFound,166.0,13.0,373.0,222.0,,,,,,,,New,NotFound,,ie 11.0 for desktop,,,,F,T,T,T,desktop,Trident/7.0
3064302,0.0,101408.0,0.0,0.0,0.0,0.0,,,0.0,0.0,100.0,NotFound,,,Found,Found,225.0,,266.0,305.0,,,,,,,,Found,Found,,chrome 62.0 for android,,,,F,F,T,T,mobile,D5306 Build/19.4.A.0.182
3069119,-25.0,105496.0,,,3.0,0.0,,,,,100.0,NotFound,49.0,,Unknown,,225.0,15.0,176.0,507.0,,,,,,,,New,NotFound,,mobile safari 10.0,,,,F,F,F,T,mobile,
3064365,0.0,367694.0,,,-5.0,-33.0,,,,,100.0,NotFound,,,New,NotFound,225.0,,417.0,507.0,,,,,,,,New,NotFound,,chrome 61.0 for android,,,,F,F,T,T,mobile,HTC Desire 626s Build/LMY47O
3064347,0.0,57200.0,,,10.0,-10.0,,,,,100.0,NotFound,20.0,,New,NotFound,225.0,15.0,417.0,507.0,,,,,,,,New,NotFound,,chrome 63.0 for android,,,,F,F,T,T,mobile,Moto X Play Build/NPD26.48-24-1
3069408,-5.0,79600.0,,,0.0,0.0,,,,,100.0,NotFound,49.0,-480.0,New,NotFound,166.0,,454.0,222.0,,,,,,,,New,NotFound,Mac OS X 10_11_6,safari generic,24.0,1440x900,match_status:2,T,F,F,T,desktop,MacOS
3064585,0.0,230866.0,,,0.0,0.0,,,,,100.0,NotFound,20.0,,New,NotFound,225.0,,266.0,305.0,,,,,,,,New,NotFound,,chrome 62.0,,,,F,F,T,T,desktop,
3064655,-5.0,253301.0,,,0.0,0.0,,,,,100.0,NotFound,52.0,,New,NotFound,225.0,,271.0,507.0,,,,,,,,New,NotFound,,chrome 63.0,,,,F,F,T,T,desktop,Windows
3064615,0.0,317340.0,,,-7.0,-25.0,,,,,100.0,NotFound,,,New,NotFound,225.0,15.0,266.0,507.0,,,,,,,,New,NotFound,,chrome 57.0 for android,,,,F,F,T,T,mobile,Ilium LT510 Build/MRA58K
3064629,-15.0,105443.0,,,0.0,0.0,,,,,100.0,NotFound,52.0,,New,NotFound,225.0,,290.0,401.0,,,,,,,,New,NotFound,,chrome 63.0,,,,F,F,T,T,desktop,
3069495,-5.0,93261.0,,,1.0,-3.0,,,,,100.0,NotFound,49.0,-300.0,New,NotFound,166.0,18.0,410.0,549.0,,,,,,,,New,NotFound,iOS 11.0.3,mobile safari 11.0,32.0,1334x750,match_status:1,T,F,F,T,mobile,iOS Device
3064692,-10.0,494313.0,0.0,0.0,2.0,-100.0,,,0.0,0.0,100.0,NotFound,52.0,,Found,Found,166.0,13.0,121.0,214.0,,,,,,,,Found,Found,,chrome 63.0,,,,F,F,T,T,desktop,Windows
3064663,-20.0,54688.0,0.0,0.0,17.0,-100.0,,,0.0,0.0,100.0,NotFound,52.0,,Found,Found,166.0,13.0,121.0,222.0,,,,,,,,Found,Found,,chrome 63.0,,,,F,F,T,T,desktop,Windows
3064761,-20.0,48062.0,0.0,0.0,4.0,-100.0,,,0.0,0.0,100.0,NotFound,52.0,,Found,Found,166.0,13.0,121.0,214.0,,,,,,,,Found,Found,,chrome 63.0,,,,F,F,T,T,desktop,Windows
3064772,0.0,94102.0,,,0.0,0.0,,,,,100.0,NotFound,,,New,NotFound,225.0,,427.0,610.0,,,,,,,,New,NotFound,,chrome 63.0 for android,,,,F,F,T,T,mobile,SM-G610M Build/MMB29K
3064859,-10.0,241476.0,0.0,0.0,0.0,0.0,,,0.0,0.0,100.0,NotFound,52.0,,Found,Found,225.0,,427.0,507.0,,,,,,,,Found,Found,,chrome 63.0,,,,F,F,T,T,desktop,Windows
3064881,-5.0,314434.0,,,0.0,0.0,,,,,100.0,NotFound,52.0,,New,NotFound,225.0,,290.0,401.0,,,,,,,,New,NotFound,,chrome 63.0,,,,F,F,T,T,desktop,Windows
3064894,-10.0,112692.0,0.0,0.0,0.0,0.0,,,0.0,0.0,100.0,NotFound,52.0,,Found,Found,225.0,,427.0,507.0,,,,,,,,Found,Found,,chrome 63.0,,,,F,F,T,T,desktop,Windows
3064958,0.0,247781.0,0.0,0.0,-4.0,-33.0,,,0.0,0.0,100.0,NotFound,,,Found,Found,225.0,,417.0,507.0,,,,,,,,Found,Found,,chrome 61.0 for android,,,,F,F,T,T,mobile,HTC Desire 626s Build/LMY47O
3080225,-5.0,88887.0,0.0,0.0,1.0,0.0,,,0.0,0.0,100.0,NotFound,52.0,-300.0,Found,Found,166.0,,435.0,500.0,,,,,,,,Found,Found,Windows 7,chrome 63.0,24.0,1360x768,match_status:2,T,F,T,T,desktop,Windows
3065010,-5.0,112937.0,0.0,0.0,6.0,-28.0,,,0.0,0.0,100.0,NotFound,52.0,,Found,Found,225.0,15.0,417.0,507.0,,,,,,,,Found,Found,,firefox 52.0,,,,F,F,T,T,desktop,
3065188,-5.0,276633.0,,,0.0,0.0,,,,,100.0,NotFound,52.0,,New,NotFound,225.0,,427.0,563.0,,,,,,,,New,NotFound,,chrome 63.0,,,,F,F,T,T,desktop,Windows
3065174,-5.0,310203.0,,,0.0,0.0,,,,,100.0,NotFound,52.0,,New,NotFound,225.0,,427.0,507.0,,,,,,,,New,NotFound,,chrome 63.0,,,,F,F,T,T,desktop,
3065167,-20.0,132983.0,,,-1.0,-17.0,,,,,100.0,NotFound,49.0,,Unknown,,225.0,15.0,417.0,507.0,,,,,,,,New,NotFound,,mobile safari 11.0,,,,F,F,F,T,mobile,
3065237,-20.0,77045.0,,,0.0,0.0,,,,,100.0,NotFound,52.0,,New,NotFound,225.0,,427.0,411.0,,,,,,,,New,NotFound,,chrome 63.0,,,,F,F,T,T,desktop,Windows
3065234,-5.0,80621.0,,,0.0,0.0,,,,,100.0,NotFound,52.0,,New,NotFound,225.0,,427.0,595.0,,,,,,,,New,NotFound,,chrome 63.0,,,,F,F,T,T,desktop,Windows
3065287,-5.0,94145.0,0.0,0.0,0.0,0.0,,,0.0,0.0,100.0,NotFound,52.0,,Found,Found,225.0,,427.0,595.0,,,,,,,,Found,Found,,chrome 63.0,,,,F,F,T,T,desktop,Windows
3065286,-5.0,48498.0,0.0,0.0,0.0,0.0,,,0.0,0.0,100.0,NotFound,52.0,,Found,Found,225.0,,427.0,595.0,,,,,,,,Found,Found,,chrome 63.0,,,,F,F,T,T,desktop,Windows
3065337,-5.0,30517.0,0.0,0.0,1.0,0.0,,,0.0,0.0,100.0,NotFound,52.0,,Found,Found,225.0,,427.0,595.0,,,,,,,,Found,Found,,chrome 63.0,,,,F,F,T,T,desktop,Windows
3060486,0.0,124395.0,,,0.0,0.0,,,,,100.0,NotFound,,-480.0,New,NotFound,166.0,,352.0,549.0,,,,,,,,New,NotFound,Mac OS X 10.9,firefox 57.0,24.0,1920x1080,match_status:2,T,F,T,T,desktop,rv:57.0
3065290,0.0,61608.0,0.0,0.0,0.0,0.0,,,0.0,0.0,100.0,NotFound,20.0,,Found,Found,225.0,,266.0,325.0,,,,,,,,Found,Found,,chrome 63.0 for android,,,,F,F,T,T,mobile,SM-G531H Build/LMY48B
3065397,-10.0,69306.0,0.0,0.0,0.0,0.0,,,0.0,0.0,100.0,NotFound,52.0,,Found,Found,225.0,,427.0,595.0,,,,,,,,Found,Found,,chrome 63.0,,,,F,F,T,T,desktop,Windows
3065312,-25.0,593770.0,,,0.0,0.0,,,,,100.0,NotFound,63.0,,Unknown,,225.0,,484.0,507.0,,,,,,,,New,NotFound,,chrome 62.0,,,,F,F,F,T,desktop,Windows
3070381,-5.0,103646.0,0.0,0.0,0.0,0.0,,,0.0,0.0,100.0,NotFound,52.0,-300.0,Found,Found,166.0,,529.0,549.0,,,,,,,,Found,Found,Windows 7,chrome 63.0,24.0,1440x900,match_status:2,T,F,T,T,desktop,Windows
3065595,0.0,395745.0,,,0.0,0.0,,,,,100.0,NotFound,,-360.0,New,NotFound,225.0,,337.0,507.0,,,,,,,,New,NotFound,,ie 11.0 for desktop,,,,F,T,T,T,desktop,Trident/7.0
3065670,-5.0,214783.0,,,0.0,0.0,,,,,100.0,NotFound,52.0,,New,NotFound,225.0,,176.0,507.0,,,,,,,,New,NotFound,,chrome 63.0,,,,F,F,T,T,desktop,Windows
3065602,-20.0,118254.0,0.0,0.0,0.0,0.0,,,0.0,0.0,100.0,NotFound,52.0,,Found,Found,225.0,,427.0,325.0,,,,,,,,Found,Found,,chrome 63.0,,,,F,F,T,T,desktop,
3065699,-5.0,256651.0,,,3.0,0.0,,,,,100.0,NotFound,52.0,,New,NotFound,225.0,,484.0,507.0,,,,,,,,New,NotFound,,chrome 63.0,,,,F,F,T,T,desktop,
3065566,-20.0,138468.0,0.0,0.0,0.0,0.0,,,0.0,0.0,100.0,NotFound,52.0,,Found,Found,225.0,,427.0,325.0,,,,,,,,Found,Found,,chrome 63.0,,,,F,F,T,T,desktop,
3065674,-5.0,287037.0,,,0.0,0.0,,,,,100.0,NotFound,52.0,,New,NotFound,225.0,,176.0,507.0,,,,,,,,New,NotFound,,chrome 63.0,,,,F,F,T,T,desktop,
3092419,-5.0,123890.0,0.0,0.0,0.0,0.0,,,0.0,0.0,100.0,NotFound,52.0,,Found,Found,225.0,,176.0,507.0,,,,,,,,Found,Found,,chrome 63.0,,,,F,F,T,T,desktop,
3065736,-10.0,202405.0,,,5.0,-100.0,,,3.0,0.0,93.44000244140624,NotFound,52.0,,New,NotFound,121.0,15.0,410.0,540.0,,,,,,,,Found,Found,,chrome 63.0,,,,F,F,T,T,desktop,Windows
3065672,-5.0,56989.0,,,0.0,0.0,,,,,100.0,NotFound,52.0,,New,NotFound,225.0,,427.0,561.0,,,,,,,,New,NotFound,,chrome 63.0,,,,F,F,T,T,desktop,Windows
3065683,-5.0,92417.0,0.0,0.0,0.0,0.0,,,0.0,0.0,100.0,NotFound,52.0,,Found,Found,225.0,,427.0,561.0,,,,,,,,Found,Found,,chrome 63.0,,,,F,F,T,T,desktop,Windows
3065784,0.0,213441.0,,,0.0,0.0,,,,,100.0,NotFound,,,New,NotFound,225.0,,290.0,401.0,,,,,,,,New,NotFound,,chrome 63.0 for android,,,,F,F,T,T,mobile,LG-K200 Build/MXB48T
3065840,-5.0,273629.0,0.0,0.0,0.0,0.0,,,0.0,0.0,100.0,NotFound,52.0,,Found,Found,225.0,,254.0,507.0,,,,,,,,Found,Found,,chrome 63.0,,,,F,F,T,T,desktop,
3065851,-5.0,78665.0,0.0,0.0,0.0,0.0,,,0.0,0.0,100.0,NotFound,52.0,,Found,Found,225.0,,254.0,507.0,,,,,,,,Found,Found,,chrome 63.0,,,,F,F,T,T,desktop,
3065809,-5.0,85206.0,0.0,0.0,0.0,0.0,,,0.0,0.0,100.0,NotFound,52.0,,Found,Found,225.0,,254.0,507.0,,,,,,,,Found,Found,,chrome 63.0,,,,F,F,T,T,desktop,
3065839,-5.0,268699.0,,,0.0,0.0,,,,,100.0,NotFound,52.0,-360.0,New,NotFound,225.0,,266.0,315.0,,,,,,,,New,NotFound,,ie 11.0 for desktop,,,,F,T,F,T,desktop,rv:11.0
3075757,-20.0,82330.0,,,0.0,0.0,,,,,100.0,NotFound,49.0,-360.0,Unknown,,166.0,,215.0,214.0,,,,,,,,New,NotFound,iOS 11.1.2,mobile safari 11.0,32.0,2208x1242,match_status:1,T,F,F,T,mobile,iOS Device
3065980,0.0,214473.0,,,-6.0,-6.0,,,,,100.0,NotFound,,,New,NotFound,225.0,,271.0,507.0,,,,,,,,New,NotFound,,chrome 63.0,,,,F,F,T,T,desktop,
3066120,-15.0,523525.0,,,-1.0,-5.0,,,,,100.0,NotFound,35.0,,New,NotFound,225.0,,153.0,417.0,,,,,,,,New,NotFound,,chrome 63.0 for android,,,,F,F,T,T,mobile,SM-G531H Build/LMY48B
3066152,-5.0,273195.0,,,0.0,0.0,,,,,100.0,NotFound,52.0,,New,NotFound,225.0,,266.0,507.0,,,,,,,,New,NotFound,,chrome 63.0,,,,F,F,T,T,desktop,Windows
3066182,-20.0,85746.0,,,0.0,0.0,,,,,100.0,NotFound,49.0,,Unknown,,225.0,,266.0,507.0,,,,,,,,New,NotFound,,mobile safari 11.0,,,,F,F,F,T,mobile,
3066111,-15.0,245026.0,,,0.0,-6.0,,,,,100.0,NotFound,35.0,,New,NotFound,225.0,,153.0,139.0,,,,,,,,New,NotFound,,samsung browser 6.2,,,,F,F,T,T,mobile,SAMSUNG SM-J700M Build/MMB29K
3066167,-20.0,293022.0,,,0.0,0.0,,,,,100.0,NotFound,49.0,,Unknown,,225.0,,266.0,315.0,,,,,,,,New,NotFound,,mobile safari 9.0,,,,F,F,F,F,mobile,
3081435,-5.0,146928.0,,,8.0,0.0,,,,,100.0,NotFound,49.0,-300.0,New,NotFound,166.0,15.0,352.0,146.0,,,,,,,,New,NotFound,iOS 10.2.0,mobile safari 10.0,32.0,2208x1242,match_status:1,T,F,F,T,mobile,iOS Device
3070866,-5.0,76032.0,0.0,0.0,0.0,0.0,,,0.0,0.0,100.0,NotFound,52.0,-300.0,Found,Found,166.0,13.0,100.0,489.0,,,,,,,,Found,Found,Windows 10,chrome 63.0,24.0,1366x768,match_status:2,T,F,T,T,desktop,Windows
3066165,-5.0,209742.0,,,0.0,0.0,,,,,100.0,NotFound,52.0,,New,NotFound,225.0,,266.0,139.0,,,,,,,,New,NotFound,,chrome 63.0,,,,F,F,T,T,desktop,
3066265,-5.0,351869.0,,,0.0,0.0,,,,,100.0,NotFound,49.0,,New,NotFound,225.0,,266.0,595.0,,,,,,,,New,NotFound,,mobile safari generic,,,,F,F,T,F,mobile,
3066237,-5.0,79263.0,3.0,0.0,6.0,0.0,,,3.0,0.0,100.0,NotFound,52.0,,Found,Found,225.0,,254.0,507.0,,,,,,,,Found,Found,,chrome 62.0,,,,F,F,T,T,desktop,Windows
3066239,-5.0,402423.0,,,0.0,-1.0,,,,,100.0,NotFound,52.0,,New,NotFound,225.0,15.0,153.0,325.0,,,,,,,,New,NotFound,,chrome 63.0,,,,F,F,T,T,desktop,Windows
3066266,0.0,170113.0,,,0.0,0.0,,,,,100.0,NotFound,,,New,NotFound,225.0,,153.0,563.0,,,,,,,,New,NotFound,,chrome 61.0 for android,,,,F,F,T,T,mobile,SM-N9005 Build/LRX21V
3070986,-5.0,244901.0,,,25.0,-32.0,,,,,100.0,NotFound,49.0,-420.0,New,NotFound,166.0,13.0,122.0,222.0,,,,,,,,New,NotFound,iOS 11.1.2,mobile safari 11.0,32.0,1334x750,match_status:1,T,F,F,F,mobile,iOS Device
3066400,-5.0,459272.0,0.0,0.0,1.0,0.0,,,0.0,0.0,100.0,NotFound,52.0,,Found,Found,225.0,,266.0,566.0,,,,,,,,Found,Found,,firefox 57.0,,,,F,F,T,T,desktop,Windows
3066440,-15.0,139339.0,,,0.0,0.0,,,,,100.0,NotFound,20.0,,New,NotFound,225.0,,153.0,325.0,,,,,,,,New,NotFound,,chrome 63.0 for android,,,,F,F,T,T,mobile,SM-J700M Build/LMY48B
3066495,-5.0,124063.0,0.0,0.0,0.0,0.0,,,0.0,0.0,100.0,NotFound,52.0,,Found,Found,225.0,,427.0,325.0,,,,,,,,Found,Found,,chrome 63.0,,,,F,F,T,T,desktop,Windows
3066447,-20.0,282342.0,,,0.0,0.0,,,,,100.0,NotFound,49.0,,Unknown,,225.0,,266.0,507.0,,,,,,,,New,NotFound,,mobile safari 11.0,,,,F,F,F,T,mobile,
3066575,-20.0,180519.0,,,0.0,0.0,,,,,100.0,NotFound,49.0,,Unknown,,225.0,,254.0,507.0,,,,,,,,New,NotFound,,mobile safari 11.0,,,,F,F,F,T,mobile,
3066628,0.0,105437.0,,,2.0,-23.0,,,,,100.0,NotFound,,,New,NotFound,225.0,15.0,417.0,507.0,,,,,,,,New,NotFound,,chrome 63.0 for android,,,,F,F,T,T,mobile,F3213 Build/36.1.A.1.86
3066591,0.0,126897.0,,,5.0,0.0,,,,,100.0,NotFound,,,New,NotFound,225.0,,153.0,325.0,,,,,,,,New,NotFound,,chrome 63.0 for android,,,,F,F,T,T,mobile,SM-G531H Build/LMY48B
3066570,-5.0,248925.0,,,0.0,0.0,,,,,100.0,NotFound,52.0,,New,NotFound,225.0,,427.0,507.0,,,,,,,,New,NotFound,,chrome 62.0,,,,F,F,T,T,desktop,
3066587,-5.0,168010.0,,,0.0,0.0,,,,,100.0,NotFound,52.0,,New,NotFound,225.0,,254.0,507.0,,,,,,,,New,NotFound,,chrome 63.0,,,,F,F,T,T,desktop,Windows
3066588,-5.0,163357.0,,,0.0,0.0,,,,,100.0,NotFound,52.0,,New,NotFound,225.0,20.0,254.0,507.0,,,,,,,,New,NotFound,,firefox 57.0,,,,F,F,T,T,desktop,Windows
3066660,-5.0,158340.0,,,0.0,0.0,,,,,100.0,NotFound,52.0,,New,NotFound,225.0,,484.0,507.0,,,,,,,,New,NotFound,,chrome 63.0,,,,F,F,T,T,desktop,Windows
3066627,-5.0,53771.0,0.0,0.0,0.0,0.0,,,0.0,0.0,100.0,NotFound,52.0,,Found,Found,225.0,,254.0,507.0,,,,,,,,Found,Found,,chrome 63.0,,,,F,F,T,T,desktop,Windows
3066626,-5.0,173567.0,0.0,0.0,0.0,0.0,,,0.0,0.0,100.0,NotFound,52.0,,Found,Found,225.0,,427.0,507.0,,,,,,,,Found,Found,,chrome 62.0,,,,F,F,T,T,desktop,
3066686,-5.0,144393.0,0.0,0.0,0.0,0.0,,,0.0,0.0,100.0,NotFound,52.0,,Found,Found,225.0,,254.0,507.0,,,,,,,,Found,Found,,chrome 63.0,,,,F,F,T,T,desktop,Windows
3071454,-5.0,38701.0,,,0.0,0.0,,,,,100.0,NotFound,52.0,-300.0,New,NotFound,166.0,15.0,529.0,549.0,,,,,,,,New,NotFound,Windows 7,chrome 63.0,24.0,1366x768,match_status:2,T,F,T,T,desktop,Windows
3066673,-5.0,57144.0,,,1.0,0.0,,,,,100.0,NotFound,52.0,,New,NotFound,225.0,,266.0,566.0,,,,,,,,New,NotFound,,chrome 63.0,,,,F,F,T,T,desktop,Windows
3066685,-5.0,132923.0,,,0.0,0.0,,,,,100.0,NotFound,52.0,,New,NotFound,225.0,,427.0,305.0,,,,,,,,New,NotFound,,chrome 63.0,,,,F,F,T,T,desktop,Windows
3066703,-5.0,273414.0,0.0,0.0,0.0,0.0,,,0.0,0.0,100.0,NotFound,52.0,,Found,Found,225.0,,266.0,325.0,,,,,,,,Found,Found,,chrome 63.0,,,,F,F,T,T,desktop,Windows
3066780,-5.0,152495.0,,,0.0,0.0,,,,,100.0,NotFound,52.0,,New,NotFound,225.0,,153.0,563.0,,,,,,,,New,NotFound,,chrome 63.0,,,,F,F,T,T,desktop,Windows
3066784,-20.0,279808.0,0.0,0.0,0.0,0.0,,,0.0,0.0,100.0,NotFound,52.0,,Found,Found,225.0,,266.0,507.0,,,,,,,,Found,Found,,chrome 63.0,,,,F,F,T,T,desktop,Windows
3066762,-20.0,120014.0,,,-3.0,-22.0,,,,,100.0,NotFound,49.0,,Unknown,,225.0,13.0,417.0,507.0,,,,,,,,New,NotFound,,mobile safari 11.0,,,,F,F,F,T,mobile,
3066807,-20.0,223555.0,,,0.0,-1.0,,,,,100.0,NotFound,52.0,,New,NotFound,225.0,,176.0,507.0,,,,,,,,New,NotFound,,chrome 63.0,,,,F,F,T,T,desktop,Windows
3066797,-20.0,156091.0,0.0,0.0,0.0,-1.0,,,0.0,0.0,100.0,NotFound,52.0,,Found,Found,225.0,,176.0,507.0,,,,,,,,Found,Found,,chrome 63.0,,,,F,F,T,T,desktop,Windows
3066839,-20.0,106363.0,0.0,0.0,0.0,-1.0,,,0.0,0.0,100.0,NotFound,52.0,,Found,Found,225.0,,176.0,507.0,,,,,,,,Found,Found,,chrome 63.0,,,,F,F,T,T,desktop,Windows
3066809,-5.0,237370.0,,,0.0,0.0,,,,,100.0,NotFound,52.0,,New,NotFound,225.0,,266.0,507.0,,,,,,,,New,NotFound,,chrome 63.0,,,,F,F,T,T,desktop,Windows
3066835,0.0,450142.0,,,1.0,0.0,,,,,100.0,NotFound,,,New,NotFound,225.0,,271.0,507.0,,,,,,,,New,NotFound,,mobile safari generic,,,,F,F,T,T,mobile,
3066849,0.0,239635.0,0.0,0.0,0.0,0.0,,,0.0,0.0,100.0,NotFound,20.0,,Found,Found,225.0,,266.0,315.0,,,,,,,,Found,Found,,chrome 63.0 for ios,,,,F,F,T,T,mobile,
3066840,-5.0,266531.0,0.0,0.0,0.0,-1.0,,,0.0,0.0,100.0,NotFound,52.0,,Found,Found,225.0,,254.0,507.0,,,,,,,,Found,Found,,chrome 63.0,,,,F,F,T,T,desktop,Windows
3066887,-5.0,177264.0,,,0.0,0.0,,,,,100.0,NotFound,52.0,,New,NotFound,225.0,,254.0,507.0,,,,,,,,New,NotFound,,chrome 63.0,,,,F,F,T,T,desktop,
3066917,0.0,208228.0,,,4.0,0.0,,,,,100.0,NotFound,20.0,,New,NotFound,225.0,,271.0,507.0,,,,,,,,New,NotFound,,chrome 59.0 for android,,,,F,F,T,T,mobile,Turbo C5 Build/LMY47I
3066927,-5.0,46409.0,,,0.0,0.0,,,,,100.0,NotFound,52.0,,New,NotFound,225.0,,427.0,563.0,,,,,,,,New,NotFound,,chrome 63.0,,,,F,F,T,T,desktop,Windows
3071793,-5.0,136626.0,,,0.0,0.0,,,,,100.0,NotFound,49.0,-300.0,New,NotFound,166.0,15.0,529.0,549.0,,,,,,,,New,NotFound,iOS 11.2.1,mobile safari 11.0,32.0,2208x1242,match_status:1,T,F,F,F,mobile,iOS Device
3071798,-5.0,143531.0,,,0.0,0.0,,,,,100.0,NotFound,52.0,-300.0,New,NotFound,166.0,,390.0,549.0,,,,,,,,New,NotFound,Windows 10,chrome 63.0,24.0,1366x768,match_status:2,T,F,T,F,desktop,Windows
3067027,0.0,96365.0,0.0,0.0,0.0,-32.0,,,0.0,0.0,100.0,NotFound,,,Found,Found,225.0,15.0,417.0,507.0,,,,,,,,Found,Found,,chrome 61.0 for android,,,,F,F,T,T,mobile,HUAWEI TAG-L13 Build/HUAWEITAG-L13
3071866,-5.0,68530.0,0.0,0.0,0.0,0.0,,,0.0,0.0,100.0,NotFound,52.0,-300.0,Found,Found,166.0,,529.0,600.0,,,,,,,,Found,Found,Windows 7,chrome 63.0,24.0,1920x1080,match_status:2,T,F,T,T,desktop,Windows
3067052,0.0,281489.0,,,0.0,-18.0,,,,,100.0,NotFound,,,New,NotFound,225.0,15.0,384.0,507.0,,,,,,,,New,NotFound,,chrome 62.0 for android,,,,F,F,T,T,mobile,LG-K410 Build/LRX22G
3077016,0.0,234594.0,,,1.0,-6.0,,,,,100.0,NotFound,,-300.0,New,NotFound,166.0,15.0,390.0,549.0,,,,,,,,New,NotFound,Android 7.0,firefox,24.0,2672x1440,match_status:2,T,F,T,T,mobile,LG-H871
3071907,-15.0,,,,,,,,,,,NotFound,14.0,,,,,,,,,,,,,,,,,,,,,,,,,,,
3071984,-5.0,22051.0,0.0,0.0,0.0,0.0,,,0.0,0.0,100.0,NotFound,52.0,-300.0,Found,Found,166.0,,100.0,549.0,,,,,,,,Found,Found,Windows 7,chrome 63.0,24.0,1600x900,match_status:2,T,F,T,T,desktop,Windows
3067178,-15.0,159710.0,,,-7.0,-28.0,,,,,100.0,NotFound,20.0,,New,NotFound,225.0,13.0,266.0,507.0,,,,,,,,New,NotFound,,chrome 63.0 for android,,,,F,F,T,T,mobile,LG-M700 Build/NMF26X
3067379,-20.0,145974.0,,,1.0,0.0,,,,,100.0,NotFound,49.0,,Unknown,,225.0,,254.0,507.0,,,,,,,,New,NotFound,,mobile safari 11.0,,,,F,F,F,T,mobile,
3067460,-5.0,249676.0,0.0,0.0,0.0,0.0,,,0.0,0.0,100.0,NotFound,52.0,,Found,Found,225.0,,410.0,507.0,,,,,,,,Found,Found,,chrome 63.0,,,,F,F,T,T,desktop,Windows
3072305,-5.0,176373.0,,,2.0,-5.0,,,0.0,0.0,95.16000366210938,NotFound,52.0,,New,NotFound,166.0,13.0,216.0,214.0,,,,,,,,Found,Found,,ie 11.0 for desktop,,,,F,F,T,F,desktop,rv:11.0
3072433,-5.0,50355.0,0.0,0.0,29.0,-22.0,,,0.0,0.0,100.0,NotFound,52.0,-300.0,Found,Found,166.0,13.0,410.0,549.0,,,,,,,,Found,Found,Windows 7,chrome 63.0,24.0,1920x1080,match_status:2,T,F,T,F,desktop,Windows
3077473,-5.0,54142.0,0.0,0.0,0.0,0.0,,,0.0,0.0,100.0,Found,52.0,-360.0,Found,Found,166.0,12.0,410.0,214.0,,,,,,,,Found,Found,Windows 7,chrome 63.0,24.0,1440x900,match_status:2,T,F,T,T,desktop,Windows
3067654,0.0,219407.0,,,0.0,-9.0,,,,,100.0,NotFound,,-360.0,New,NotFound,225.0,15.0,266.0,507.0,,,,,,,,New,NotFound,,ie 11.0 for desktop,,,,F,T,T,T,desktop,Trident/7.0
3067668,-5.0,161357.0,,,0.0,0.0,,,,,100.0,NotFound,52.0,,New,NotFound,225.0,,427.0,563.0,,,,,,,,New,NotFound,,chrome 63.0,,,,F,F,T,T,desktop,Windows
3067887,-5.0,565176.0,,,0.0,0.0,,,,,100.0,NotFound,52.0,,New,NotFound,225.0,,574.0,507.0,,,,,,,,New,NotFound,,chrome 63.0,,,,F,F,T,T,desktop,Windows
3083538,-5.0,39361.0,0.0,0.0,1.0,0.0,,,0.0,0.0,100.0,NotFound,52.0,-480.0,Found,Found,166.0,,410.0,144.0,,,,,,,,Found,Found,Windows 10,chrome 63.0,24.0,3440x1440,match_status:2,T,F,T,F,desktop,Windows
3072987,0.0,30493.0,,,9.0,-15.0,,,,,100.0,NotFound,,-300.0,New,NotFound,166.0,15.0,420.0,549.0,,,,,,,,New,NotFound,Android 7.0,chrome 63.0 for android,32.0,,match_status:2,T,F,T,T,mobile,SM-G955U Build/NRD90M
3072893,0.0,62934.0,0.0,0.0,9.0,-15.0,,,0.0,0.0,100.0,Found,,-300.0,Found,Found,166.0,15.0,420.0,549.0,,,,,,,,Found,Found,Android 7.0,chrome 63.0 for android,32.0,,match_status:2,T,F,T,T,mobile,SM-G955U Build/NRD90M
3072957,0.0,9410.0,0.0,0.0,9.0,-15.0,,,0.0,0.0,100.0,Found,,-300.0,Found,Found,166.0,15.0,420.0,549.0,,,,,,,,Found,Found,Android 7.0,chrome 63.0 for android,32.0,,match_status:2,T,F,T,T,mobile,SM-G955U Build/NRD90M
3068033,-5.0,254844.0,0.0,0.0,14.0,-23.0,,,0.0,0.0,100.0,NotFound,52.0,,Found,Found,225.0,,585.0,507.0,,,,,,,,Found,Found,,chrome 63.0,,,,F,F,T,T,desktop,
3067964,-5.0,107774.0,0.0,0.0,0.0,0.0,,,0.0,0.0,100.0,NotFound,52.0,,Found,Found,225.0,,574.0,507.0,,,,,,,,Found,Found,,chrome 63.0,,,,F,F,T,T,desktop,Windows
3068241,0.0,122759.0,0.0,0.0,4.0,0.0,,,0.0,0.0,100.0,NotFound,20.0,,Found,Found,225.0,,153.0,563.0,,,,,,,,Found,Found,,chrome 63.0 for android,,,,F,F,T,T,mobile,Blade V6 Plus Build/MRA58K
3063365,-5.0,74947.0,0.0,0.0,21.0,-9.0,,,0.0,0.0,100.0,NotFound,52.0,-300.0,Found,Found,166.0,13.0,410.0,549.0,,,,,,,,Found,Found,Windows 7,chrome 63.0,24.0,1280x1025,match_status:2,T,F,T,T,desktop,Windows
3083864,-5.0,107962.0,,,0.0,0.0,,,,,100.0,NotFound,52.0,-300.0,Found,NotFound,166.0,,633.0,533.0,,,,,,,,Found,NotFound,Windows 10,chrome 63.0,24.0,1920x1080,match_status:2,T,F,T,T,desktop,Windows
3068370,-35.0,136992.0,,,7.0,-23.0,,,,,100.0,NotFound,49.0,,Unknown,,225.0,15.0,417.0,507.0,,,,,,,,New,NotFound,,mobile safari generic,,,,F,F,F,T,mobile,
3073313,-5.0,79604.0,,,0.0,0.0,,,,,100.0,NotFound,52.0,-300.0,New,NotFound,166.0,,529.0,549.0,,,,,,,,New,NotFound,Windows 7,chrome 63.0,24.0,1920x1200,match_status:2,T,F,T,T,desktop,Windows
3083959,-5.0,134683.0,,,3.0,0.0,,,,,100.0,NotFound,52.0,-420.0,New,NotFound,166.0,,410.0,472.0,,,,,,,,New,NotFound,Windows 10,chrome 63.0,24.0,1920x1080,match_status:2,T,F,T,F,desktop,Windows
3068861,0.0,314637.0,,,-6.0,-32.0,,,,,100.0,NotFound,,,New,NotFound,225.0,13.0,266.0,507.0,,,,,,,,New,NotFound,,chrome 63.0 for android,,,,F,F,T,T,mobile,2PYB2
3063943,-5.0,107229.0,,,0.0,0.0,,,,,100.0,NotFound,52.0,-300.0,New,NotFound,166.0,13.0,100.0,489.0,,,,,,,,New,NotFound,Windows 10,chrome 63.0,24.0,1920x1080,match_status:2,T,F,T,T,desktop,Windows
3068837,0.0,285543.0,,,0.0,0.0,,,,,100.0,NotFound,,,New,NotFound,225.0,,290.0,401.0,,,,,,,,New,NotFound,,chrome 63.0 for android,,,,F,F,T,T,mobile,M4 SS4456 Build/LMY47V
3068859,-5.0,364284.0,,,19.0,-53.0,,,,,100.0,NotFound,25.0,-360.0,New,NotFound,166.0,15.0,410.0,214.0,,,,,,,,New,NotFound,,ie 11.0 for desktop,,,,F,T,T,T,desktop,Trident/7.0
3068839,-5.0,580646.0,,,0.0,0.0,,,,,100.0,NotFound,52.0,,New,NotFound,225.0,,607.0,507.0,,,,,,,,New,NotFound,,chrome 62.0,,,,F,F,T,T,desktop,Windows
3068935,0.0,157114.0,,,6.0,-49.0,,,,,100.0,NotFound,20.0,-360.0,New,NotFound,225.0,,160.0,507.0,,,,,,,,New,NotFound,,ie 11.0 for desktop,,,,F,T,T,T,desktop,Trident/7.0
3068947,0.0,127817.0,0.0,0.0,1.0,-49.0,,,0.0,0.0,100.0,NotFound,20.0,-360.0,Found,Found,225.0,,160.0,507.0,,,,,,,,Found,Found,,ie 11.0 for desktop,,,,F,T,T,T,desktop,Trident/7.0
3064136,-5.0,136328.0,,,0.0,0.0,,,,,100.0,NotFound,49.0,-300.0,New,NotFound,166.0,15.0,100.0,533.0,,,,,,,,New,NotFound,Mac OS X 10_10_5,safari generic,24.0,1920x1080,match_status:2,T,F,F,T,desktop,MacOS
3079226,-5.0,63955.0,,,0.0,0.0,,,,,100.0,NotFound,49.0,-360.0,New,NotFound,166.0,,312.0,214.0,,,,,,,,New,NotFound,Mac OS X 10_13_2,safari generic,24.0,2880x1800,match_status:2,T,F,T,F,desktop,MacOS
3069197,-15.0,,,,,,,,,,,NotFound,20.0,,,,,,,,,,,,,,,,,,,,,,,,,,,
3069218,-5.0,253050.0,,,0.0,0.0,,,,,100.0,NotFound,52.0,,New,NotFound,225.0,,254.0,507.0,,,,,,,,New,NotFound,,chrome 63.0,,,,F,F,T,T,desktop,Windows
3069302,-20.0,159740.0,0.0,0.0,0.0,0.0,,,0.0,0.0,100.0,NotFound,52.0,,Found,Found,225.0,,427.0,563.0,,,,,,,,Found,Found,,chrome 63.0,,,,F,F,T,T,desktop,Windows
3074256,-5.0,128782.0,,,0.0,0.0,,,,,100.0,NotFound,49.0,-300.0,New,NotFound,166.0,,100.0,549.0,,,,,,,,New,NotFound,Mac OS X 10_12_5,safari generic,24.0,2560x1440,match_status:2,T,F,F,F,desktop,MacOS
3069390,-15.0,,,,,,,,,,,NotFound,20.0,,,,,,,,,,,,,,,,,,,,,,,,,,,
3069231,0.0,108837.0,,,0.0,0.0,,,,,100.0,NotFound,20.0,,Found,NotFound,225.0,,266.0,507.0,,,,,,,,Found,NotFound,,chrome 63.0 for android,,,,F,F,T,T,mobile,F5121 Build/34.3.A.0.238
3069485,-5.0,228524.0,,,0.0,0.0,,,,,100.0,NotFound,52.0,,New,NotFound,225.0,,254.0,507.0,,,,,,,,New,NotFound,,chrome 63.0,,,,F,F,T,T,desktop,Windows
3097293,0.0,180088.0,,,-7.0,-43.0,,,,,100.0,NotFound,20.0,,New,NotFound,225.0,20.0,384.0,561.0,,,,,,,,New,NotFound,,samsung browser 6.2,,,,F,F,T,T,mobile,SAMSUNG SM-J730GM Build/NRD90M
3074771,-5.0,144488.0,,,0.0,0.0,,,,,100.0,NotFound,49.0,-300.0,New,NotFound,166.0,,390.0,549.0,,,,,,,,New,NotFound,Mac OS X 10_6_8,chrome 49.0,24.0,1920x1080,match_status:2,T,F,T,F,desktop,MacOS
3069839,0.0,201771.0,,,5.0,-22.0,,,,,100.0,NotFound,20.0,,New,NotFound,225.0,15.0,417.0,507.0,,,,,,,,New,NotFound,,chrome 63.0 for android,,,,F,F,T,T,mobile,CHC-U03 Build/HuaweiCHC-U03
3070022,-20.0,310130.0,,,0.0,0.0,,,0.0,0.0,95.08000183105467,NotFound,52.0,,New,NotFound,225.0,,153.0,563.0,,,,,,,,Found,Found,,firefox 57.0,,,,F,F,T,T,desktop,Windows
3070093,-40.0,138317.0,,,0.0,-1.0,,,,,100.0,NotFound,63.0,,Unknown,,225.0,,176.0,507.0,,,,,,,,New,NotFound,,chrome 63.0,,,,F,F,F,T,desktop,
3070240,0.0,133554.0,0.0,0.0,1.0,0.0,,,0.0,0.0,100.0,NotFound,20.0,,Found,Found,225.0,,427.0,563.0,,,,,,,,Found,Found,,chrome 63.0 for android,,,,F,F,T,T,mobile,LG-X210 Build/LMY47I
3070295,0.0,78234.0,,,,,,,,,100.0,NotFound,20.0,,New,NotFound,225.0,,266.0,507.0,,,,,,,,New,NotFound,,chrome 63.0,,,,F,F,T,T,desktop,
3070232,-5.0,149785.0,,,0.0,0.0,,,,,100.0,NotFound,52.0,,New,NotFound,225.0,,427.0,595.0,,,,,,,,New,NotFound,,chrome 63.0,,,,F,F,T,T,desktop,
3070256,-40.0,206038.0,,,11.0,-21.0,,,,,100.0,NotFound,20.0,,New,NotFound,225.0,15.0,417.0,507.0,,,,,,,,New,NotFound,,chrome 63.0 for android,,,,F,F,T,T,mobile,HUAWEI VNS-L53 Build/HUAWEIVNS-L53
3070263,-5.0,96659.0,0.0,0.0,0.0,0.0,,,0.0,0.0,100.0,NotFound,52.0,,Found,Found,225.0,,427.0,507.0,,,,,,,,Found,Found,,chrome 63.0,,,,F,F,T,T,desktop,Windows
3070253,-5.0,242667.0,0.0,0.0,0.0,0.0,,,0.0,0.0,100.0,NotFound,49.0,-360.0,Found,Found,225.0,,427.0,507.0,,,,,,,,Found,Found,,safari generic,,,,F,T,F,F,desktop,
3070349,-5.0,105807.0,0.0,0.0,7.0,0.0,,,0.0,0.0,100.0,NotFound,52.0,,Found,Found,225.0,,176.0,507.0,,,,,,,,Found,Found,,chrome 63.0,,,,F,F,T,T,desktop,Windows
3070371,-5.0,235650.0,,,0.0,0.0,,,,,100.0,NotFound,52.0,,New,NotFound,225.0,,427.0,595.0,,,,,,,,New,NotFound,,chrome 63.0,,,,F,F,T,T,desktop,Windows
3070414,0.0,208812.0,,,0.0,0.0,,,,,100.0,NotFound,20.0,,New,NotFound,225.0,,153.0,325.0,,,,,,,,New,NotFound,,chrome 63.0 for android,,,,F,F,T,T,mobile,SM-G610M Build/MMB29K
3065708,0.0,74301.0,,,2.0,0.0,,,0.0,0.0,95.73999786376952,NotFound,,-300.0,New,NotFound,166.0,,410.0,600.0,,,,,,,,Found,Found,Mac OS X 10.9,firefox 57.0,24.0,1920x1080,match_status:2,T,F,T,T,desktop,rv:57.0
3070520,0.0,114941.0,,,0.0,-1.0,,,,,100.0,NotFound,,,New,NotFound,225.0,,254.0,507.0,,,,,,,,New,NotFound,,firefox 57.0,,,,F,F,T,T,desktop,rv:57.0
3070547,0.0,146333.0,0.0,0.0,0.0,-1.0,,,0.0,0.0,100.0,NotFound,,,Found,Found,225.0,,254.0,507.0,,,,,,,,Found,Found,,firefox 57.0,,,,F,F,T,T,desktop,rv:57.0
3070514,0.0,97440.0,0.0,0.0,0.0,0.0,,,0.0,0.0,100.0,NotFound,20.0,-360.0,Found,Found,225.0,,266.0,507.0,,,,,,,,Found,Found,,ie 11.0 for desktop,,,,F,T,T,T,desktop,Trident/7.0
3070603,0.0,101132.0,0.0,0.0,2.0,0.0,,,0.0,0.0,100.0,NotFound,20.0,,Found,Found,225.0,,176.0,507.0,,,,,,,,Found,Found,,chrome 63.0 for android,,,,F,F,T,T,mobile,SM-T820 Build/NRD90M
3070619,-5.0,249864.0,,,0.0,0.0,,,,,100.0,NotFound,52.0,,New,NotFound,225.0,,266.0,507.0,,,,,,,,New,NotFound,,chrome 63.0,,,,F,F,T,T,desktop,Windows
3070668,-15.0,88677.0,,,0.0,-6.0,,,,,100.0,NotFound,52.0,,New,NotFound,225.0,,607.0,561.0,,,,,,,,New,NotFound,,chrome 63.0,,,,F,F,T,T,desktop,Windows
3070634,-5.0,124877.0,,,0.0,0.0,,,,,100.0,NotFound,52.0,,New,NotFound,225.0,,153.0,411.0,,,,,,,,New,NotFound,,chrome 63.0,,,,F,F,T,T,desktop,Windows
3070710,-5.0,70722.0,0.0,0.0,0.0,0.0,,,0.0,0.0,100.0,NotFound,52.0,,Found,Found,225.0,,153.0,411.0,,,,,,,,Found,Found,,chrome 63.0,,,,F,F,T,T,desktop,Windows
3070766,-5.0,208433.0,,,-4.0,-100.0,,,0.0,0.0,95.08000183105467,NotFound,52.0,,New,NotFound,225.0,,410.0,325.0,,,,,,,,Found,Found,,firefox 57.0,,,,F,F,T,T,desktop,
3075894,-5.0,30093.0,,,0.0,0.0,,,,,100.0,NotFound,52.0,-420.0,New,NotFound,166.0,,277.0,472.0,,,,,,,,New,NotFound,Windows 10,chrome 63.0,24.0,1366x768,match_status:2,T,F,T,T,desktop,Windows
3076019,-5.0,61590.0,0.0,0.0,0.0,0.0,,,0.0,0.0,100.0,NotFound,52.0,-300.0,Found,Found,166.0,,100.0,549.0,,,,,,,,Found,Found,Windows 10,chrome 63.0,24.0,1366x768,match_status:2,T,F,T,T,desktop,Windows
3071029,-20.0,134006.0,,,0.0,0.0,,,,,100.0,NotFound,49.0,,Unknown,,225.0,,574.0,507.0,,,,,,,,New,NotFound,,mobile safari 11.0,,,,F,F,F,T,mobile,
3066356,-5.0,180771.0,,,0.0,0.0,,,,,100.0,NotFound,49.0,-300.0,New,NotFound,166.0,,312.0,278.0,,,,,,,,New,NotFound,iOS 11.0.2,mobile safari 11.0,32.0,1334x750,match_status:1,T,F,F,F,mobile,iOS Device
3071061,-20.0,124194.0,,,0.0,-8.0,,,,,100.0,NotFound,49.0,,Unknown,,225.0,,271.0,507.0,,,,,,,,New,NotFound,,mobile safari 11.0,,,,F,F,F,T,mobile,
3071091,-20.0,316228.0,,,1.0,-8.0,,,,,100.0,NotFound,49.0,,Unknown,,225.0,,271.0,507.0,,,,,,,,New,NotFound,,mobile safari 11.0,,,,F,F,F,T,mobile,
3099130,-15.0,,,,,,,,,,,NotFound,14.0,,,,,,,,,,,,,,,,,,,,,,,,,,,
3071116,-20.0,275031.0,,,1.0,-8.0,,,,,100.0,NotFound,49.0,,Unknown,,225.0,,271.0,507.0,,,,,,,,New,NotFound,,mobile safari 11.0,,,,F,F,F,T,mobile,
3071085,-5.0,122278.0,,,0.0,0.0,,,,,100.0,NotFound,52.0,,New,NotFound,225.0,,427.0,507.0,,,,,,,,New,NotFound,,chrome 63.0,,,,F,F,T,T,desktop,Windows
3071122,-5.0,306607.0,,,0.0,0.0,,,,,100.0,NotFound,52.0,,New,NotFound,225.0,,254.0,507.0,,,,,,,,New,NotFound,,chrome 63.0,,,,F,F,T,T,desktop,Windows
3071143,0.0,125630.0,,,0.0,0.0,,,,,100.0,NotFound,,,New,NotFound,225.0,,254.0,507.0,,,,,,,,New,NotFound,,chrome 63.0,,,,F,F,T,T,desktop,
3071140,0.0,230511.0,,,0.0,-9.0,,,,,100.0,NotFound,20.0,,New,NotFound,225.0,,380.0,561.0,,,,,,,,New,NotFound,,chrome generic,,,,F,F,T,T,mobile,Moto Z (2
3081735,-45.0,195622.0,,,-5.0,-31.0,33.0,-44.0,,,100.0,NotFound,49.0,-300.0,New,NotFound,166.0,12.0,317.0,333.0,252.0,14.0,IP_PROXY:TRANSPARENT,11.0,321.0,194.0,Found,New,NotFound,Android 7.0,samsung browser 6.2,32.0,2220x1080,match_status:2,T,F,T,F,mobile,SAMSUNG SM-G950U Build/NRD90M
3071257,0.0,179221.0,,,0.0,-72.0,,,,,100.0,NotFound,20.0,-360.0,New,NotFound,225.0,13.0,266.0,507.0,,,,,,,,New,NotFound,,ie 11.0 for tablet,,,,F,T,T,T,desktop,Trident/7.0
3071197,0.0,172470.0,0.0,0.0,-1.0,-72.0,,,0.0,0.0,100.0,NotFound,20.0,-360.0,Found,Found,225.0,13.0,266.0,507.0,,,,,,,,Found,Found,,ie 11.0 for tablet,,,,F,T,T,T,desktop,Trident/7.0
3071201,-5.0,447433.0,,,0.0,0.0,,,,,100.0,NotFound,52.0,,New,NotFound,225.0,,427.0,507.0,,,,,,,,New,NotFound,,chrome 62.0,,,,F,F,T,T,desktop,Windows
3071304,-5.0,169357.0,,,0.0,0.0,,,,,100.0,NotFound,52.0,,New,NotFound,225.0,,254.0,507.0,,,,,,,,New,NotFound,,chrome 63.0,,,,F,F,T,T,desktop,Windows
3071280,0.0,140424.0,0.0,0.0,0.0,-72.0,,,0.0,0.0,100.0,NotFound,20.0,-360.0,Found,Found,225.0,13.0,266.0,507.0,,,,,,,,Found,Found,,ie 11.0 for tablet,,,,F,T,T,T,desktop,Trident/7.0
3071310,-55.0,303613.0,,,0.0,-20.0,,,,,100.0,NotFound,35.0,,New,NotFound,225.0,13.0,266.0,563.0,,,,,,,,New,NotFound,,chrome 63.0 for android,,,,F,F,T,T,mobile,HUAWEI VNS-L53 Build/HUAWEIVNS-L53
3071297,0.0,176325.0,,,0.0,0.0,,,,,100.0,NotFound,,,New,NotFound,225.0,,427.0,507.0,,,,,,,,New,NotFound,,chrome 63.0 for android,,,,F,F,T,T,mobile,SM-G530H Build/LRX22G
3071309,-5.0,105951.0,,,0.0,0.0,,,,,100.0,NotFound,52.0,,New,NotFound,225.0,,266.0,325.0,,,,,,,,New,NotFound,,chrome 63.0,,,,F,F,T,T,desktop,Windows
3071333,-5.0,249713.0,,,0.0,0.0,,,0.0,0.0,95.08000183105467,NotFound,52.0,,New,NotFound,225.0,,254.0,507.0,,,,,,,,Found,Found,,chrome 63.0,,,,F,F,T,T,desktop,Windows
3071443,-5.0,163288.0,,,0.0,0.0,,,,,100.0,NotFound,52.0,,New,NotFound,225.0,,427.0,563.0,,,,,,,,New,NotFound,,chrome 63.0,,,,F,F,T,T,desktop,Windows
3071435,-20.0,284041.0,,,2.0,0.0,,,,,100.0,NotFound,49.0,,Unknown,,225.0,,266.0,325.0,,,,,,,,New,NotFound,,mobile safari 11.0,,,,F,F,F,T,mobile,
3071401,-20.0,304671.0,,,0.0,-8.0,,,,,100.0,NotFound,49.0,,Unknown,,225.0,,254.0,507.0,,,,,,,,New,NotFound,,mobile safari 11.0,,,,F,F,F,T,mobile,
3071370,-5.0,382996.0,0.0,0.0,0.0,0.0,,,0.0,0.0,100.0,NotFound,52.0,,Found,Found,225.0,,427.0,325.0,,,,,,,,Found,Found,,chrome 63.0,,,,F,F,T,T,desktop,
3071400,-5.0,127794.0,0.0,0.0,0.0,0.0,,,0.0,0.0,100.0,NotFound,52.0,,Found,Found,225.0,,266.0,638.0,,,,,,,,Found,Found,,chrome 63.0,,,,F,F,T,T,desktop,Windows
3071449,-5.0,88387.0,0.0,0.0,0.0,0.0,,,0.0,0.0,100.0,NotFound,52.0,,Found,Found,225.0,,266.0,638.0,,,,,,,,Found,Found,,chrome 63.0,,,,F,F,T,T,desktop,Windows
3076551,-15.0,,,,,,,,,,,NotFound,14.0,,,,,,,,,,,,,,,,,,,,,,,,,,,
3071445,-5.0,96054.0,0.0,0.0,0.0,0.0,,,0.0,0.0,100.0,NotFound,52.0,,Found,Found,225.0,,266.0,638.0,,,,,,,,Found,Found,,chrome 63.0,,,,F,F,T,T,desktop,Windows
3071468,0.0,169303.0,0.0,0.0,0.0,0.0,,,0.0,0.0,100.0,NotFound,20.0,,Found,Found,225.0,,176.0,507.0,,,,,,,,Found,Found,,firefox 57.0,,,,F,F,T,T,desktop,rv:57.0
3071471,-5.0,240115.0,0.0,0.0,0.0,0.0,,,0.0,0.0,100.0,NotFound,52.0,,Found,Found,225.0,,266.0,638.0,,,,,,,,Found,Found,,chrome 63.0,,,,F,F,T,T,desktop,Windows
3071520,-5.0,297355.0,0.0,0.0,0.0,0.0,,,0.0,0.0,100.0,NotFound,52.0,,Found,Found,225.0,,266.0,325.0,,,,,,,,Found,Found,,chrome 63.0,,,,F,F,T,T,desktop,Windows
3076610,-15.0,,,,,,,,,,,Found,14.0,,,,,,,,,,,,,,,,,,,,,,,,,,,
3071478,-10.0,107165.0,0.0,0.0,0.0,0.0,,,0.0,0.0,100.0,NotFound,52.0,,Found,Found,225.0,,266.0,638.0,,,,,,,,Found,Found,,chrome 63.0,,,,F,F,T,T,desktop,Windows
3071501,-5.0,152131.0,0.0,0.0,0.0,0.0,,,0.0,0.0,100.0,NotFound,52.0,,Found,Found,225.0,,266.0,325.0,,,,,,,,Found,Found,,chrome 63.0,,,,F,F,T,T,desktop,Windows
3071517,-5.0,106429.0,0.0,0.0,0.0,0.0,,,0.0,0.0,100.0,NotFound,52.0,,Found,Found,225.0,,266.0,325.0,,,,,,,,Found,Found,,chrome 63.0,,,,F,F,T,T,desktop,Windows
3071525,-5.0,351046.0,0.0,0.0,1.0,0.0,,,0.0,0.0,100.0,NotFound,52.0,,Found,Found,225.0,,271.0,507.0,,,,,,,,Found,Found,,chrome 63.0,,,,F,F,T,T,desktop,
3071533,-5.0,296465.0,0.0,0.0,0.0,0.0,,,0.0,0.0,100.0,NotFound,52.0,,Found,Found,225.0,,266.0,325.0,,,,,,,,Found,Found,,chrome 63.0,,,,F,F,T,T,desktop,Windows
3071551,0.0,588241.0,,,0.0,0.0,,,,,100.0,NotFound,,,New,NotFound,225.0,15.0,290.0,401.0,,,,,,,,New,NotFound,,chrome 63.0 for android,,,,F,F,T,T,mobile,M4 SS4453 Build/MMB29M
3076629,-5.0,57678.0,,,0.0,0.0,,,,,100.0,NotFound,49.0,-300.0,New,NotFound,166.0,,390.0,549.0,,,,,,,,New,NotFound,iOS 11.1.1,mobile safari 11.0,32.0,1334x750,match_status:1,T,F,F,T,mobile,iOS Device
3071546,0.0,133851.0,0.0,0.0,0.0,0.0,,,0.0,0.0,100.0,NotFound,,,Found,Found,225.0,15.0,290.0,401.0,,,,,,,,Found,Found,,chrome 63.0 for android,,,,F,F,T,T,mobile,M4 SS4453 Build/MMB29M
3071544,0.0,271512.0,0.0,0.0,0.0,0.0,,,0.0,0.0,100.0,NotFound,43.0,,Found,Found,225.0,15.0,290.0,401.0,,,,,,,,Found,Found,,chrome 63.0 for android,,,,F,F,T,T,mobile,M4 SS4453 Build/MMB29M
3071580,-5.0,463677.0,0.0,0.0,0.0,0.0,,,0.0,0.0,100.0,NotFound,43.0,,Found,Found,225.0,15.0,290.0,401.0,,,,,,,,Found,Found,,chrome 63.0 for android,,,,F,F,T,T,mobile,M4 SS4453 Build/MMB29M
3076662,0.0,40793.0,0.0,0.0,0.0,0.0,,,0.0,0.0,100.0,NotFound,,-300.0,Found,Found,166.0,,529.0,549.0,,,,,,,,Found,Found,Mac OS X 10_10_5,safari generic,24.0,2880x1800,match_status:2,T,F,T,T,desktop,MacOS
3071567,-5.0,259934.0,,,0.0,0.0,,,,,100.0,NotFound,52.0,,New,NotFound,225.0,,266.0,507.0,,,,,,,,New,NotFound,,chrome 63.0,,,,F,F,T,T,desktop,Windows
3071598,-5.0,137116.0,0.0,0.0,0.0,0.0,,,0.0,0.0,100.0,NotFound,24.0,,Found,Found,225.0,15.0,290.0,401.0,,,,,,,,Found,Found,,chrome 63.0 for android,,,,F,F,T,T,mobile,M4 SS4453 Build/MMB29M
3071569,-5.0,156886.0,0.0,0.0,0.0,0.0,,,0.0,0.0,100.0,NotFound,24.0,,Found,Found,225.0,15.0,290.0,401.0,,,,,,,,Found,Found,,chrome 63.0 for android,,,,F,F,T,T,mobile,M4 SS4453 Build/MMB29M
3076736,-5.0,156790.0,,,0.0,0.0,,,,,100.0,NotFound,49.0,-300.0,New,NotFound,166.0,,638.0,533.0,,,,,,,,New,NotFound,iOS 11.2.1,mobile safari 11.0,32.0,1136x640,match_status:1,T,F,F,F,mobile,iOS Device
3071654,-20.0,213791.0,,,0.0,0.0,,,,,100.0,NotFound,49.0,,Unknown,,225.0,,153.0,325.0,,,,,,,,New,NotFound,,mobile safari 11.0,,,,F,F,F,T,mobile,
3071683,0.0,195573.0,,,0.0,0.0,,,,,100.0,NotFound,,,New,NotFound,225.0,,266.0,507.0,,,,,,,,New,NotFound,,chrome 61.0 for android,,,,F,F,T,T,mobile,LG-H650 Build/MRA58K
3082268,-5.0,235631.0,,,0.0,0.0,,,,,100.0,NotFound,49.0,-360.0,New,NotFound,166.0,,529.0,214.0,,,,,,,,New,NotFound,iOS 11.2.1,mobile safari 11.0,32.0,1334x750,match_status:1,T,F,F,T,mobile,iOS Device
3071684,0.0,227823.0,,,0.0,0.0,,,,,100.0,NotFound,,,New,NotFound,225.0,,290.0,401.0,,,,,,,,New,NotFound,,chrome 63.0,,,,F,F,T,T,desktop,
3071838,0.0,113860.0,,,0.0,-1.0,,,,,100.0,NotFound,20.0,,Found,NotFound,225.0,15.0,153.0,325.0,,,,,,,,Found,NotFound,,chrome 63.0 for android,,,,F,F,T,T,mobile,Moto G Play Build/MPIS24.241-15.3-26
3071875,-15.0,,,,,,,,,,,NotFound,14.0,,,,,,,,,,,,,,,,,,,,,,,,,,,
3071896,-15.0,,,,,,,,,,,NotFound,14.0,,,,,,,,,,,,,,,,,,,,,,,,,,,
3071897,-15.0,,,,,,,,,,,NotFound,14.0,,,,,,,,,,,,,,,,,,,,,,,,,,,
3071891,-15.0,,,,,,,,,,,NotFound,14.0,,,,,,,,,,,,,,,,,,,,,,,,,,,
3067057,-5.0,145192.0,,,4.0,-6.0,,,,,100.0,NotFound,52.0,-300.0,Found,NotFound,166.0,15.0,352.0,533.0,,,,,,,,Found,NotFound,Windows 10,firefox 57.0,24.0,1366x768,match_status:2,T,F,T,F,desktop,Windows
3071923,0.0,411314.0,,,0.0,0.0,,,,,100.0,NotFound,,,New,NotFound,225.0,,290.0,401.0,,,,,,,,New,NotFound,,chrome generic,,,,F,F,T,T,mobile,Moto G (4) Build/NPJ25.93-14.5
3071904,-15.0,,,,,,,,,,,NotFound,14.0,,,,,,,,,,,,,,,,,,,,,,,,,,,
3072045,0.0,198383.0,,,0.0,-11.0,,,,,100.0,NotFound,,,New,NotFound,225.0,15.0,290.0,401.0,,,,,,,,New,NotFound,,samsung browser 6.2,,,,F,F,T,T,mobile,SAMSUNG SM-G532M Build/MMB29T
3072092,0.0,288026.0,0.0,0.0,0.0,-11.0,,,0.0,0.0,100.0,NotFound,43.0,,Found,Found,225.0,15.0,290.0,401.0,,,,,,,,Found,Found,,samsung browser 6.2,,,,F,F,T,T,mobile,SAMSUNG SM-G532M Build/MMB29T
3072055,0.0,423536.0,0.0,0.0,0.0,-11.0,,,0.0,0.0,100.0,NotFound,43.0,,Found,Found,225.0,15.0,290.0,401.0,,,,,,,,Found,Found,,samsung browser 6.2,,,,F,F,T,T,mobile,SAMSUNG SM-G532M Build/MMB29T
3072029,0.0,519229.0,0.0,0.0,0.0,-11.0,,,0.0,0.0,100.0,NotFound,43.0,,Found,Found,225.0,15.0,290.0,401.0,,,,,,,,Found,Found,,samsung browser 6.2,,,,F,F,T,T,mobile,SAMSUNG SM-G532M Build/MMB29T
3072079,0.0,123907.0,0.0,0.0,0.0,-11.0,,,0.0,0.0,100.0,NotFound,,-360.0,Found,Found,225.0,15.0,290.0,401.0,,,,,,,,Found,Found,,chrome 51.0,,,,F,T,T,T,desktop,
3072089,-15.0,206134.0,,,-8.0,-25.0,,,,,100.0,NotFound,20.0,,New,NotFound,225.0,13.0,417.0,507.0,,,,,,,,New,NotFound,,chrome 63.0 for android,,,,F,F,T,T,mobile,SM-G950F Build/NRD90M
3082907,0.0,24091.0,,,6.0,-3.0,,,,,100.0,NotFound,,-360.0,New,NotFound,166.0,15.0,440.0,214.0,,,,,,,,New,NotFound,Windows 8.1,firefox,24.0,1920x1080,match_status:2,T,T,T,T,desktop,rv:51.0
3072571,-20.0,237516.0,0.0,0.0,0.0,0.0,,,0.0,0.0,100.0,NotFound,52.0,,Found,Found,225.0,,427.0,507.0,,,,,,,,Found,Found,,chrome 62.0,,,,F,F,T,T,desktop,Windows
3072565,-20.0,64571.0,0.0,0.0,0.0,0.0,,,0.0,0.0,100.0,NotFound,52.0,,Found,Found,225.0,,427.0,507.0,,,,,,,,Found,Found,,chrome 62.0,,,,F,F,T,T,desktop,Windows
3072584,-15.0,71722.0,0.0,0.0,,,0.0,-6.0,0.0,0.0,100.0,NotFound,52.0,,Found,Found,,,,,255.0,41.0,IP_PROXY:ANONYMOUS,,524.0,215.0,Found,Found,Found,,chrome 63.0,,,,F,F,T,T,desktop,Windows
3072698,-5.0,229112.0,,,0.0,0.0,,,,,100.0,NotFound,52.0,,New,NotFound,225.0,,153.0,325.0,,,,,,,,New,NotFound,,chrome 62.0,,,,F,F,T,T,desktop,Windows
3072694,0.0,100466.0,,,1.0,-6.0,,,,,100.0,NotFound,20.0,,New,NotFound,225.0,,176.0,507.0,,,,,,,,New,NotFound,,firefox 52.0,,,,F,F,T,T,desktop,rv:52.0
3072833,-5.0,175669.0,0.0,0.0,0.0,0.0,,,0.0,0.0,100.0,NotFound,52.0,,Found,Found,225.0,,266.0,127.0,,,,,,,,Found,Found,,chrome 63.0,,,,F,F,T,T,desktop,Windows
3072836,-5.0,119640.0,0.0,0.0,0.0,0.0,,,0.0,0.0,100.0,NotFound,52.0,,Found,Found,225.0,,266.0,325.0,,,,,,,,Found,Found,,chrome 63.0,,,,F,F,T,T,desktop,Windows
3072949,-5.0,92877.0,,,0.0,0.0,,,,,100.0,NotFound,52.0,,New,NotFound,225.0,,266.0,325.0,,,,,,,,New,NotFound,,ie 11.0 for desktop,,,,F,F,T,T,desktop,Trident/7.0
3077942,-5.0,98880.0,,,0.0,0.0,,,,,100.0,NotFound,49.0,-300.0,New,NotFound,166.0,,390.0,549.0,,,,,,,,New,NotFound,iOS 11.0.0,mobile safari 11.0,32.0,1136x640,match_status:1,T,F,F,T,mobile,iOS Device
3089258,-15.0,,,,,,,,,,,NotFound,14.0,,,,,,,,,,,,,,,,,,,,,,,,,,,
3072894,-25.0,203068.0,,,0.0,0.0,,,0.0,0.0,95.08000183105467,NotFound,63.0,,Unknown,,225.0,,266.0,507.0,,,,,,,,Found,Found,,firefox,,,,F,F,F,T,desktop,rv:56.0
3072954,-20.0,124453.0,,,3.0,-23.0,,,,,100.0,NotFound,49.0,,Unknown,,225.0,15.0,417.0,507.0,,,,,,,,New,NotFound,,mobile safari 11.0,,,,F,F,F,T,mobile,
3078052,-5.0,74700.0,,,2.0,0.0,,,,,100.0,NotFound,52.0,-420.0,New,NotFound,166.0,13.0,492.0,472.0,,,,,,,,New,NotFound,Windows 10,chrome 61.0,24.0,1920x1080,match_status:2,T,F,T,F,desktop,Windows
3073100,0.0,205087.0,,,-4.0,-12.0,,,,,100.0,NotFound,,,New,NotFound,225.0,,417.0,507.0,,,,,,,,New,NotFound,,chrome generic,,,,F,F,T,T,mobile,Moto G (5) Build/NPP25.137-38
3073201,-5.0,98256.0,,,0.0,0.0,,,,,100.0,NotFound,52.0,,New,NotFound,225.0,,266.0,507.0,,,,,,,,New,NotFound,,edge 16.0,,,,F,F,T,T,desktop,Windows
3073152,-5.0,131316.0,0.0,0.0,0.0,0.0,,,0.0,0.0,100.0,NotFound,52.0,,Found,Found,225.0,,266.0,507.0,,,,,,,,Found,Found,,edge 16.0,,,,F,F,T,T,desktop,Windows
3073184,-5.0,115234.0,0.0,0.0,0.0,0.0,,,0.0,0.0,100.0,NotFound,52.0,,Found,Found,225.0,,427.0,411.0,,,,,,,,Found,Found,,chrome 63.0,,,,F,F,T,T,desktop,
3073090,-10.0,408854.0,0.0,0.0,0.0,0.0,,,0.0,0.0,100.0,NotFound,52.0,,Found,Found,225.0,,427.0,411.0,,,,,,,,Found,Found,,chrome 63.0,,,,F,F,T,T,desktop,
3073285,-5.0,62386.0,0.0,0.0,0.0,0.0,,,0.0,0.0,100.0,NotFound,52.0,,Found,Found,225.0,,427.0,325.0,,,,,,,,Found,Found,,chrome 63.0,,,,F,F,T,T,desktop,
3073221,-20.0,70822.0,,,1.0,-29.0,,,,,100.0,NotFound,49.0,,Unknown,,225.0,,417.0,507.0,,,,,,,,New,NotFound,,mobile safari 11.0,,,,F,F,F,T,mobile,
3073315,-5.0,135045.0,0.0,0.0,-3.0,-35.0,,,0.0,0.0,100.0,NotFound,52.0,,Found,Found,225.0,15.0,266.0,507.0,,,,,,,,Found,Found,,chrome 63.0,,,,F,F,T,T,desktop,Windows
3073389,-15.0,202776.0,,,,,8.0,-4.0,0.0,0.0,96.87999725341795,NotFound,52.0,,New,NotFound,,,,,445.0,41.0,IP_PROXY:ANONYMOUS,,125.0,215.0,Found,Found,Found,,chrome 63.0,,,,F,F,T,T,desktop,Windows
3078575,0.0,52624.0,3.0,0.0,2.0,0.0,,,4.0,0.0,100.0,NotFound,,-300.0,Found,Found,166.0,,390.0,549.0,,,,,,,,Found,Found,Mac,chrome 61.0,24.0,1440x900,match_status:2,T,F,T,T,desktop,MacOS
3095915,0.0,19223.0,,,1.0,-52.0,,,,,100.0,NotFound,,-360.0,New,NotFound,166.0,15.0,122.0,214.0,,,,,,,,New,NotFound,Linux,chrome 63.0,32.0,,match_status:2,T,F,T,T,desktop,
3073471,-40.0,218030.0,,,6.0,-15.0,,,,,100.0,NotFound,18.0,,New,NotFound,225.0,15.0,417.0,507.0,,,,,,,,New,NotFound,,chrome 63.0 for android,,,,F,F,T,T,mobile,ALE-L23 Build/HuaweiALE-L23
3073425,-5.0,587771.0,,,0.0,0.0,,,,,100.0,NotFound,52.0,,New,NotFound,225.0,,266.0,325.0,,,,,,,,New,NotFound,,firefox 57.0,,,,F,F,T,T,desktop,Windows
3084267,-5.0,23010.0,0.0,0.0,16.0,-100.0,,,0.0,0.0,100.0,NotFound,52.0,-360.0,Found,Found,166.0,15.0,410.0,333.0,,,,,,,,Found,Found,Windows 7,chrome 62.0,24.0,1920x1080,match_status:2,T,F,T,T,desktop,Windows
3073452,0.0,211278.0,,,0.0,0.0,,,,,100.0,NotFound,,,New,NotFound,225.0,,607.0,507.0,,,,,,,,New,NotFound,,chrome 63.0 for android,,,,F,F,T,T,mobile,M4 SS4457 Build/MRA58K
3073516,-5.0,352509.0,,,0.0,0.0,,,,,100.0,NotFound,52.0,,New,NotFound,225.0,,484.0,556.0,,,,,,,,New,NotFound,,chrome 63.0,,,,F,F,T,T,desktop,Windows
3073621,-5.0,125904.0,,,1.0,0.0,,,,,100.0,NotFound,52.0,,New,NotFound,225.0,,427.0,325.0,,,,,,,,New,NotFound,,chrome 63.0,,,,F,F,T,T,desktop,Windows
3073541,-5.0,52157.0,0.0,0.0,1.0,0.0,,,0.0,0.0,100.0,NotFound,52.0,,Found,Found,225.0,,427.0,325.0,,,,,,,,Found,Found,,chrome 63.0,,,,F,F,T,T,desktop,Windows
3073602,0.0,222455.0,0.0,0.0,1.0,-22.0,,,0.0,0.0,100.0,NotFound,20.0,,Found,Found,225.0,15.0,417.0,507.0,,,,,,,,Found,Found,,chrome 63.0 for android,,,,F,F,T,T,mobile,5080A Build/MRA58K
3073548,-5.0,32909.0,0.0,0.0,1.0,0.0,,,0.0,0.0,100.0,NotFound,52.0,,Found,Found,225.0,,427.0,325.0,,,,,,,,Found,Found,,chrome 63.0,,,,F,F,T,T,desktop,Windows
3073724,-5.0,499061.0,,,0.0,0.0,,,,,100.0,NotFound,52.0,,New,NotFound,225.0,,559.0,507.0,,,,,,,,New,NotFound,,chrome 63.0,,,,F,F,T,T,desktop,Windows
3073868,-5.0,624184.0,,,0.0,0.0,,,,,100.0,NotFound,52.0,,New,NotFound,225.0,,290.0,401.0,,,,,,,,New,NotFound,,chrome 63.0,,,,F,F,T,T,desktop,
3074058,-5.0,109539.0,0.0,0.0,1.0,0.0,,,0.0,0.0,100.0,NotFound,52.0,,Found,Found,225.0,,266.0,325.0,,,,,,,,Found,Found,,chrome 63.0,,,,F,F,T,T,desktop,Windows
3074080,0.0,196274.0,,,4.0,-28.0,,,,,100.0,NotFound,,,New,NotFound,225.0,15.0,266.0,507.0,,,,,,,,New,NotFound,,chrome 63.0 for android,,,,F,F,T,T,mobile,TRT-L53 Build/HUAWEITRT-L53
3074169,0.0,238009.0,,,0.0,0.0,,,,,100.0,NotFound,,,New,NotFound,225.0,,266.0,305.0,,,,,,,,New,NotFound,,chrome 63.0 for android,,,,F,F,T,T,mobile,SM-T113 Build/KTU84P
3074193,-20.0,102474.0,,,0.0,0.0,,,,,100.0,NotFound,49.0,,Unknown,,225.0,,266.0,556.0,,,,,,,,New,NotFound,,mobile safari 11.0,,,,F,F,F,T,mobile,
3079478,-10.0,201805.0,0.0,0.0,0.0,-5.0,,,0.0,0.0,100.0,NotFound,52.0,,Found,Found,166.0,13.0,216.0,214.0,,,,,,,,Found,Found,,ie 11.0 for desktop,,,,F,F,T,T,desktop,rv:11.0
3074219,-20.0,669237.0,,,0.0,-4.0,,,,,100.0,NotFound,52.0,,New,NotFound,225.0,,176.0,507.0,,,,,,,,New,NotFound,,chrome 63.0,,,,F,F,T,T,desktop,Windows
3074287,-5.0,188583.0,,,0.0,-9.0,,,,,100.0,NotFound,52.0,,New,NotFound,225.0,,266.0,507.0,,,,,,,,New,NotFound,,chrome 63.0,,,,F,F,T,T,desktop,
3074187,-20.0,83960.0,,,0.0,0.0,,,0.0,0.0,95.16000366210938,NotFound,49.0,,Unknown,,225.0,,427.0,563.0,,,,,,,,Found,Found,,safari generic,,,,F,F,F,F,desktop,
3074381,-15.0,84044.0,,,0.0,0.0,,,,,100.0,NotFound,35.0,,New,NotFound,225.0,,176.0,507.0,,,,,,,,New,NotFound,,chrome 63.0,,,,F,F,T,T,desktop,
3079730,-15.0,,,,,,,,,,,NotFound,14.0,,,,,,,,,,,,,,,,,,,,,,,,,,,
3074504,-20.0,117937.0,,,3.0,-11.0,,,,,100.0,NotFound,49.0,,Unknown,,225.0,,384.0,507.0,,,,,,,,New,NotFound,,mobile safari 11.0,,,,F,F,F,T,mobile,
3074444,-20.0,213125.0,,,2.0,-11.0,,,,,100.0,NotFound,49.0,,Unknown,,225.0,,384.0,507.0,,,,,,,,New,NotFound,,mobile safari 11.0,,,,F,F,F,T,mobile,
3074459,-5.0,178000.0,,,0.0,-6.0,,,,,100.0,NotFound,52.0,,New,NotFound,225.0,,290.0,401.0,,,,,,,,New,NotFound,,chrome 63.0,,,,F,F,T,T,desktop,Windows
3074593,-5.0,238119.0,,,2.0,0.0,,,0.0,-11.0,96.66999816894533,NotFound,52.0,,New,NotFound,225.0,,266.0,507.0,,,,,,,,Found,Found,,chrome 63.0,,,,F,F,T,T,desktop,
3074690,-5.0,199547.0,,,0.0,-5.0,,,,,100.0,NotFound,52.0,,New,NotFound,225.0,,176.0,507.0,,,,,,,,New,NotFound,,chrome 63.0,,,,F,F,T,T,desktop,Windows
3080055,-5.0,35825.0,,,0.0,0.0,,,,,100.0,Found,52.0,-300.0,New,NotFound,166.0,,410.0,549.0,,,,,,,,New,NotFound,Windows 10,chrome 63.0,24.0,1600x900,match_status:2,T,F,T,F,desktop,Windows
3074837,0.0,303414.0,,,8.0,-23.0,,,,,100.0,NotFound,,,New,NotFound,225.0,18.0,417.0,507.0,,,,,,,,New,NotFound,,chrome 63.0 for android,,,,F,F,T,T,mobile,SM-N950F Build/NMF26X
3074761,-5.0,212982.0,,,0.0,0.0,,,,,100.0,NotFound,52.0,,New,NotFound,225.0,15.0,290.0,401.0,,,,,,,,New,NotFound,,chrome 63.0,,,,F,F,T,T,desktop,
3074942,-5.0,246995.0,,,0.0,0.0,,,,,100.0,NotFound,52.0,,New,NotFound,225.0,,254.0,507.0,,,,,,,,New,NotFound,,chrome 63.0,,,,F,F,T,T,desktop,Windows
3074848,-20.0,253761.0,,,0.0,-12.0,,,,,100.0,NotFound,49.0,,Unknown,,225.0,,384.0,507.0,,,,,,,,New,NotFound,,mobile safari 10.0,,,,F,F,F,F,mobile,
3085789,-5.0,29967.0,,,0.0,0.0,,,,,100.0,NotFound,49.0,-360.0,New,NotFound,166.0,,621.0,611.0,,,,,,,,New,NotFound,iOS 11.2.0,mobile safari 11.0,32.0,1334x750,match_status:1,T,F,F,F,mobile,iOS Device
3085924,-5.0,53633.0,,,23.0,-33.0,,,,,100.0,NotFound,49.0,-360.0,New,NotFound,166.0,13.0,122.0,214.0,,,,,,,,New,NotFound,iOS 10.2.1,mobile safari 10.0,32.0,1136x640,match_status:1,T,F,F,T,mobile,iOS Device
3074984,0.0,67341.0,0.0,0.0,0.0,-6.0,,,0.0,0.0,100.0,NotFound,20.0,-360.0,Found,Found,225.0,,266.0,507.0,,,,,,,,Found,Found,,firefox 52.0,,,,F,T,T,T,desktop,rv:52.0
3074953,-5.0,85031.0,0.0,0.0,21.0,-45.0,,,0.0,0.0,100.0,NotFound,25.0,-360.0,Found,Found,166.0,13.0,410.0,484.0,,,,,,,,Found,Found,,ie 11.0 for desktop,,,,F,T,T,T,desktop,Trident/7.0
3074997,-5.0,220019.0,0.0,0.0,0.0,-9.0,,,0.0,0.0,100.0,NotFound,52.0,,Found,Found,225.0,,176.0,507.0,,,,,,,,Found,Found,,chrome 63.0,,,,F,F,T,T,desktop,Windows
3080524,0.0,181652.0,3.0,0.0,27.0,-7.0,,,3.0,0.0,100.0,NotFound,,-300.0,Found,Found,166.0,15.0,590.0,500.0,,,,,,,,Found,Found,iOS 11.1.2,mobile safari generic,32.0,1136x640,match_status:2,T,F,T,T,mobile,iOS Device
3075211,-5.0,49297.0,0.0,0.0,18.0,-45.0,,,0.0,0.0,100.0,NotFound,25.0,-360.0,Found,Found,166.0,13.0,410.0,484.0,,,,,,,,Found,Found,,ie 11.0 for desktop,,,,F,T,T,T,desktop,Trident/7.0
3075101,-10.0,49073.0,0.0,0.0,18.0,-45.0,,,0.0,0.0,100.0,NotFound,25.0,-360.0,Found,Found,166.0,13.0,410.0,484.0,,,,,,,,Found,Found,,ie 11.0 for desktop,,,,F,T,T,T,desktop,Trident/7.0
3075261,-5.0,315733.0,,,0.0,0.0,,,,,100.0,NotFound,52.0,,New,NotFound,225.0,,427.0,325.0,,,,,,,,New,NotFound,,ie 11.0 for desktop,,,,F,F,T,T,desktop,Trident/7.0
3080605,0.0,88821.0,0.0,0.0,10.0,-8.0,,,0.0,0.0,100.0,NotFound,,-300.0,Found,Found,166.0,15.0,352.0,549.0,,,,,,,,Found,Found,iOS 11.1.2,mobile safari 11.0,32.0,2436x1125,match_status:1,T,F,T,T,mobile,iOS Device
3075242,-5.0,196354.0,,,4.0,-26.0,,,0.0,0.0,95.08000183105467,NotFound,52.0,,New,NotFound,225.0,15.0,526.0,507.0,,,,,,,,Found,Found,,chrome 63.0,,,,F,F,T,T,desktop,Windows
3075139,-90.0,218771.0,,,8.0,-28.0,,,,,100.0,NotFound,44.0,,New,NotFound,225.0,15.0,345.0,507.0,,,,,,,,New,NotFound,,android browser 4.0,,,,F,F,T,T,mobile,Android 5.1
3075194,-5.0,594032.0,,,0.0,0.0,,,,,100.0,NotFound,52.0,,New,NotFound,225.0,,266.0,507.0,,,,,,,,New,NotFound,,chrome 63.0,,,,F,F,T,T,desktop,Windows
3075172,-90.0,384465.0,0.0,0.0,7.0,-28.0,,,0.0,0.0,100.0,NotFound,43.0,,Found,Found,225.0,15.0,345.0,507.0,,,,,,,,Found,Found,,android browser 4.0,,,,F,F,T,T,mobile,Android 5.1
3075184,-90.0,468770.0,0.0,0.0,4.0,-28.0,,,0.0,0.0,100.0,NotFound,43.0,,Found,Found,225.0,15.0,345.0,507.0,,,,,,,,Found,Found,,android browser 4.0,,,,F,F,T,T,mobile,Android 5.1
3075180,-5.0,215726.0,0.0,0.0,0.0,-1.0,,,0.0,0.0,100.0,NotFound,52.0,,Found,Found,225.0,,290.0,401.0,,,,,,,,Found,Found,,chrome 63.0,,,,F,F,T,T,desktop,Windows
3075210,-90.0,130147.0,0.0,0.0,9.0,-28.0,,,0.0,0.0,100.0,NotFound,44.0,,Found,Found,225.0,15.0,345.0,507.0,,,,,,,,Found,Found,,android browser 4.0,,,,F,F,T,T,mobile,Android 5.1
3075339,-95.0,233101.0,0.0,0.0,4.0,-28.0,,,0.0,0.0,100.0,NotFound,43.0,,Found,Found,225.0,15.0,345.0,507.0,,,,,,,,Found,Found,,android browser 4.0,,,,F,F,T,T,mobile,Android 5.1
3075257,-5.0,387115.0,,,0.0,0.0,,,,,100.0,NotFound,52.0,,New,NotFound,225.0,13.0,427.0,340.0,,,,,,,,New,NotFound,,chrome 63.0,,,,F,F,T,T,desktop,
3075266,-95.0,333450.0,0.0,0.0,7.0,-28.0,,,0.0,0.0,100.0,NotFound,43.0,,Found,Found,225.0,15.0,345.0,507.0,,,,,,,,Found,Found,,android browser 4.0,,,,F,F,T,T,mobile,Android 5.1
3075221,-95.0,403848.0,0.0,0.0,4.0,-28.0,,,0.0,0.0,100.0,NotFound,43.0,,Found,Found,225.0,15.0,345.0,507.0,,,,,,,,Found,Found,,android browser 4.0,,,,F,F,T,T,mobile,Android 5.1
3075272,-5.0,237550.0,,,0.0,0.0,,,,,100.0,NotFound,52.0,,New,NotFound,225.0,,266.0,507.0,,,,,,,,New,NotFound,,chrome 63.0,,,,F,F,T,T,desktop,
3075284,-95.0,524690.0,0.0,0.0,6.0,-28.0,,,0.0,0.0,100.0,NotFound,43.0,,Found,Found,225.0,15.0,345.0,507.0,,,,,,,,Found,Found,,android browser 4.0,,,,F,F,T,T,mobile,Android 5.1
3075349,-5.0,452586.0,0.0,0.0,0.0,0.0,,,0.0,0.0,100.0,NotFound,52.0,,Found,Found,225.0,,266.0,507.0,,,,,,,,Found,Found,,chrome 63.0,,,,F,F,T,T,desktop,Windows
3075285,-5.0,238564.0,,,0.0,0.0,,,,,100.0,NotFound,52.0,,New,NotFound,225.0,,266.0,325.0,,,,,,,,New,NotFound,,chrome 63.0,,,,F,F,T,T,desktop,Windows
3075299,-20.0,160571.0,,,0.0,0.0,,,,,100.0,NotFound,49.0,,Unknown,,225.0,,271.0,507.0,,,,,,,,New,NotFound,,chrome 63.0 for ios,,,,F,F,F,T,mobile,
3075329,-15.0,,,,,,,,,,,NotFound,14.0,,,,,,,,,,,,,,,,,,,,,,,,,,,
3086389,-70.0,74937.0,,,,,,,,,100.0,NotFound,62.0,-360.0,Unknown,,166.0,,312.0,214.0,,,,,,,,New,NotFound,Windows XP,firefox 47.0,24.0,1600x900,match_status:2,T,F,F,F,desktop,rv:47.0
3075566,0.0,336909.0,,,0.0,0.0,,,,,100.0,NotFound,,-360.0,New,NotFound,225.0,,427.0,325.0,,,,,,,,New,NotFound,,ie 11.0 for desktop,,,,F,T,T,T,desktop,rv:11.0
3075590,0.0,291576.0,0.0,0.0,0.0,0.0,,,0.0,0.0,100.0,NotFound,,-360.0,Found,Found,225.0,,427.0,325.0,,,,,,,,Found,Found,,ie 11.0 for desktop,,,,F,T,T,T,desktop,rv:11.0
3075622,0.0,106203.0,0.0,0.0,0.0,0.0,,,0.0,0.0,100.0,NotFound,,-360.0,Found,Found,225.0,,427.0,325.0,,,,,,,,Found,Found,,ie 11.0 for desktop,,,,F,T,T,T,desktop,rv:11.0
3086726,-5.0,24485.0,0.0,0.0,0.0,0.0,,,0.0,0.0,100.0,NotFound,52.0,-360.0,Found,Found,166.0,12.0,312.0,214.0,,,,,,,,Found,Found,Windows 10,chrome 63.0,24.0,1920x1080,match_status:2,T,F,T,T,desktop,Windows
3075650,0.0,150942.0,0.0,0.0,-11.0,-43.0,,,0.0,0.0,100.0,NotFound,20.0,,Found,Found,225.0,15.0,417.0,507.0,,,,,,,,Found,Found,,chrome 63.0 for android,,,,F,F,T,T,mobile,SM-J700M Build/MMB29K
3075888,-15.0,195767.0,,,0.0,0.0,,,,,100.0,NotFound,20.0,,New,NotFound,225.0,,427.0,563.0,,,,,,,,New,NotFound,,samsung browser 6.2,,,,F,F,T,T,mobile,SAMSUNG SM-J700M Build/MMB29K
3075835,-5.0,167004.0,0.0,0.0,0.0,0.0,,,0.0,0.0,100.0,NotFound,52.0,,Found,Found,225.0,,266.0,507.0,,,,,,,,Found,Found,,chrome 63.0,,,,F,F,T,T,desktop,Windows
3075946,0.0,386620.0,,,0.0,0.0,,,,,100.0,NotFound,,-360.0,New,NotFound,225.0,,574.0,561.0,,,,,,,,New,NotFound,,ie 11.0 for desktop,,,,F,T,T,T,desktop,Trident/7.0
3075974,-15.0,85644.0,,,0.0,0.0,,,,,100.0,NotFound,52.0,,New,NotFound,225.0,,275.0,588.0,,,,,,,,New,NotFound,,chrome 63.0,,,,F,F,T,T,desktop,Windows
3075965,-20.0,165261.0,,,-10.0,-100.0,,,,,100.0,NotFound,49.0,,Unknown,,225.0,15.0,266.0,507.0,,,,,,,,New,NotFound,,mobile safari 10.0,,,,F,F,F,T,mobile,
3076082,0.0,160816.0,0.0,0.0,0.0,0.0,,,0.0,0.0,100.0,NotFound,20.0,,Found,Found,225.0,,254.0,507.0,,,,,,,,Found,Found,,chrome 63.0,,,,F,F,T,T,desktop,
3087179,0.0,40208.0,0.0,0.0,9.0,-6.0,,,0.0,0.0,100.0,NotFound,,-420.0,Found,Found,166.0,13.0,410.0,225.0,,,,,,,,Found,Found,Mac OS X 10_13_2,chrome 63.0,24.0,2560x1600,match_status:2,T,F,T,T,desktop,MacOS
3076086,-20.0,228441.0,,,0.0,0.0,,,,,100.0,NotFound,52.0,,New,NotFound,225.0,,427.0,563.0,,,,,,,,New,NotFound,,chrome 63.0,,,,F,F,T,T,desktop,Windows
3076159,-15.0,,,,,,,,,,,NotFound,20.0,,,,,,,,,,,,,,,,,,,,,,,,,,,
3076203,-15.0,200409.0,,,1.0,-5.0,,,,,100.0,NotFound,35.0,,New,NotFound,225.0,,290.0,401.0,,,,,,,,New,NotFound,,chrome generic,,,,F,F,T,T,mobile,SAMSUNG
3076158,-5.0,199026.0,0.0,0.0,0.0,0.0,,,0.0,0.0,100.0,NotFound,52.0,,Found,Found,225.0,,427.0,507.0,,,,,,,,Found,Found,,chrome 63.0,,,,F,F,T,T,desktop,Windows
3076283,-5.0,105695.0,0.0,0.0,0.0,0.0,,,0.0,0.0,100.0,NotFound,52.0,,Found,Found,225.0,,271.0,507.0,,,,,,,,Found,Found,,chrome 63.0,,,,F,F,T,T,desktop,Windows
3076238,0.0,333274.0,4.0,0.0,2.0,-5.0,,,4.0,0.0,100.0,NotFound,20.0,,Found,Found,225.0,,176.0,507.0,,,,,,,,Found,Found,,chrome 63.0,,,,F,F,T,T,desktop,
3076248,0.0,113055.0,,,0.0,0.0,,,,,100.0,NotFound,,,New,NotFound,225.0,15.0,290.0,401.0,,,,,,,,New,NotFound,,chrome 63.0 for android,,,,F,F,T,T,mobile,LG-K580 Build/MRA58K
3076349,0.0,172027.0,,,2.0,-20.0,,,,,100.0,NotFound,,,New,NotFound,225.0,13.0,345.0,507.0,,,,,,,,New,NotFound,,chrome generic,,,,F,F,T,T,mobile,Moto E (4) Build/NMA26.42-69
3076328,0.0,347403.0,0.0,0.0,3.0,-9.0,,,0.0,0.0,100.0,NotFound,43.0,,Found,Found,225.0,15.0,417.0,507.0,,,,,,,,Found,Found,,chrome 62.0 for android,,,,F,F,T,T,mobile,HUAWEI CUN-L03 Build/HUAWEICUN-L03
3087389,0.0,91519.0,,,0.0,0.0,,,,,100.0,NotFound,,-360.0,New,NotFound,166.0,,529.0,214.0,,,,,,,,New,NotFound,iOS 11.2.1,mobile safari 11.0,32.0,2208x1242,match_status:1,T,F,T,T,mobile,iOS Device
3076437,0.0,296871.0,,,0.0,-6.0,,,,,100.0,NotFound,,,New,NotFound,225.0,,153.0,325.0,,,,,,,,New,NotFound,,chrome 62.0 for android,,,,F,F,T,T,mobile,Hisense U963 Build/MRA58K
3076372,-5.0,406502.0,,,0.0,0.0,,,,,100.0,NotFound,49.0,,Found,NotFound,225.0,,266.0,325.0,,,,,,,,Found,NotFound,,chrome generic,,,,F,F,T,F,mobile,SAMSUNG
3076487,0.0,157116.0,,,1.0,-17.0,,,,,100.0,NotFound,,,New,NotFound,225.0,15.0,417.0,507.0,,,,,,,,New,NotFound,,mobile safari generic,,,,F,F,T,T,mobile,
3076507,-15.0,101664.0,0.0,0.0,0.0,0.0,,,0.0,0.0,100.0,NotFound,20.0,-360.0,Found,Found,225.0,,266.0,325.0,,,,,,,,Found,Found,,ie 11.0 for tablet,,,,F,T,T,T,desktop,Trident/7.0
3081952,-5.0,168062.0,,,0.0,0.0,,,,,100.0,NotFound,49.0,-300.0,Found,NotFound,166.0,12.0,100.0,549.0,,,,,,,,Found,NotFound,Mac OS X 10_13_1,safari generic,24.0,2880x1800,match_status:2,T,F,T,F,desktop,MacOS
3076537,-30.0,207168.0,,,0.0,0.0,,,,,100.0,NotFound,39.0,60.0,New,NotFound,225.0,,427.0,563.0,,,,,,,,New,NotFound,,ie 11.0 for desktop,,,,F,T,T,T,desktop,Windows
3076567,-5.0,266087.0,,,0.0,0.0,,,,,100.0,NotFound,52.0,,New,NotFound,225.0,,427.0,315.0,,,,,,,,New,NotFound,,chrome 63.0,,,,F,F,T,T,desktop,Windows
3076581,-5.0,139504.0,0.0,0.0,0.0,0.0,,,0.0,0.0,100.0,NotFound,52.0,,Found,Found,225.0,,427.0,315.0,,,,,,,,Found,Found,,chrome 63.0,,,,F,F,T,T,desktop,Windows
3076554,0.0,129783.0,,,0.0,-3.0,,,,,100.0,NotFound,,,New,NotFound,225.0,,417.0,507.0,,,,,,,,New,NotFound,,chrome generic,,,,F,F,T,T,mobile,Moto G (5) Build/NPPS25.137-15-11
3076597,-5.0,179703.0,0.0,0.0,0.0,0.0,,,0.0,0.0,100.0,NotFound,52.0,,Found,Found,225.0,,427.0,315.0,,,,,,,,Found,Found,,chrome 63.0,,,,F,F,T,T,desktop,Windows
3076550,0.0,390292.0,,,-8.0,-32.0,,,,,100.0,NotFound,,,New,NotFound,225.0,,345.0,507.0,,,,,,,,New,NotFound,,chrome 61.0 for android,,,,F,F,T,T,mobile,Y635-L03 Build/HuaweiY635-L03
3076564,-5.0,126585.0,0.0,0.0,0.0,0.0,,,0.0,0.0,100.0,NotFound,52.0,,Found,Found,225.0,,427.0,315.0,,,,,,,,Found,Found,,chrome 63.0,,,,F,F,T,T,desktop,Windows
3076608,-20.0,181573.0,,,,,,,,,100.0,NotFound,52.0,,New,NotFound,225.0,,427.0,139.0,,,,,,,,New,NotFound,,chrome 63.0,,,,F,F,T,T,desktop,Windows
3076624,-10.0,294128.0,0.0,0.0,0.0,0.0,,,0.0,0.0,100.0,NotFound,52.0,,Found,Found,225.0,,427.0,315.0,,,,,,,,Found,Found,,chrome 63.0,,,,F,F,T,T,desktop,Windows
3076619,0.0,185511.0,,,0.0,0.0,,,,,100.0,NotFound,,,New,NotFound,225.0,,266.0,507.0,,,,,,,,New,NotFound,,chrome 62.0 for android,,,,F,F,T,T,mobile,SM-G531H Build/LMY48B
3076633,-10.0,55342.0,0.0,0.0,0.0,0.0,,,0.0,0.0,100.0,NotFound,52.0,,Found,Found,225.0,,427.0,315.0,,,,,,,,Found,Found,,chrome 63.0,,,,F,F,T,T,desktop,Windows
3076640,-5.0,164249.0,,,0.0,0.0,,,,,100.0,NotFound,52.0,,Found,NotFound,225.0,,266.0,507.0,,,,,,,,Found,NotFound,,chrome 63.0,,,,F,F,T,T,desktop,
3076611,-10.0,235375.0,0.0,0.0,0.0,0.0,,,0.0,0.0,100.0,NotFound,52.0,,Found,Found,225.0,,427.0,315.0,,,,,,,,Found,Found,,chrome 63.0,,,,F,F,T,T,desktop,Windows
3076639,-5.0,166422.0,,,0.0,0.0,,,,,100.0,NotFound,52.0,,New,NotFound,225.0,,427.0,541.0,,,,,,,,New,NotFound,,firefox 57.0,,,,F,F,T,T,desktop,Windows
3076634,-10.0,71447.0,0.0,0.0,0.0,0.0,,,0.0,0.0,100.0,NotFound,52.0,,Found,Found,225.0,,266.0,507.0,,,,,,,,Found,Found,,chrome 63.0,,,,F,F,T,T,desktop,Windows
3099578,-5.0,102588.0,,,0.0,0.0,,,,,100.0,NotFound,49.0,-360.0,New,NotFound,166.0,,216.0,214.0,,,,,,,,New,NotFound,iOS 11.2.1,mobile safari 11.0,32.0,2048x1536,match_status:1,T,F,F,T,mobile,iOS Device
3076656,0.0,268610.0,,,0.0,0.0,,,,,100.0,NotFound,20.0,,New,NotFound,225.0,,290.0,401.0,,,,,,,,New,NotFound,,chrome generic,,,,F,F,T,T,mobile,SM-A300H Build/LRX22G
3076728,0.0,182269.0,,,0.0,0.0,,,,,100.0,NotFound,,,New,NotFound,225.0,,153.0,340.0,,,,,,,,New,NotFound,,chrome 63.0 for android,,,,F,F,T,T,mobile,E6553
3076751,-20.0,123503.0,,,0.0,0.0,,,,,100.0,NotFound,49.0,,Unknown,,225.0,,427.0,595.0,,,,,,,,New,NotFound,,mobile safari 11.0,,,,F,F,F,T,mobile,
3076738,-35.0,254753.0,,,0.0,-14.0,,,,,100.0,NotFound,49.0,,Unknown,,225.0,15.0,414.0,507.0,,,,,,,,New,NotFound,,mobile safari 9.0,,,,F,F,F,F,mobile,
3076749,0.0,252053.0,,,2.0,-3.0,,,,,100.0,NotFound,,,New,NotFound,225.0,,176.0,507.0,,,,,,,,New,NotFound,,chrome 63.0 for android,,,,F,F,T,T,mobile,SM-G570M Build/MMB29K
3076768,-20.0,196864.0,,,0.0,-5.0,,,,,100.0,NotFound,49.0,,Unknown,,225.0,15.0,290.0,401.0,,,,,,,,New,NotFound,,chrome 60.0 for android,,,,F,F,F,T,mobile,S57 Build/KTU84P
3076830,0.0,137710.0,,,0.0,0.0,,,,,100.0,NotFound,,,New,NotFound,225.0,,427.0,325.0,,,,,,,,New,NotFound,,chrome 63.0 for android,,,,F,F,T,T,mobile,SM-T810 Build/NRD90M
3076857,0.0,310938.0,,,11.0,-22.0,,,,,100.0,NotFound,,,New,NotFound,225.0,,345.0,561.0,,,,,,,,New,NotFound,,chrome 62.0 for android,,,,F,F,T,T,mobile,HUAWEI CUN-L03 Build/HUAWEICUN-L03
3076889,-15.0,175990.0,,,0.0,-36.0,,,,,100.0,NotFound,35.0,,New,NotFound,225.0,,266.0,563.0,,,,,,,,New,NotFound,,chrome generic,,,,F,F,T,T,mobile,SAMSUNG SM-J111M Build/LMY47V
3082404,0.0,36922.0,,,0.0,0.0,,,,,100.0,NotFound,,-300.0,New,NotFound,166.0,,487.0,600.0,,,,,,,,New,NotFound,iOS 11.2.0,mobile safari 11.0,32.0,2208x1242,match_status:1,T,F,T,T,mobile,iOS Device
3077116,-5.0,369485.0,,,0.0,0.0,,,,,100.0,NotFound,52.0,,New,NotFound,225.0,,266.0,507.0,,,,,,,,New,NotFound,,chrome 58.0,,,,F,F,T,T,desktop,
3077171,-5.0,537490.0,,,0.0,0.0,,,,,100.0,NotFound,52.0,,New,NotFound,225.0,,266.0,507.0,,,,,,,,New,NotFound,,edge 15.0,,,,F,F,T,T,desktop,Windows
3072040,-5.0,84068.0,,,0.0,0.0,,,,,100.0,NotFound,52.0,-300.0,New,NotFound,166.0,,390.0,549.0,,,,,,,,New,NotFound,Windows 7,chrome 63.0,24.0,1600x900,match_status:2,T,F,T,T,desktop,Windows
3088334,-5.0,35497.0,0.0,0.0,0.0,-7.0,,,0.0,0.0,100.0,NotFound,52.0,-360.0,Found,Found,166.0,,548.0,214.0,,,,,,,,Found,Found,Windows 10,chrome 63.0,24.0,1680x1050,match_status:2,T,F,T,F,desktop,Windows
3077189,-5.0,147287.0,,,0.0,0.0,,,,,100.0,NotFound,52.0,,New,NotFound,225.0,,266.0,305.0,,,,,,,,New,NotFound,,chrome 63.0,,,,F,F,T,T,desktop,
3077219,0.0,112107.0,,,0.0,0.0,,,,,100.0,NotFound,,,New,NotFound,225.0,,153.0,325.0,,,,,,,,New,NotFound,,chrome 63.0 for android,,,,F,F,T,T,mobile,SGH-I337M Build/LRX22C
3077255,0.0,165012.0,,,0.0,0.0,,,,,100.0,NotFound,,,New,NotFound,225.0,,266.0,305.0,,,,,,,,New,NotFound,,chrome 63.0 for android,,,,F,F,T,T,mobile,Lenovo
3077296,0.0,155371.0,,,0.0,0.0,,,,,100.0,NotFound,20.0,,New,NotFound,225.0,,271.0,507.0,,,,,,,,New,NotFound,,chrome 62.0 for android,,,,F,F,T,T,mobile,AX920
3077410,0.0,327135.0,,,0.0,0.0,,,,,100.0,NotFound,20.0,,New,NotFound,225.0,,266.0,325.0,,,,,,,,New,NotFound,,chrome 62.0 for android,,,,F,F,T,T,mobile,LG-K220 Build/MXB48T
3077506,-5.0,197525.0,,,0.0,0.0,,,,,100.0,NotFound,52.0,,New,NotFound,225.0,,427.0,563.0,,,,,,,,New,NotFound,,chrome 63.0,,,,F,F,T,T,desktop,Windows
3077441,-20.0,87178.0,,,0.0,0.0,,,,,100.0,NotFound,49.0,,Unknown,,225.0,,266.0,507.0,,,,,,,,New,NotFound,,mobile safari 10.0,,,,F,F,F,T,mobile,
3077521,-5.0,411370.0,0.0,0.0,3.0,-54.0,,,0.0,0.0,100.0,NotFound,52.0,,Found,Found,225.0,,410.0,556.0,,,,,,,,Found,Found,,firefox 57.0,,,,F,F,T,T,desktop,Windows
3083058,-20.0,,,,,,,,,,100.0,NotFound,49.0,,Unknown,,,,,,,,,,,,,New,NotFound,,,,,match_status:2,F,F,F,F,,
3077540,-15.0,,,,,,,,,,,NotFound,14.0,,,,,,,,,,,,,,,,,,,,,,,,,,,
3077673,-40.0,399310.0,,,4.0,-31.0,,,,,100.0,NotFound,43.0,,New,NotFound,225.0,13.0,266.0,507.0,,,,,,,,New,NotFound,,chrome 61.0 for android,,,,F,F,T,T,mobile,HTC Desire 626s Build/LMY47O
3077576,-40.0,517549.0,0.0,0.0,4.0,-31.0,,,0.0,0.0,100.0,NotFound,43.0,,Found,Found,225.0,13.0,266.0,507.0,,,,,,,,Found,Found,,chrome 61.0 for android,,,,F,F,T,T,mobile,HTC Desire 626s Build/LMY47O
3083173,-10.0,94821.0,,,-16.0,-28.0,21.0,-12.0,,,100.0,NotFound,52.0,-300.0,New,NotFound,166.0,13.0,117.0,549.0,420.0,14.0,IP_PROXY:TRANSPARENT,11.0,355.0,184.0,Found,New,NotFound,Windows 7,chrome 63.0,24.0,1920x1080,match_status:2,T,F,T,T,desktop,Windows
3077677,-5.0,399805.0,0.0,0.0,0.0,0.0,,,0.0,0.0,100.0,NotFound,52.0,,Found,Found,225.0,,176.0,507.0,,,,,,,,Found,Found,,chrome 63.0,,,,F,F,T,T,desktop,Windows
3077674,-5.0,223870.0,,,,,,,,,100.0,NotFound,52.0,,New,NotFound,225.0,,266.0,507.0,,,,,,,,New,NotFound,,chrome 63.0,,,,F,F,T,T,desktop,Windows
3088949,-5.0,116028.0,,,0.0,0.0,,,,,100.0,NotFound,49.0,-300.0,New,NotFound,166.0,,542.0,391.0,,,,,,,,New,NotFound,Mac OS X 10_11_6,safari generic,24.0,1440x900,match_status:2,T,F,F,F,desktop,MacOS
3077834,-5.0,252938.0,,,0.0,0.0,,,0.0,0.0,100.0,NotFound,52.0,,Found,NotFound,225.0,,266.0,507.0,,,,,,,,Found,Found,,chrome 63.0,,,,F,F,T,T,desktop,Windows
3072772,-5.0,55152.0,,,2.0,-11.0,,,,,100.0,NotFound,52.0,-300.0,Found,NotFound,166.0,13.0,410.0,549.0,,,,,,,,Found,NotFound,Windows 7,chrome 63.0,24.0,1680x1050,match_status:2,T,F,T,F,desktop,Windows
3077933,-5.0,127790.0,,,0.0,0.0,,,,,100.0,NotFound,52.0,,New,NotFound,225.0,,266.0,469.0,,,,,,,,New,NotFound,,chrome 63.0,,,,F,F,T,T,desktop,Windows
3077912,-20.0,63188.0,,,0.0,0.0,,,,,100.0,NotFound,49.0,,Unknown,,225.0,,427.0,325.0,,,,,,,,New,NotFound,,mobile safari 11.0,,,,F,F,F,T,mobile,
3083499,0.0,85577.0,,,0.0,-1.0,,,,,100.0,NotFound,,-300.0,New,NotFound,166.0,,100.0,549.0,,,,,,,,New,NotFound,iOS 11.2.1,mobile safari 11.0,32.0,1136x640,match_status:1,T,F,T,T,mobile,iOS Device
3089495,-5.0,66468.0,,,13.0,-11.0,,,,,100.0,NotFound,49.0,-360.0,New,NotFound,166.0,,410.0,214.0,,,,,,,,New,NotFound,iOS 11.2.1,mobile safari 11.0,32.0,1136x640,match_status:1,T,F,F,T,mobile,iOS Device
3078158,-25.0,551723.0,,,0.0,0.0,,,,,100.0,NotFound,63.0,,Unknown,,225.0,,427.0,507.0,,,,,,,,New,NotFound,,firefox,,,,F,F,F,T,desktop,
3078259,0.0,175231.0,0.0,0.0,6.0,-31.0,,,0.0,0.0,100.0,NotFound,,,Found,Found,225.0,13.0,266.0,507.0,,,,,,,,Found,Found,,chrome 61.0 for android,,,,F,F,T,T,mobile,HTC Desire 626s Build/LMY47O
3078245,0.0,95136.0,,,2.0,-25.0,,,,,100.0,NotFound,20.0,,New,NotFound,225.0,15.0,417.0,507.0,,,,,,,,New,NotFound,,chrome 63.0 for android,,,,F,F,T,T,mobile,SM-G950F Build/NRD90M
3073111,-5.0,53394.0,,,14.0,-6.0,,,,,100.0,NotFound,52.0,-360.0,New,NotFound,166.0,12.0,410.0,214.0,,,,,,,,New,NotFound,Windows 7,ie 11.0 for desktop,24.0,1680x1050,match_status:2,T,F,T,T,desktop,rv:11.0
3078167,-10.0,163602.0,0.0,0.0,12.0,-47.0,,,1.0,0.0,100.0,NotFound,52.0,,Found,Found,166.0,15.0,410.0,214.0,,,,,,,,Found,Found,,chrome 63.0,,,,F,F,T,T,desktop,Windows
3078484,-5.0,44502.0,2.0,0.0,0.0,0.0,,,0.0,0.0,100.0,NotFound,52.0,,Found,Found,225.0,,266.0,612.0,,,,,,,,Found,Found,,chrome 63.0,,,,F,F,T,T,desktop,Windows
3078536,-5.0,606183.0,,,0.0,0.0,,,,,100.0,NotFound,52.0,,Found,NotFound,225.0,,427.0,595.0,,,,,,,,Found,NotFound,,chrome 63.0,,,,F,F,T,T,desktop,
3078396,-15.0,,,,,,,,,,,NotFound,20.0,,,,,,,,,,,,,,,,,,,,,,,,,,,
3078581,-5.0,181187.0,0.0,0.0,3.0,-9.0,,,0.0,0.0,100.0,NotFound,52.0,,Found,Found,225.0,,266.0,612.0,,,,,,,,Found,Found,,chrome 63.0,,,,F,F,T,T,desktop,Windows
3078563,-15.0,,,,,,,,,,,NotFound,20.0,,,,,,,,,,,,,,,,,,,,,,,,,,,
3078427,-5.0,364237.0,,,1.0,0.0,,,,,100.0,NotFound,52.0,,New,NotFound,225.0,,266.0,325.0,,,,,,,,New,NotFound,,chrome 56.0,,,,F,F,T,T,desktop,Windows
3078455,-5.0,115583.0,,,3.0,0.0,,,,,100.0,NotFound,52.0,,New,NotFound,225.0,,176.0,507.0,,,,,,,,New,NotFound,,chrome 63.0,,,,F,F,T,T,desktop,
3083990,-45.0,57854.0,,,12.0,-36.0,22.0,-100.0,,,100.0,NotFound,52.0,-480.0,New,NotFound,166.0,13.0,241.0,222.0,228.0,14.0,IP_PROXY:TRANSPARENT,11.0,426.0,161.0,Found,New,NotFound,Windows 7,chrome 63.0,24.0,1920x1200,match_status:2,T,F,T,T,desktop,Windows
3084400,-45.0,62394.0,0.0,0.0,0.0,0.0,,,0.0,0.0,100.0,NotFound,52.0,-300.0,Found,Found,166.0,15.0,410.0,146.0,,,,,,,,Found,Found,Windows 7,ie 11.0 for desktop,24.0,1920x1200,match_status:2,T,F,T,T,desktop,rv:11.0
3078908,-5.0,262687.0,,,0.0,0.0,,,,,100.0,NotFound,52.0,,New,NotFound,225.0,,266.0,507.0,,,,,,,,New,NotFound,,chrome 63.0,,,,F,F,T,T,desktop,Windows
3078841,-5.0,82065.0,,,-5.0,-28.0,,,0.0,-5.0,96.72000122070312,NotFound,52.0,,New,NotFound,225.0,,410.0,417.0,,,,,,,,Found,Found,,chrome 63.0,,,,F,F,T,T,desktop,Windows
3078822,-5.0,63656.0,0.0,0.0,-5.0,-28.0,,,0.0,-5.0,100.0,NotFound,52.0,,Found,Found,225.0,,410.0,417.0,,,,,,,,Found,Found,,chrome 63.0,,,,F,F,T,T,desktop,Windows
3078811,0.0,127115.0,,,7.0,-8.0,,,,,100.0,NotFound,,,New,NotFound,225.0,,176.0,223.0,,,,,,,,New,NotFound,,chrome 63.0 for android,,,,F,F,T,T,mobile,SM-T230 Build/KOT49H
3078953,-25.0,88210.0,,,0.0,-1.0,,,,,100.0,NotFound,63.0,,Unknown,,225.0,,242.0,507.0,,,,,,,,New,NotFound,,firefox 57.0,,,,F,F,F,T,desktop,Windows
3090093,-5.0,46425.0,,,0.0,-1.0,,,,,100.0,NotFound,49.0,-480.0,New,NotFound,166.0,15.0,312.0,222.0,,,,,,,,New,NotFound,iOS 11.2.1,mobile safari 11.0,32.0,2436x1125,match_status:1,T,F,F,F,mobile,iOS Device
3078995,-20.0,146298.0,0.0,0.0,11.0,-67.0,,,0.0,0.0,100.0,NotFound,52.0,,Found,Found,225.0,,242.0,507.0,,,,,,,,Found,Found,,chrome 63.0,,,,F,F,T,T,desktop,Windows
3079184,0.0,175485.0,,,11.0,-32.0,,,,,100.0,NotFound,,,New,NotFound,225.0,15.0,266.0,507.0,,,,,,,,New,NotFound,,chrome 63.0 for android,,,,F,F,T,T,mobile,Moto C Build/NRD90M.063
3079062,-5.0,123030.0,,,0.0,0.0,,,,,100.0,NotFound,52.0,,New,NotFound,225.0,,153.0,541.0,,,,,,,,New,NotFound,,chrome 63.0,,,,F,F,T,T,desktop,Windows
3079172,-5.0,132838.0,,,-7.0,-74.0,,,0.0,0.0,95.08000183105467,NotFound,52.0,,New,NotFound,225.0,13.0,266.0,507.0,,,,,,,,Found,Found,,edge 15.0,,,,F,F,T,T,desktop,Windows
3079133,-5.0,65664.0,,,0.0,-16.0,,,0.0,0.0,95.08000183105467,NotFound,52.0,,New,NotFound,225.0,,176.0,507.0,,,,,,,,Found,Found,,firefox 57.0,,,,F,F,T,T,desktop,
3079170,-5.0,266649.0,,,0.0,0.0,,,,,100.0,NotFound,52.0,,New,NotFound,225.0,,427.0,507.0,,,,,,,,New,NotFound,,chrome 63.0,,,,F,F,T,T,desktop,Windows
3079168,-20.0,107602.0,,,0.0,0.0,,,,,100.0,NotFound,49.0,,Unknown,,225.0,,427.0,563.0,,,,,,,,New,NotFound,,mobile safari 11.0,,,,F,F,F,T,mobile,
3079292,-20.0,113370.0,,,0.0,0.0,,,,,100.0,NotFound,49.0,,Unknown,,225.0,,427.0,563.0,,,,,,,,New,NotFound,,mobile safari 11.0,,,,F,F,F,T,mobile,
3079418,-20.0,228182.0,,,0.0,0.0,,,,,100.0,NotFound,49.0,,Unknown,,225.0,,427.0,563.0,,,,,,,,New,NotFound,,mobile safari 11.0,,,,F,F,F,T,mobile,
3079415,-5.0,460236.0,,,0.0,0.0,,,,,100.0,NotFound,52.0,,New,NotFound,225.0,,266.0,507.0,,,,,,,,New,NotFound,,chrome 63.0,,,,F,F,T,T,desktop,
3090659,-5.0,390177.0,,,12.0,-39.0,,,,,100.0,NotFound,49.0,-360.0,New,NotFound,166.0,15.0,122.0,214.0,,,,,,,,New,NotFound,iOS 10.2.1,mobile safari 10.0,32.0,2208x1242,match_status:1,T,F,F,T,mobile,iOS Device
3079484,-5.0,180626.0,0.0,0.0,0.0,0.0,,,0.0,0.0,100.0,NotFound,52.0,,Found,Found,225.0,,266.0,507.0,,,,,,,,Found,Found,,chrome 63.0,,,,F,F,T,T,desktop,
3074143,-15.0,,,,,,,,,,,NotFound,14.0,,,,,,,,,,,,,,,,,,,,,,,,,,,
3079319,0.0,193385.0,0.0,0.0,1.0,-100.0,,,0.0,0.0,100.0,NotFound,20.0,,Found,Found,225.0,18.0,266.0,561.0,,,,,,,,Found,Found,,chrome 62.0 for android,,,,F,F,T,T,mobile,SM-G531H Build/LMY48B
3090799,-5.0,20797.0,,,24.0,-19.0,,,,,100.0,NotFound,52.0,-360.0,New,NotFound,166.0,12.0,586.0,214.0,,,,,,,,New,NotFound,Windows 10,edge 15.0,24.0,,match_status:2,T,F,T,T,desktop,Windows
3090826,-5.0,69774.0,,,0.0,0.0,,,,,100.0,NotFound,52.0,-480.0,New,NotFound,166.0,,337.0,222.0,,,,,,,,New,NotFound,Windows 10,edge 15.0,24.0,1920x1080,match_status:2,T,F,T,T,desktop,Windows
3085066,-6.0,49242.0,,,7.0,-32.0,-2.0,-40.0,,,100.0,NotFound,55.0,-300.0,New,NotFound,166.0,12.0,122.0,549.0,252.0,14.0,IP_PROXY:TRANSPARENT,11.0,321.0,184.0,Found,New,NotFound,Android 7.0,chrome 63.0 for android,32.0,,match_status:2,T,F,T,T,mobile,SM-G955U Build/NRD90M
3079795,-20.0,125351.0,,,-4.0,-42.0,,,,,100.0,NotFound,49.0,,Unknown,,225.0,12.0,417.0,507.0,,,,,,,,New,NotFound,,mobile safari 11.0,,,,F,F,F,T,mobile,
3079747,0.0,139085.0,,,2.0,-25.0,,,,,100.0,NotFound,,,New,NotFound,225.0,15.0,266.0,563.0,,,,,,,,New,NotFound,,chrome 60.0 for android,,,,F,F,T,T,mobile,LG-D331
3091082,-5.0,71254.0,0.0,0.0,0.0,0.0,,,0.0,0.0,100.0,NotFound,52.0,-360.0,Found,Found,166.0,,193.0,214.0,,,,,,,,Found,Found,Windows 10,edge 16.0,24.0,,match_status:2,T,F,T,T,desktop,Windows
3079800,-25.0,367780.0,,,0.0,-5.0,,,,,100.0,NotFound,63.0,,Unknown,,225.0,,254.0,507.0,,,,,,,,New,NotFound,,firefox 57.0,,,,F,F,F,T,desktop,Windows
3079825,0.0,203260.0,,,0.0,0.0,,,,,100.0,NotFound,,,New,NotFound,225.0,,176.0,507.0,,,,,,,,New,NotFound,,chrome 59.0 for android,,,,F,F,T,T,mobile,GT-I9060M Build/KTU84P
3079844,0.0,133909.0,,,3.0,-33.0,,,,,100.0,NotFound,20.0,,New,NotFound,225.0,15.0,266.0,507.0,,,,,,,,New,NotFound,,chrome generic,,,,F,F,T,T,mobile,SAMSUNG
3085386,-5.0,22628.0,,,13.0,-1.0,,,,,100.0,NotFound,52.0,-300.0,New,NotFound,166.0,13.0,231.0,549.0,,,,,,,,New,NotFound,Windows 7,firefox 57.0,24.0,1920x1080,match_status:2,T,F,T,T,desktop,rv:57.0
3085494,-5.0,44611.0,0.0,0.0,12.0,-1.0,,,0.0,0.0,100.0,Found,52.0,-300.0,Found,Found,166.0,13.0,231.0,549.0,,,,,,,,Found,Found,Windows 7,firefox 57.0,24.0,1920x1080,match_status:2,T,F,T,T,desktop,rv:57.0
3080112,-50.0,84004.0,0.0,0.0,14.0,-28.0,,,0.0,0.0,100.0,NotFound,52.0,,Found,Found,166.0,15.0,667.0,222.0,,,,,,,,Found,Found,,chrome 63.0,,,,F,F,T,T,desktop,Windows
3080181,-5.0,317789.0,,,0.0,0.0,,,,,100.0,NotFound,52.0,,New,NotFound,225.0,,254.0,507.0,,,,,,,,New,NotFound,,chrome 63.0,,,,F,F,T,T,desktop,Windows
3080176,0.0,142143.0,,,0.0,0.0,,,,,100.0,NotFound,20.0,-360.0,New,NotFound,225.0,,607.0,417.0,,,,,,,,New,NotFound,,ie 11.0 for desktop,,,,F,T,T,T,desktop,Trident/7.0
3085785,0.0,32725.0,0.0,0.0,1.0,0.0,,,0.0,0.0,100.0,Found,,-300.0,Found,Found,166.0,15.0,410.0,489.0,,,,,,,,Found,Found,Mac OS X 10_12_6,chrome 63.0,24.0,1920x1080,match_status:2,T,F,T,T,desktop,MacOS
3080244,-25.0,211330.0,,,3.0,0.0,,,,,100.0,NotFound,63.0,,Unknown,,225.0,,254.0,507.0,,,,,,,,New,NotFound,,firefox 57.0,,,,F,F,F,T,desktop,Windows
3080300,-20.0,311900.0,,,1.0,0.0,,,,,100.0,NotFound,52.0,,New,NotFound,225.0,,414.0,507.0,,,,,,,,New,NotFound,,chrome 63.0,,,,F,F,T,T,desktop,
3080350,-5.0,321753.0,,,0.0,0.0,,,,,100.0,NotFound,52.0,,New,NotFound,225.0,,337.0,507.0,,,,,,,,New,NotFound,,chrome 63.0,,,,F,F,T,T,desktop,
3080484,-5.0,244554.0,,,0.0,0.0,,,,,100.0,NotFound,52.0,,New,NotFound,225.0,,427.0,507.0,,,,,,,,New,NotFound,,chrome 63.0,,,,F,F,T,T,desktop,
3080385,0.0,181067.0,,,5.0,-23.0,,,,,100.0,NotFound,,,New,NotFound,225.0,15.0,345.0,561.0,,,,,,,,New,NotFound,,chrome 63.0 for android,,,,F,F,T,T,mobile,LG-K500 Build/MMB29M
3080557,-100.0,150610.0,,,0.0,-11.0,20.0,-45.0,,,100.0,NotFound,11.0,-300.0,New,NotFound,166.0,13.0,410.0,100.0,228.0,14.0,IP_PROXY:HIDDEN,15.0,426.0,142.0,Found,New,NotFound,,ie 11.0 for desktop,,,,F,T,T,T,desktop,Trident/7.0
3085963,0.0,44108.0,,,0.0,0.0,,,,,100.0,NotFound,,-300.0,New,NotFound,166.0,15.0,100.0,549.0,,,,,,,,New,NotFound,iOS 11.2.1,mobile safari 11.0,32.0,1136x640,match_status:1,T,F,T,T,mobile,iOS Device
3080518,0.0,132399.0,,,0.0,0.0,,,,,100.0,NotFound,,,New,NotFound,225.0,,146.0,507.0,,,,,,,,New,NotFound,,chrome 63.0 for android,,,,F,F,T,T,mobile,Blade V6 Build/LRX22G
3080805,-20.0,207349.0,,,-13.0,-15.0,,,,,100.0,NotFound,49.0,,Unknown,,225.0,,417.0,507.0,,,,,,,,New,NotFound,,mobile safari 11.0,,,,F,F,F,T,mobile,
3080886,-5.0,215210.0,,,1.0,-12.0,,,,,100.0,NotFound,52.0,,New,NotFound,225.0,,176.0,507.0,,,,,,,,New,NotFound,,chrome 63.0,,,,F,F,T,T,desktop,
3086438,-20.0,,,,,,,,,,100.0,NotFound,49.0,,Unknown,,,,,,,,,,,,,New,NotFound,,,,,match_status:2,F,F,F,F,,
3080915,-5.0,183652.0,,,1.0,-22.0,,,,,100.0,NotFound,49.0,,New,NotFound,225.0,,417.0,561.0,,,,,,,,New,NotFound,,chrome 43.0 for android,,,,F,F,T,F,mobile,HUAWEI Y560-L03 Build/HUAWEIY560-L03
3080911,-5.0,181282.0,,,1.0,-11.0,,,,,100.0,NotFound,52.0,,New,NotFound,225.0,15.0,384.0,561.0,,,,,,,,New,NotFound,,chrome 63.0,,,,F,F,T,T,desktop,Windows
3080912,-40.0,111667.0,,,3.0,-31.0,,,,,100.0,NotFound,18.0,,New,NotFound,225.0,15.0,266.0,507.0,,,,,,,,New,NotFound,,chrome 63.0 for android,,,,F,F,T,T,mobile,ALE-L23 Build/HuaweiALE-L23
3081010,-5.0,301652.0,0.0,0.0,1.0,0.0,,,0.0,0.0,100.0,NotFound,52.0,,Found,Found,225.0,,153.0,417.0,,,,,,,,Found,Found,,chrome 63.0,,,,F,F,T,T,desktop,Windows
3081028,0.0,239428.0,0.0,0.0,0.0,0.0,,,0.0,0.0,100.0,NotFound,20.0,,Found,Found,225.0,,254.0,507.0,,,,,,,,Found,Found,,chrome 62.0 for android,,,,F,F,T,T,mobile,MotoG3 Build/MPIS24.65-33.1-2-16
3081065,0.0,407982.0,,,3.0,0.0,,,,,100.0,NotFound,20.0,,New,NotFound,225.0,,345.0,507.0,,,,,,,,New,NotFound,,chrome 56.0 for android,,,,F,F,T,T,mobile,XT1580
3081070,-15.0,,,,,,,,,,,NotFound,14.0,,,,,,,,,,,,,,,,,,,,,,,,,,,
3081207,-5.0,222515.0,,,0.0,0.0,,,,,100.0,NotFound,52.0,,New,NotFound,225.0,,290.0,401.0,,,,,,,,New,NotFound,,chrome 63.0,,,,F,F,T,T,desktop,Windows
3081097,-5.0,175222.0,0.0,0.0,1.0,-7.0,,,0.0,0.0,100.0,NotFound,49.0,,Found,Found,225.0,,427.0,561.0,,,,,,,,Found,Found,,chrome 43.0 for android,,,,F,F,T,F,mobile,HUAWEI Y560-L03 Build/HUAWEIY560-L03
3081122,-5.0,154989.0,0.0,0.0,0.0,0.0,,,0.0,0.0,100.0,NotFound,52.0,,Found,Found,225.0,,266.0,507.0,,,,,,,,Found,Found,,chrome 63.0,,,,F,F,T,T,desktop,
3081191,-20.0,158497.0,,,11.0,-24.0,,,,,100.0,NotFound,49.0,,Unknown,,225.0,15.0,417.0,507.0,,,,,,,,New,NotFound,,mobile safari 11.0,,,,F,F,F,T,mobile,
3081145,0.0,171275.0,0.0,0.0,0.0,0.0,,,0.0,0.0,100.0,NotFound,,,Found,Found,225.0,,254.0,507.0,,,,,,,,Found,Found,,chrome 63.0 for android,,,,F,F,T,T,mobile,SM-A300H Build/LRX22G
3081164,-5.0,162357.0,0.0,0.0,0.0,0.0,,,0.0,0.0,100.0,NotFound,52.0,,Found,Found,225.0,,254.0,507.0,,,,,,,,Found,Found,,chrome 63.0,,,,F,F,T,T,desktop,Windows
3081279,0.0,164523.0,0.0,0.0,0.0,0.0,,,0.0,0.0,100.0,NotFound,,,Found,Found,225.0,,427.0,507.0,,,,,,,,Found,Found,,chrome 63.0 for android,,,,F,F,T,T,mobile,F3213 Build/36.1.A.1.86
3081258,-5.0,66252.0,0.0,0.0,0.0,0.0,,,0.0,0.0,100.0,NotFound,52.0,,Found,Found,225.0,,254.0,507.0,,,,,,,,Found,Found,,chrome 63.0,,,,F,F,T,T,desktop,Windows
3081282,0.0,79740.0,,,0.0,0.0,,,,,100.0,NotFound,,-300.0,New,NotFound,166.0,,487.0,600.0,,,,,,,,New,NotFound,Android 7.0,samsung browser 6.2,32.0,,match_status:2,T,F,T,T,mobile,SAMSUNG SM-G955U Build/NRD90M
3081252,-5.0,82384.0,0.0,0.0,0.0,0.0,,,0.0,0.0,100.0,NotFound,52.0,,Found,Found,225.0,,254.0,507.0,,,,,,,,Found,Found,,chrome 63.0,,,,F,F,T,T,desktop,Windows
3086856,-5.0,260322.0,0.0,0.0,3.0,-5.0,,,0.0,0.0,100.0,Found,52.0,,Found,Found,166.0,13.0,216.0,214.0,,,,,,,,Found,Found,,ie 11.0 for desktop,,,,F,F,T,T,desktop,rv:11.0
3081302,-5.0,76598.0,0.0,0.0,0.0,0.0,,,0.0,0.0,100.0,NotFound,52.0,,Found,Found,225.0,,254.0,507.0,,,,,,,,Found,Found,,chrome 63.0,,,,F,F,T,T,desktop,Windows
3081311,-20.0,116938.0,,,0.0,0.0,,,,,100.0,NotFound,49.0,,Unknown,,225.0,,427.0,325.0,,,,,,,,New,NotFound,,mobile safari 11.0,,,,F,F,F,T,mobile,
3081398,-5.0,210109.0,,,0.0,0.0,,,,,100.0,NotFound,52.0,,New,NotFound,225.0,,290.0,401.0,,,,,,,,New,NotFound,,chrome 63.0,,,,F,F,T,T,desktop,
3081458,-5.0,152727.0,,,0.0,0.0,,,,,100.0,NotFound,52.0,,New,NotFound,225.0,,607.0,507.0,,,,,,,,New,NotFound,,chrome 63.0,,,,F,F,T,T,desktop,Windows
3081399,-5.0,196777.0,0.0,0.0,3.0,-8.0,,,0.0,0.0,100.0,NotFound,52.0,,Found,Found,225.0,,427.0,612.0,,,,,,,,Found,Found,,firefox 57.0,,,,F,F,T,T,desktop,Windows
3081517,-10.0,288518.0,0.0,0.0,3.0,0.0,,,0.0,0.0,100.0,NotFound,43.0,,Found,Found,225.0,,254.0,507.0,,,,,,,,Found,Found,,chrome 63.0 for android,,,,F,F,T,T,mobile,SM-A300H Build/LRX22G
3081514,-10.0,138479.0,,,13.0,-23.0,,,2.0,0.0,96.72000122070312,NotFound,52.0,,New,NotFound,166.0,13.0,125.0,489.0,,,,,,,,Found,Found,,chrome 63.0,,,,F,F,T,T,desktop,Windows
3081582,-20.0,156249.0,,,0.0,0.0,,,,,100.0,NotFound,49.0,,Unknown,,225.0,,153.0,563.0,,,,,,,,New,NotFound,,mobile safari 11.0,,,,F,F,F,T,mobile,
3081578,-5.0,178503.0,,,0.0,0.0,,,0.0,0.0,95.08000183105467,NotFound,52.0,,New,NotFound,225.0,,153.0,411.0,,,,,,,,Found,Found,,firefox,,,,F,F,T,T,desktop,Windows
3081518,0.0,205066.0,,,0.0,0.0,,,,,100.0,NotFound,,,New,NotFound,225.0,,176.0,507.0,,,,,,,,New,NotFound,,safari generic,,,,F,F,T,T,desktop,
3081617,0.0,273812.0,0.0,0.0,0.0,0.0,,,0.0,0.0,100.0,NotFound,43.0,,Found,Found,225.0,,266.0,122.0,,,,,,,,Found,Found,,chrome 63.0 for android,,,,F,F,T,T,mobile,SM-G530H Build/LRX22G
3081607,-95.0,365875.0,,,2.0,-32.0,,,,,100.0,NotFound,49.0,,New,NotFound,225.0,15.0,345.0,507.0,,,,,,,,New,NotFound,,chrome,,,,F,F,T,F,mobile,GT-I9060M Build/KTU84P
3081703,-95.0,510295.0,0.0,0.0,2.0,-32.0,,,0.0,0.0,100.0,NotFound,49.0,,Found,Found,225.0,15.0,345.0,507.0,,,,,,,,Found,Found,,chrome,,,,F,F,T,F,mobile,GT-I9060M Build/KTU84P
3081651,0.0,146971.0,,,5.0,0.0,,,,,100.0,NotFound,,,New,NotFound,225.0,,345.0,507.0,,,,,,,,New,NotFound,,chrome generic,,,,F,F,T,T,mobile,Moto G (4) Build/NPJS25.93-14-10
3087296,-5.0,43906.0,,,0.0,0.0,,,,,100.0,NotFound,52.0,-300.0,New,NotFound,166.0,,529.0,549.0,,,,,,,,New,NotFound,Windows 10,chrome 63.0,24.0,3440x1440,match_status:2,T,F,T,F,desktop,Windows
3081706,-95.0,183872.0,0.0,0.0,2.0,-32.0,,,0.0,0.0,100.0,NotFound,49.0,,Found,Found,225.0,15.0,345.0,507.0,,,,,,,,Found,Found,,chrome,,,,F,F,T,F,mobile,GT-I9060M Build/KTU84P
3081724,-70.0,281129.0,,,0.0,-22.0,25.0,-49.0,,,100.0,NotFound,52.0,-360.0,New,NotFound,225.0,,266.0,507.0,228.0,14.0,IP_PROXY:TRANSPARENT,15.0,426.0,161.0,Found,New,NotFound,,ie 11.0 for desktop,,,,F,T,F,T,desktop,Trident/7.0
3081726,-5.0,279015.0,0.0,0.0,0.0,0.0,,,0.0,0.0,100.0,NotFound,52.0,,Found,Found,225.0,,266.0,305.0,,,,,,,,Found,Found,,chrome 63.0,,,,F,F,T,T,desktop,
3081748,-10.0,87068.0,,,2.0,0.0,,,,,100.0,NotFound,45.0,,New,NotFound,225.0,,290.0,401.0,,,,,,,,New,NotFound,,chrome 63.0 for android,,,,F,F,T,T,mobile,HTC Desire 10 lifestyle Build/MMB29M
3081797,0.0,144331.0,,,1.0,-22.0,,,,,100.0,NotFound,,,New,NotFound,225.0,15.0,266.0,563.0,,,,,,,,New,NotFound,,chrome 63.0 for android,,,,F,F,T,T,mobile,SM-J700M Build/MMB29K
3081801,-5.0,97977.0,0.0,0.0,0.0,0.0,,,0.0,0.0,100.0,NotFound,52.0,,Found,Found,225.0,,254.0,507.0,,,,,,,,Found,Found,,chrome 63.0,,,,F,F,T,T,desktop,
3081768,-5.0,134018.0,0.0,0.0,0.0,0.0,,,0.0,0.0,100.0,NotFound,52.0,,Found,Found,225.0,,254.0,507.0,,,,,,,,Found,Found,,chrome 63.0,,,,F,F,T,T,desktop,
3081817,0.0,148724.0,,,0.0,-5.0,,,,,100.0,NotFound,20.0,,New,NotFound,225.0,,153.0,325.0,,,,,,,,New,NotFound,,mobile safari 10.0,,,,F,F,T,T,mobile,
3081774,-5.0,210529.0,,,0.0,0.0,,,,,100.0,NotFound,52.0,,New,NotFound,225.0,,427.0,325.0,,,,,,,,New,NotFound,,chrome 63.0,,,,F,F,T,T,desktop,Windows
3081872,-5.0,143837.0,,,0.0,0.0,,,,,100.0,NotFound,52.0,,New,NotFound,225.0,,266.0,507.0,,,,,,,,New,NotFound,,chrome 63.0,,,,F,F,T,T,desktop,Windows
3081883,-10.0,86572.0,0.0,0.0,0.0,0.0,,,0.0,0.0,100.0,NotFound,52.0,,Found,Found,225.0,,254.0,507.0,,,,,,,,Found,Found,,chrome 63.0,,,,F,F,T,T,desktop,
3081902,-5.0,183566.0,,,1.0,0.0,,,,,100.0,NotFound,52.0,,New,NotFound,225.0,,176.0,507.0,,,,,,,,New,NotFound,,chrome 63.0,,,,F,F,T,T,desktop,Windows
3087486,-5.0,183441.0,,,0.0,0.0,,,,,100.0,NotFound,49.0,-420.0,New,NotFound,166.0,,215.0,472.0,,,,,,,,New,NotFound,iOS 11.2.1,mobile safari 11.0,32.0,2436x1125,match_status:1,T,F,F,T,mobile,iOS Device
3081814,-5.0,89620.0,0.0,0.0,2.0,0.0,,,0.0,0.0,100.0,NotFound,52.0,,Found,Found,225.0,,254.0,507.0,,,,,,,,Found,Found,,chrome 63.0,,,,F,F,T,T,desktop,Windows
3081919,-5.0,277435.0,,,0.0,0.0,,,,,100.0,NotFound,52.0,,New,NotFound,225.0,,607.0,507.0,,,,,,,,New,NotFound,,chrome 63.0,,,,F,F,T,T,desktop,Windows
3081916,-5.0,124678.0,0.0,0.0,0.0,0.0,,,0.0,0.0,100.0,NotFound,52.0,,Found,Found,225.0,,266.0,507.0,,,,,,,,Found,Found,,chrome 63.0,,,,F,F,T,T,desktop,
3081951,-5.0,67619.0,0.0,0.0,0.0,0.0,,,0.0,0.0,100.0,NotFound,52.0,,Found,Found,225.0,,266.0,507.0,,,,,,,,Found,Found,,chrome 63.0,,,,F,F,T,T,desktop,
3081898,0.0,134484.0,,,-10.0,-100.0,,,,,100.0,NotFound,,,New,NotFound,225.0,13.0,266.0,507.0,,,,,,,,New,NotFound,,chrome 58.0 for android,,,,F,F,T,T,mobile,SM-A520F Build/NRD90M
3081933,-5.0,222360.0,,,0.0,0.0,,,,,100.0,NotFound,52.0,,New,NotFound,225.0,,417.0,507.0,,,,,,,,New,NotFound,,chrome 62.0,,,,F,F,T,T,desktop,
3081956,-20.0,167535.0,,,0.0,0.0,,,,,100.0,NotFound,49.0,,Unknown,,225.0,,153.0,595.0,,,,,,,,New,NotFound,,mobile safari 11.0,,,,F,F,F,T,mobile,
3093654,-5.0,259916.0,,,25.0,0.0,,,,,100.0,NotFound,49.0,-360.0,New,NotFound,166.0,15.0,432.0,214.0,,,,,,,,New,NotFound,iOS 10.0.2,mobile safari 10.0,32.0,1334x750,match_status:1,T,F,F,T,mobile,iOS Device
3082052,-5.0,68249.0,0.0,0.0,0.0,0.0,,,0.0,0.0,100.0,NotFound,52.0,,Found,Found,225.0,,266.0,507.0,,,,,,,,Found,Found,,chrome 63.0,,,,F,F,T,T,desktop,Windows
3082073,-5.0,241956.0,,,0.0,0.0,,,,,100.0,NotFound,52.0,,Found,NotFound,225.0,,153.0,563.0,,,,,,,,Found,NotFound,,chrome 63.0,,,,F,F,T,T,desktop,Windows
3082030,0.0,154245.0,,,0.0,0.0,,,,,100.0,NotFound,,,New,NotFound,225.0,,266.0,507.0,,,,,,,,New,NotFound,,chrome 63.0 for android,,,,F,F,T,T,mobile,Lenovo K33b36 Build/MMB29M
3082059,-5.0,286482.0,0.0,0.0,0.0,0.0,,,0.0,0.0,100.0,NotFound,52.0,,Found,Found,225.0,,266.0,507.0,,,,,,,,Found,Found,,chrome 63.0,,,,F,F,T,T,desktop,Windows
3082110,0.0,442458.0,,,0.0,0.0,,,,,100.0,NotFound,,,New,NotFound,225.0,,290.0,401.0,,,,,,,,New,NotFound,,chrome 63.0 for android,,,,F,F,T,T,mobile,SM-J700M Build/MMB29K
3087754,0.0,137802.0,,,0.0,0.0,,,,,100.0,NotFound,,-300.0,New,NotFound,166.0,,100.0,549.0,,,,,,,,New,NotFound,Android 7.0,samsung browser 6.2,32.0,,match_status:2,T,F,T,T,mobile,SAMSUNG SM-G955U Build/NRD90M
3087748,0.0,128468.0,0.0,0.0,0.0,0.0,,,0.0,0.0,100.0,Found,,-300.0,Found,Found,166.0,,100.0,549.0,,,,,,,,Found,Found,Android 7.0,samsung browser 6.2,32.0,,match_status:2,T,F,T,T,mobile,SAMSUNG SM-G955U Build/NRD90M
3087790,0.0,437283.0,0.0,0.0,0.0,0.0,,,0.0,0.0,100.0,Found,,-300.0,Found,Found,166.0,,100.0,549.0,,,,,,,,Found,Found,Android 7.0,samsung browser 6.2,32.0,,match_status:2,T,F,T,T,mobile,SAMSUNG SM-G955U Build/NRD90M
3082135,0.0,116850.0,0.0,0.0,0.0,0.0,,,0.0,0.0,100.0,NotFound,,,Found,Found,225.0,,290.0,401.0,,,,,,,,Found,Found,,chrome 63.0 for android,,,,F,F,T,T,mobile,SM-J700M Build/MMB29K
3082161,0.0,203518.0,,,3.0,0.0,,,,,100.0,NotFound,,,New,NotFound,225.0,,254.0,507.0,,,,,,,,New,NotFound,,chrome 63.0 for android,,,,F,F,T,T,mobile,MotoG3-TE Build/MPDS24.65-33-1-30
3082149,-20.0,446094.0,,,0.0,0.0,,,,,100.0,NotFound,52.0,,New,NotFound,225.0,,153.0,417.0,,,,,,,,New,NotFound,,edge 15.0,,,,F,F,T,T,desktop,Windows
3082172,0.0,164560.0,,,0.0,0.0,,,,,100.0,NotFound,,,New,NotFound,225.0,,266.0,507.0,,,,,,,,New,NotFound,,chrome 63.0 for android,,,,F,F,T,T,mobile,F3213 Build/36.1.A.1.86
3082186,-5.0,207877.0,,,-2.0,-35.0,,,,,100.0,NotFound,49.0,,New,NotFound,225.0,15.0,417.0,507.0,,,,,,,,New,NotFound,,chrome 50.0 for android,,,,F,F,T,F,mobile,SM-J105B Build/LMY47V
3082168,-5.0,318109.0,,,0.0,0.0,,,,,100.0,NotFound,52.0,,New,NotFound,225.0,,153.0,340.0,,,,,,,,New,NotFound,,chrome 63.0,,,,F,F,T,T,desktop,Windows
3082232,0.0,97301.0,0.0,0.0,0.0,0.0,,,0.0,0.0,100.0,NotFound,,,Found,Found,225.0,,266.0,507.0,,,,,,,,Found,Found,,chrome 63.0 for android,,,,F,F,T,T,mobile,F3213 Build/36.1.A.1.86
3082198,0.0,163321.0,0.0,0.0,0.0,0.0,,,0.0,0.0,100.0,NotFound,43.0,,Found,Found,225.0,,266.0,507.0,,,,,,,,Found,Found,,chrome 63.0 for android,,,,F,F,T,T,mobile,F3213 Build/36.1.A.1.86
3082209,0.0,241398.0,0.0,0.0,0.0,0.0,,,0.0,0.0,100.0,NotFound,43.0,,Found,Found,225.0,,266.0,507.0,,,,,,,,Found,Found,,chrome 63.0 for android,,,,F,F,T,T,mobile,F3213 Build/36.1.A.1.86
3082219,-5.0,567056.0,0.0,0.0,0.0,0.0,,,0.0,0.0,100.0,NotFound,43.0,,Found,Found,225.0,,266.0,507.0,,,,,,,,Found,Found,,chrome 63.0 for android,,,,F,F,T,T,mobile,F3213 Build/36.1.A.1.86
3082242,-20.0,92539.0,,,0.0,0.0,,,,,100.0,NotFound,49.0,,Unknown,,225.0,,266.0,507.0,,,,,,,,New,NotFound,,mobile safari 11.0,,,,F,F,F,T,mobile,
3082260,-20.0,164253.0,,,0.0,0.0,,,,,100.0,NotFound,49.0,,Unknown,,225.0,,266.0,507.0,,,,,,,,New,NotFound,,mobile safari 11.0,,,,F,F,F,T,mobile,
3082235,-20.0,131686.0,,,0.0,0.0,,,,,100.0,NotFound,49.0,,Unknown,,225.0,,153.0,340.0,,,,,,,,New,NotFound,,mobile safari 11.0,,,,F,F,F,T,mobile,
3099750,0.0,8254.0,,,0.0,0.0,,,,,100.0,Found,,-300.0,New,NotFound,166.0,13.0,529.0,161.0,,,,,,,,New,NotFound,Windows 10,ie 11.0 for desktop,24.0,1366x768,match_status:2,T,T,T,T,desktop,Trident/7.0
3082274,0.0,65238.0,0.0,0.0,0.0,-5.0,,,0.0,0.0,100.0,NotFound,20.0,,Found,Found,225.0,,254.0,507.0,,,,,,,,Found,Found,,chrome 63.0 for android,,,,F,F,T,T,mobile,SM-G950F Build/NRD90M
3082304,-20.0,372732.0,,,0.0,0.0,,,,,100.0,NotFound,52.0,,New,NotFound,225.0,,290.0,401.0,,,,,,,,New,NotFound,,chrome 63.0,,,,F,F,T,T,desktop,Windows
3082305,-5.0,232871.0,,,0.0,0.0,,,,,100.0,NotFound,52.0,,New,NotFound,225.0,,266.0,507.0,,,,,,,,New,NotFound,,chrome 63.0,,,,F,F,T,T,desktop,
3082306,-5.0,155520.0,0.0,0.0,0.0,0.0,,,0.0,0.0,100.0,NotFound,52.0,,Found,Found,225.0,,266.0,507.0,,,,,,,,Found,Found,,chrome 63.0,,,,F,F,T,T,desktop,
3082341,-5.0,388897.0,0.0,0.0,0.0,0.0,,,0.0,0.0,100.0,NotFound,52.0,,Found,Found,225.0,,290.0,401.0,,,,,,,,Found,Found,,chrome 63.0,,,,F,F,T,T,desktop,Windows
3082346,0.0,283976.0,,,9.0,-31.0,,,,,100.0,NotFound,,,New,NotFound,225.0,13.0,266.0,507.0,,,,,,,,New,NotFound,,chrome 61.0 for android,,,,F,F,T,T,mobile,LG-D693n Build/LRX22G
3099865,-5.0,157764.0,,,0.0,-9.0,,,0.0,0.0,95.08000183105467,NotFound,52.0,,New,NotFound,159.0,29.0,410.0,633.0,,,,,,,,Found,Found,,chrome 63.0,,,,F,F,T,T,desktop,Windows
3082369,-5.0,258092.0,,,5.0,-38.0,,,,,100.0,NotFound,25.0,-360.0,New,NotFound,166.0,13.0,201.0,222.0,,,,,,,,New,NotFound,,ie 11.0 for desktop,,,,F,T,T,T,desktop,Trident/7.0
3082376,0.0,258577.0,,,0.0,0.0,,,,,100.0,NotFound,20.0,,New,NotFound,225.0,,290.0,401.0,,,,,,,,New,NotFound,,chrome 61.0 for android,,,,F,F,T,T,mobile,LG-X230 Build/MRA58K
3088073,0.0,101401.0,,,0.0,0.0,,,,,100.0,NotFound,,-300.0,New,NotFound,166.0,,390.0,549.0,,,,,,,,New,NotFound,iOS 11.2.1,mobile safari 11.0,32.0,1334x750,match_status:1,T,F,T,T,mobile,iOS Device
3094118,0.0,255127.0,0.0,0.0,0.0,-6.0,,,0.0,0.0,100.0,NotFound,,-300.0,Found,Found,166.0,15.0,100.0,549.0,,,,,,,,Found,Found,Mac OS X 10_11_4,safari generic,24.0,1280x800,match_status:2,T,T,T,T,desktop,MacOS
3088133,-5.0,103957.0,,,0.0,0.0,,,,,100.0,NotFound,52.0,-300.0,New,NotFound,166.0,15.0,193.0,489.0,,,,,,,,New,NotFound,Windows 7,chrome 63.0,24.0,1920x1080,match_status:2,T,F,T,F,desktop,Windows
3082562,-5.0,102524.0,,,3.0,-3.0,,,,,100.0,NotFound,52.0,-300.0,New,NotFound,166.0,13.0,218.0,597.0,,,,,,,,New,NotFound,Windows 7,chrome 63.0,24.0,1920x1080,match_status:2,T,F,T,T,desktop,Windows
3082542,0.0,135578.0,,,0.0,0.0,,,,,100.0,NotFound,,,New,NotFound,225.0,,266.0,563.0,,,,,,,,New,NotFound,,chrome generic,,,,F,F,T,T,mobile,Moto G (4) Build/NPJS25.93-14-10
3088208,-45.0,41673.0,0.0,0.0,0.0,0.0,,,0.0,0.0,100.0,Found,52.0,-300.0,Found,Found,166.0,15.0,410.0,146.0,,,,,,,,Found,Found,Windows 7,ie 11.0 for desktop,24.0,1920x1200,match_status:2,T,F,T,T,desktop,rv:11.0
3088197,-5.0,82505.0,,,0.0,0.0,,,0.0,0.0,90.1999969482422,NotFound,52.0,-300.0,New,NotFound,166.0,15.0,390.0,489.0,,,,,,,,Found,Found,Windows 10,chrome 63.0,24.0,1920x1080,match_status:2,T,F,T,F,desktop,Windows
3088316,-5.0,14317.0,,,0.0,0.0,,,,,100.0,NotFound,49.0,-300.0,New,NotFound,166.0,,390.0,489.0,,,,,,,,New,NotFound,iOS 11.2.1,mobile safari 11.0,32.0,1334x750,match_status:1,T,F,F,T,mobile,iOS Device
3082680,-5.0,122979.0,0.0,0.0,1.0,0.0,,,0.0,0.0,100.0,NotFound,52.0,,Found,Found,225.0,,266.0,325.0,,,,,,,,Found,Found,,chrome 63.0,,,,F,F,T,T,desktop,Windows
3082697,0.0,135408.0,,,6.0,0.0,,,0.0,0.0,95.4499969482422,NotFound,,-300.0,New,NotFound,166.0,13.0,609.0,533.0,,,,,,,,Found,Found,Windows 7,ie 11.0 for desktop,24.0,1440x900,match_status:2,T,T,T,T,desktop,Windows
3082675,0.0,45943.0,0.0,0.0,6.0,0.0,,,0.0,0.0,100.0,Found,,-300.0,Found,Found,166.0,13.0,609.0,533.0,,,,,,,,Found,Found,Windows 7,ie 11.0 for desktop,24.0,1440x900,match_status:2,T,T,T,T,desktop,Windows
3094387,-5.0,174418.0,,,1.0,-26.0,,,,,100.0,Found,49.0,-300.0,New,NotFound,166.0,15.0,321.0,549.0,,,,,,,,New,NotFound,iOS 11.1.1,mobile safari 11.0,32.0,2001x1125,match_status:1,T,F,F,T,mobile,iOS Device
3088321,-5.0,175699.0,,,1.0,-6.0,,,,,100.0,NotFound,49.0,-300.0,New,NotFound,166.0,15.0,390.0,549.0,,,,,,,,New,NotFound,iOS 11.1.2,mobile safari 11.0,32.0,2048x1536,match_status:1,T,F,F,T,mobile,iOS Device
3082758,-15.0,,,,,,,,,,,NotFound,14.0,,,,,,,,,,,,,,,,,,,,,,,,,,,
3094479,-5.0,32341.0,,,18.0,-32.0,,,,,100.0,NotFound,49.0,-360.0,New,NotFound,166.0,13.0,122.0,214.0,,,,,,,,New,NotFound,iOS 11.2.1,mobile safari 11.0,32.0,2001x1125,match_status:1,T,F,F,T,mobile,iOS Device
3082817,-5.0,92290.0,0.0,0.0,0.0,0.0,,,0.0,0.0,100.0,NotFound,52.0,,Found,Found,225.0,,414.0,561.0,,,,,,,,Found,Found,,chrome 63.0,,,,F,F,T,T,desktop,Windows
3088580,0.0,51098.0,,,4.0,-27.0,,,,,100.0,NotFound,,-300.0,New,NotFound,166.0,15.0,420.0,549.0,,,,,,,,New,NotFound,iOS 11.2.1,mobile safari 11.0,32.0,1334x750,match_status:1,T,F,T,T,mobile,iOS Device
3082967,0.0,106217.0,,,2.0,-29.0,,,,,100.0,NotFound,,,New,NotFound,225.0,15.0,384.0,507.0,,,,,,,,New,NotFound,,chrome 58.0 for android,,,,F,F,T,T,mobile,moto x4 Build/NPW26.83-18-2-0-4
3083036,-20.0,175381.0,,,4.0,-25.0,,,,,100.0,NotFound,49.0,,Unknown,,225.0,15.0,417.0,507.0,,,,,,,,New,NotFound,,mobile safari 11.0,,,,F,F,F,T,mobile,
3083142,0.0,98366.0,,,0.0,-21.0,,,,,100.0,NotFound,20.0,-360.0,New,NotFound,225.0,,427.0,417.0,,,,,,,,New,NotFound,,ie 11.0 for desktop,,,,F,T,T,T,desktop,Trident/7.0
3083090,-5.0,147286.0,,,13.0,-8.0,,,,,100.0,NotFound,49.0,,New,NotFound,225.0,15.0,417.0,507.0,,,,,,,,New,NotFound,,chrome 50.0 for android,,,,F,F,T,F,mobile,Moto G Play Build/MPIS24.241-15.3-7
3083157,0.0,189378.0,,,0.0,0.0,,,,,100.0,NotFound,,,New,NotFound,225.0,,266.0,139.0,,,,,,,,New,NotFound,,chrome 63.0 for android,,,,F,F,T,T,mobile,LG-K580 Build/MRA58K
3088852,-5.0,46907.0,,,17.0,-4.0,,,,,100.0,NotFound,52.0,-300.0,New,NotFound,166.0,15.0,410.0,489.0,,,,,,,,New,NotFound,Windows 10,chrome 63.0,24.0,3440x1440,match_status:2,T,F,T,F,desktop,Windows
3083364,-20.0,223136.0,,,0.0,0.0,,,,,100.0,NotFound,49.0,,Unknown,,225.0,,427.0,507.0,,,,,,,,New,NotFound,,mobile safari 10.0,,,,F,F,F,T,mobile,
3083402,-5.0,417946.0,0.0,0.0,0.0,-1.0,,,0.0,0.0,100.0,NotFound,52.0,,Found,Found,225.0,,254.0,507.0,,,,,,,,Found,Found,,chrome 63.0,,,,F,F,T,T,desktop,Windows
3089093,-5.0,163997.0,0.0,0.0,0.0,-5.0,,,0.0,0.0,100.0,NotFound,52.0,-300.0,Found,Found,166.0,15.0,410.0,549.0,,,,,,,,Found,Found,Windows 7,chrome 63.0,24.0,1920x1080,match_status:2,T,F,T,F,desktop,Windows
3083325,-20.0,419564.0,,,0.0,0.0,,,,,100.0,NotFound,52.0,,New,NotFound,225.0,,417.0,507.0,,,,,,,,New,NotFound,,chrome 63.0,,,,F,F,T,T,desktop,Windows
3089162,-5.0,88587.0,,,0.0,0.0,,,,,100.0,NotFound,52.0,-300.0,New,NotFound,166.0,13.0,542.0,489.0,,,,,,,,New,NotFound,Windows 10,chrome 63.0,24.0,1920x1080,match_status:2,T,F,T,T,desktop,Windows
3089131,0.0,32284.0,0.0,0.0,5.0,0.0,,,0.0,0.0,100.0,NotFound,,-300.0,Found,Found,166.0,13.0,638.0,549.0,,,,,,,,Found,Found,Mac OS X 10_10_5,chrome 63.0,24.0,1366x768,match_status:2,T,F,T,T,desktop,MacOS
3089129,0.0,223684.0,1.0,0.0,0.0,0.0,,,1.0,0.0,100.0,NotFound,,-300.0,Found,Found,166.0,13.0,410.0,549.0,,,,,,,,Found,Found,Windows 7,ie 11.0 for desktop,24.0,1280x1024,match_status:2,T,T,T,T,desktop,Trident/7.0
3089345,0.0,116018.0,0.0,0.0,0.0,0.0,,,0.0,0.0,100.0,NotFound,,-300.0,Found,Found,166.0,,529.0,549.0,,,,,,,,Found,Found,Mac OS X 10_12_6,chrome 63.0,24.0,1920x1080,match_status:2,T,F,T,T,desktop,MacOS
3083515,-5.0,564508.0,,,3.0,0.0,,,,,100.0,NotFound,52.0,,New,NotFound,225.0,,574.0,507.0,,,,,,,,New,NotFound,,chrome 63.0,,,,F,F,T,T,desktop,
3083619,-5.0,116643.0,,,0.0,0.0,,,,,100.0,NotFound,52.0,,Found,NotFound,225.0,,427.0,411.0,,,,,,,,Found,NotFound,,chrome 63.0,,,,F,F,T,T,desktop,Windows
3083695,-5.0,62570.0,0.0,0.0,0.0,0.0,,,0.0,0.0,100.0,NotFound,52.0,,Found,Found,225.0,,427.0,320.0,,,,,,,,Found,Found,,edge 16.0,,,,F,F,T,T,desktop,Windows
3089435,-5.0,168363.0,,,0.0,0.0,,,,,100.0,NotFound,49.0,-300.0,New,NotFound,166.0,15.0,100.0,489.0,,,,,,,,New,NotFound,iOS 11.1.2,mobile safari 11.0,32.0,2208x1242,match_status:1,T,F,F,T,mobile,iOS Device
3083631,0.0,179677.0,0.0,0.0,0.0,0.0,,,0.0,0.0,100.0,NotFound,20.0,,Found,Found,225.0,,266.0,507.0,,,,,,,,Found,Found,,chrome 63.0 for android,,,,F,F,T,T,mobile,HUAWEI TAG-L13 Build/HUAWEITAG-L13
3083640,0.0,102575.0,0.0,0.0,0.0,0.0,,,0.0,0.0,100.0,NotFound,,,Found,Found,225.0,,266.0,139.0,,,,,,,,Found,Found,,chrome 63.0 for android,,,,F,F,T,T,mobile,LG-K580 Build/MRA58K
3083585,-10.0,99587.0,0.0,0.0,0.0,0.0,,,0.0,0.0,100.0,NotFound,52.0,,Found,Found,225.0,,427.0,507.0,,,,,,,,Found,Found,,chrome 63.0,,,,F,F,T,T,desktop,Windows
3083679,-5.0,196062.0,0.0,0.0,0.0,0.0,,,0.0,0.0,100.0,NotFound,52.0,,Found,Found,225.0,,427.0,411.0,,,,,,,,Found,Found,,chrome 63.0,,,,F,F,T,T,desktop,Windows
3083665,-5.0,127232.0,0.0,0.0,0.0,0.0,,,0.0,0.0,100.0,NotFound,52.0,,Found,Found,225.0,,427.0,411.0,,,,,,,,Found,Found,,chrome 63.0,,,,F,F,T,T,desktop,Windows
3083805,0.0,234173.0,0.0,0.0,0.0,0.0,,,0.0,0.0,100.0,NotFound,,,Found,Found,225.0,,266.0,139.0,,,,,,,,Found,Found,,chrome 63.0 for android,,,,F,F,T,T,mobile,LG-K580 Build/MRA58K
3083759,-20.0,489903.0,,,0.0,0.0,,,,,100.0,NotFound,49.0,,Unknown,,225.0,,266.0,595.0,,,,,,,,New,NotFound,,mobile safari 11.0,,,,F,F,F,T,mobile,
3089612,-10.0,46241.0,,,0.0,-23.0,4.0,-3.0,,,100.0,NotFound,11.0,-300.0,New,NotFound,166.0,13.0,117.0,549.0,420.0,14.0,IP_PROXY:TRANSPARENT,11.0,355.0,184.0,Found,New,NotFound,Windows 7,ie 11.0 for desktop,24.0,,match_status:2,T,T,T,T,desktop,Trident/7.0
3083880,-10.0,81669.0,0.0,0.0,0.0,0.0,,,0.0,0.0,100.0,NotFound,52.0,,Found,Found,225.0,,427.0,507.0,,,,,,,,Found,Found,,chrome 63.0,,,,F,F,T,T,desktop,Windows
3083933,-20.0,105767.0,,,-10.0,-10.0,,,,,100.0,NotFound,49.0,,Unknown,,225.0,,345.0,507.0,,,,,,,,New,NotFound,,mobile safari 10.0,,,,F,F,F,T,mobile,
3083954,-5.0,282514.0,,,0.0,0.0,,,,,100.0,NotFound,52.0,-360.0,New,NotFound,225.0,,427.0,595.0,,,,,,,,New,NotFound,,chrome 49.0,,,,F,T,T,F,desktop,
3083994,-5.0,152274.0,,,0.0,-9.0,,,,,100.0,NotFound,52.0,,New,NotFound,225.0,,410.0,556.0,,,,,,,,New,NotFound,,chrome 63.0,,,,F,F,T,T,desktop,
3083967,-5.0,110298.0,0.0,0.0,-4.0,-6.0,,,0.0,0.0,100.0,NotFound,52.0,,Found,Found,225.0,,427.0,507.0,,,,,,,,Found,Found,,chrome 63.0,,,,F,F,T,T,desktop,Windows
3083998,-5.0,121065.0,0.0,-9.0,2.0,-28.0,,,0.0,-9.0,100.0,NotFound,52.0,,Found,Found,225.0,,176.0,507.0,,,,,,,,Found,Found,,chrome 63.0,,,,F,F,T,T,desktop,
3089786,-5.0,70264.0,,,2.0,-21.0,,,,,100.0,NotFound,49.0,-300.0,New,NotFound,166.0,13.0,410.0,600.0,,,,,,,,New,NotFound,iOS 11.2.1,mobile safari 11.0,32.0,1334x750,match_status:1,T,F,F,F,mobile,iOS Device
3084064,0.0,204525.0,,,-3.0,-100.0,,,,,100.0,NotFound,,,New,NotFound,225.0,15.0,417.0,507.0,,,,,,,,New,NotFound,,chrome 63.0 for android,,,,F,F,T,T,mobile,G3223 Build/42.0.A.4.101
3084209,-5.0,240910.0,0.0,-9.0,4.0,-28.0,,,0.0,-9.0,100.0,NotFound,52.0,,Found,Found,225.0,,176.0,507.0,,,,,,,,Found,Found,,chrome 63.0,,,,F,F,T,T,desktop,
3084112,-5.0,109326.0,0.0,-9.0,2.0,-28.0,,,0.0,-9.0,100.0,NotFound,52.0,,Found,Found,225.0,,176.0,507.0,,,,,,,,Found,Found,,chrome 63.0,,,,F,F,T,T,desktop,
3084149,-20.0,170641.0,,,0.0,0.0,,,,,100.0,NotFound,52.0,,New,NotFound,225.0,,266.0,566.0,,,,,,,,New,NotFound,,chrome 63.0,,,,F,F,T,T,desktop,Windows
3084094,-5.0,218207.0,,,0.0,0.0,,,,,100.0,NotFound,52.0,,New,NotFound,225.0,,153.0,325.0,,,,,,,,New,NotFound,,chrome 62.0,,,,F,F,T,T,desktop,Windows
3084252,0.0,241785.0,,,0.0,0.0,,,,,100.0,NotFound,,,New,NotFound,225.0,,427.0,305.0,,,,,,,,New,NotFound,,chrome 63.0 for android,,,,F,F,T,T,mobile,F3213 Build/36.1.A.1.86
3084229,0.0,119603.0,,,0.0,0.0,,,,,100.0,NotFound,20.0,,New,NotFound,225.0,,427.0,507.0,,,,,,,,New,NotFound,,chrome 62.0,,,,F,F,T,T,desktop,
3084237,0.0,124554.0,0.0,0.0,0.0,0.0,,,0.0,0.0,100.0,NotFound,20.0,,Found,Found,225.0,,266.0,325.0,,,,,,,,Found,Found,,chrome 63.0 for android,,,,F,F,T,T,mobile,SM-T710 Build/NRD90M
3084473,-5.0,76244.0,0.0,0.0,0.0,0.0,,,0.0,0.0,100.0,NotFound,52.0,,Found,Found,225.0,,266.0,507.0,,,,,,,,Found,Found,,chrome 63.0,,,,F,F,T,T,desktop,
3084329,-5.0,140787.0,0.0,0.0,3.0,0.0,,,0.0,0.0,100.0,NotFound,52.0,,Found,Found,225.0,,574.0,507.0,,,,,,,,Found,Found,,chrome 63.0,,,,F,F,T,T,desktop,
3084550,-5.0,149669.0,0.0,0.0,0.0,0.0,,,0.0,0.0,100.0,NotFound,52.0,,Found,Found,225.0,,266.0,384.0,,,,,,,,Found,Found,,chrome 63.0,,,,F,F,T,T,desktop,Windows
3090208,-10.0,129788.0,,,0.0,0.0,,,,,100.0,NotFound,52.0,,New,NotFound,225.0,,176.0,507.0,,,,,,,,New,NotFound,,chrome 63.0,,,,F,F,T,T,desktop,Windows
3084561,-5.0,225074.0,,,0.0,-5.0,,,,,100.0,NotFound,52.0,,New,NotFound,225.0,,176.0,507.0,,,,,,,,New,NotFound,,chrome 63.0,,,,F,F,T,T,desktop,Windows
3084483,-20.0,200115.0,,,0.0,0.0,,,,,100.0,NotFound,52.0,,New,NotFound,225.0,,266.0,325.0,,,,,,,,New,NotFound,,chrome 63.0,,,,F,F,T,T,desktop,Windows
3084630,-5.0,360484.0,,,0.0,0.0,,,,,100.0,NotFound,52.0,,New,NotFound,225.0,,153.0,325.0,,,,,,,,New,NotFound,,chrome 63.0,,,,F,F,T,T,desktop,Windows
3084606,-20.0,322362.0,0.0,0.0,0.0,0.0,,,0.0,0.0,100.0,NotFound,52.0,,Found,Found,225.0,,266.0,325.0,,,,,,,,Found,Found,,chrome 63.0,,,,F,F,T,T,desktop,Windows
3090419,-15.0,64464.0,,,,,15.0,-100.0,2.0,-11.0,97.66999816894533,NotFound,52.0,-300.0,New,NotFound,,,,,599.0,14.0,IP_PROXY:ANONYMOUS,11.0,205.0,184.0,Found,Found,Found,Windows 7,ie 11.0 for desktop,24.0,3440x1440,match_status:2,T,F,T,T,desktop,rv:11.0
3096556,-10.0,179886.0,0.0,0.0,2.0,-5.0,,,0.0,0.0,100.0,Found,52.0,-360.0,Found,Found,166.0,13.0,216.0,214.0,,,,,,,,Found,Found,Windows 7,ie 11.0 for desktop,24.0,1024x768,match_status:2,T,F,T,T,desktop,MDDRJS
3084709,-5.0,175915.0,,,0.0,0.0,,,,,100.0,NotFound,52.0,,Found,NotFound,225.0,,266.0,595.0,,,,,,,,Found,NotFound,,ie 11.0 for desktop,,,,F,F,T,T,desktop,rv:11.0
3084617,-5.0,167512.0,0.0,0.0,0.0,-6.0,,,0.0,0.0,100.0,NotFound,52.0,,Found,Found,225.0,15.0,176.0,507.0,,,,,,,,Found,Found,,chrome 63.0,,,,F,F,T,T,desktop,Windows
3084828,0.0,114394.0,0.0,0.0,0.0,0.0,,,0.0,0.0,100.0,NotFound,,,Found,Found,225.0,,266.0,305.0,,,,,,,,Found,Found,,chrome 62.0 for android,,,,F,F,T,T,mobile,Hisense F23 Build/NRD90M
3084876,0.0,219119.0,0.0,0.0,0.0,0.0,,,0.0,0.0,100.0,NotFound,43.0,,Found,Found,225.0,,266.0,305.0,,,,,,,,Found,Found,,chrome 62.0 for android,,,,F,F,T,T,mobile,Hisense F23 Build/NRD90M
3079253,-5.0,63795.0,,,20.0,0.0,,,,,100.0,NotFound,49.0,-420.0,New,NotFound,166.0,,432.0,214.0,,,,,,,,New,NotFound,iOS 11.1.1,mobile safari 11.0,32.0,2436x1125,match_status:1,T,F,F,T,mobile,iOS Device
3084776,0.0,137797.0,0.0,0.0,0.0,0.0,,,0.0,0.0,100.0,NotFound,20.0,,Found,Found,225.0,,266.0,305.0,,,,,,,,Found,Found,,chrome 62.0 for android,,,,F,F,T,T,mobile,Hisense F23 Build/NRD90M
3084805,-5.0,150918.0,0.0,0.0,0.0,0.0,,,0.0,0.0,100.0,NotFound,52.0,,Found,Found,225.0,,427.0,469.0,,,,,,,,Found,Found,,chrome 63.0,,,,F,F,T,T,desktop,Windows
3096635,-5.0,96686.0,,,12.0,0.0,,,,,100.0,NotFound,49.0,-360.0,New,NotFound,166.0,,432.0,214.0,,,,,,,,New,NotFound,iOS 11.2.1,mobile safari generic,32.0,2208x1242,match_status:2,T,F,T,F,mobile,iOS Device
3084935,-5.0,258705.0,0.0,0.0,0.0,0.0,,,0.0,0.0,100.0,NotFound,49.0,-360.0,Found,Found,225.0,,266.0,315.0,,,,,,,,Found,Found,,chrome 49.0,,,,F,T,T,F,desktop,
3090769,0.0,29261.0,0.0,0.0,0.0,0.0,,,0.0,0.0,100.0,NotFound,,-300.0,Found,Found,166.0,,529.0,549.0,,,,,,,,Found,Found,Mac OS X 10_12_6,chrome 63.0,24.0,2880x1800,match_status:2,T,F,T,T,desktop,MacOS
3084923,0.0,147645.0,0.0,0.0,3.0,-11.0,,,0.0,0.0,100.0,NotFound,20.0,,Found,Found,225.0,,266.0,507.0,,,,,,,,Found,Found,,mobile safari 11.0,,,,F,F,T,T,mobile,
3084952,0.0,201824.0,,,0.0,0.0,,,,,100.0,NotFound,,,New,NotFound,225.0,,384.0,507.0,,,,,,,,New,NotFound,,chrome 63.0 for android,,,,F,F,T,T,mobile,Lenovo K33b36 Build/MMB29M
3084977,0.0,395661.0,,,0.0,-1.0,,,,,100.0,NotFound,,,New,NotFound,225.0,,254.0,507.0,,,,,,,,New,NotFound,,chrome 63.0,,,,F,F,T,T,desktop,
3084863,-5.0,138931.0,,,0.0,-9.0,,,,,100.0,NotFound,52.0,,New,NotFound,225.0,,176.0,507.0,,,,,,,,New,NotFound,,chrome 63.0,,,,F,F,T,T,desktop,Windows
3085010,-20.0,269826.0,,,2.0,0.0,,,,,100.0,NotFound,49.0,,Unknown,,225.0,,484.0,507.0,,,,,,,,New,NotFound,,android webview 4.0,,,,F,F,F,T,mobile,Moto E (4) Build/NMA26.42-69
3084991,-5.0,277642.0,0.0,0.0,0.0,0.0,,,0.0,0.0,100.0,NotFound,52.0,,Found,Found,225.0,,290.0,401.0,,,,,,,,Found,Found,,chrome 63.0,,,,F,F,T,T,desktop,Windows
3084992,-5.0,93240.0,0.0,0.0,0.0,0.0,,,0.0,0.0,100.0,NotFound,52.0,,Found,Found,225.0,,290.0,401.0,,,,,,,,Found,Found,,chrome 63.0,,,,F,F,T,T,desktop,Windows
3096883,-5.0,149883.0,,,23.0,-14.0,,,,,100.0,NotFound,52.0,-360.0,New,NotFound,166.0,13.0,410.0,214.0,,,,,,,,New,NotFound,Windows 10,chrome 63.0,24.0,1920x1080,match_status:2,T,F,T,F,desktop,Windows
3085041,0.0,340201.0,,,-8.0,-11.0,,,,,100.0,NotFound,,,New,NotFound,225.0,15.0,345.0,507.0,,,,,,,,New,NotFound,,chrome 63.0 for android,,,,F,F,T,T,mobile,XT1563 Build/MPD24.107-52
3085127,0.0,103637.0,0.0,0.0,-5.0,-11.0,,,0.0,0.0,100.0,NotFound,,,Found,Found,225.0,15.0,345.0,507.0,,,,,,,,Found,Found,,chrome 63.0 for android,,,,F,F,T,T,mobile,XT1563 Build/MPD24.107-52
3085196,0.0,175577.0,0.0,0.0,-7.0,-11.0,,,0.0,0.0,100.0,NotFound,43.0,,Found,Found,225.0,15.0,345.0,507.0,,,,,,,,Found,Found,,chrome 63.0 for android,,,,F,F,T,T,mobile,XT1563 Build/MPD24.107-52
3097116,-5.0,64639.0,,,0.0,0.0,,,0.0,0.0,100.0,Found,49.0,-300.0,New,NotFound,166.0,,410.0,484.0,,,,,,,,Found,Found,iOS 11.2.1,mobile safari 11.0,32.0,1334x750,match_status:1,T,F,F,F,mobile,iOS Device
3085224,-20.0,391959.0,,,0.0,-4.0,,,,,100.0,NotFound,52.0,,New,NotFound,225.0,,266.0,325.0,,,,,,,,New,NotFound,,chrome 63.0,,,,F,F,T,T,desktop,Windows
3091131,-5.0,145241.0,0.0,0.0,0.0,0.0,,,0.0,0.0,100.0,NotFound,49.0,-300.0,Found,Found,166.0,,529.0,549.0,,,,,,,,Found,Found,Mac OS X 10_12_6,safari generic,24.0,2880x1800,match_status:2,T,F,T,F,desktop,MacOS
3085236,-15.0,229234.0,,,0.0,0.0,,,,,100.0,NotFound,35.0,,New,NotFound,225.0,,266.0,610.0,,,,,,,,New,NotFound,,chrome 63.0 for android,,,,F,F,T,T,mobile,Studio
3085285,-5.0,387380.0,,,0.0,-8.0,,,0.0,0.0,96.66999816894533,NotFound,52.0,,New,NotFound,225.0,,266.0,417.0,,,,,,,,Found,Found,,chrome 63.0,,,,F,F,T,T,desktop,Windows
3091208,-5.0,259399.0,,,0.0,0.0,,,,,100.0,NotFound,52.0,-300.0,New,NotFound,166.0,,542.0,600.0,,,,,,,,New,NotFound,Windows 7,firefox 57.0,24.0,1920x1080,match_status:2,T,F,T,T,desktop,rv:57.0
3085338,-15.0,,,,,,,,,,,NotFound,20.0,,,,,,,,,,,,,,,,,,,,,,,,,,,
3091325,-5.0,164974.0,,,0.0,-3.0,,,,,100.0,NotFound,49.0,-300.0,New,NotFound,166.0,,390.0,549.0,,,,,,,,New,NotFound,Mac OS X 10_11_5,safari generic,24.0,1920x1080,match_status:2,T,T,F,T,desktop,MacOS
3097357,-5.0,39598.0,,,0.0,0.0,,,,,100.0,NotFound,52.0,-360.0,New,NotFound,166.0,13.0,312.0,214.0,,,,,,,,New,NotFound,Windows 10,edge 16.0,24.0,1920x1200,match_status:2,T,F,T,T,desktop,Windows
3085405,-5.0,103691.0,0.0,0.0,0.0,0.0,,,0.0,0.0,100.0,NotFound,52.0,,Found,Found,225.0,,266.0,384.0,,,,,,,,Found,Found,,chrome 63.0,,,,F,F,T,T,desktop,Windows
3085554,-5.0,178204.0,0.0,0.0,0.0,-7.0,,,0.0,0.0,100.0,NotFound,52.0,,Found,Found,225.0,,254.0,507.0,,,,,,,,Found,Found,,chrome 63.0,,,,F,F,T,T,desktop,Windows
3085478,-20.0,133837.0,0.0,0.0,0.0,0.0,,,0.0,0.0,100.0,NotFound,52.0,,Found,Found,225.0,,417.0,507.0,,,,,,,,Found,Found,,chrome 63.0,,,,F,F,T,T,desktop,Windows
3085563,-5.0,166298.0,,,3.0,0.0,,,0.0,0.0,95.08000183105467,NotFound,52.0,,New,NotFound,225.0,,574.0,507.0,,,,,,,,Found,Found,,chrome 63.0,,,,F,F,T,T,desktop,
3085652,-5.0,338730.0,,,0.0,0.0,,,,,100.0,NotFound,52.0,,New,NotFound,225.0,,266.0,497.0,,,,,,,,New,NotFound,,chrome 63.0,,,,F,F,T,T,desktop,
3085753,-20.0,345496.0,,,-9.0,-36.0,,,0.0,0.0,96.72000122070312,NotFound,52.0,,New,NotFound,225.0,,176.0,507.0,,,,,,,,Found,Found,,chrome 63.0,,,,F,F,T,T,desktop,Windows
3080252,-5.0,81443.0,,,0.0,0.0,,,,,100.0,NotFound,49.0,-360.0,New,NotFound,166.0,,621.0,611.0,,,,,,,,New,NotFound,Mac OS X 10_12_6,safari generic,24.0,1440x900,match_status:2,T,F,F,F,desktop,MacOS
3085870,-35.0,79265.0,,,-2.0,-100.0,,,,,100.0,NotFound,49.0,,Unknown,,225.0,15.0,266.0,563.0,,,,,,,,New,NotFound,,mobile safari 11.0,,,,F,F,F,T,mobile,
3097870,0.0,180046.0,0.0,0.0,0.0,0.0,,,0.0,0.0,100.0,NotFound,,-360.0,Found,Found,166.0,,312.0,214.0,,,,,,,,Found,Found,Mac OS X 10_9_5,chrome 63.0,24.0,2560x1600,match_status:2,T,F,T,T,desktop,MacOS
3085943,-5.0,146449.0,,,0.0,0.0,,,,,100.0,NotFound,52.0,,New,NotFound,225.0,,607.0,507.0,,,,,,,,New,NotFound,,chrome 63.0,,,,F,F,T,T,desktop,Windows
3085912,0.0,220307.0,,,0.0,-9.0,,,,,100.0,NotFound,,-360.0,New,NotFound,225.0,,176.0,507.0,,,,,,,,New,NotFound,,ie 11.0 for desktop,,,,F,T,T,T,desktop,Trident/7.0
3086004,-5.0,239286.0,0.0,0.0,0.0,0.0,,,0.0,0.0,100.0,NotFound,52.0,,Found,Found,225.0,,607.0,507.0,,,,,,,,Found,Found,,chrome 63.0,,,,F,F,T,T,desktop,Windows
3091950,-5.0,169857.0,,,0.0,-15.0,,,,,100.0,NotFound,49.0,-420.0,New,NotFound,166.0,15.0,352.0,472.0,,,,,,,,New,NotFound,iOS 11.2.1,mobile safari 11.0,32.0,2436x1125,match_status:1,T,F,F,F,mobile,iOS Device
3086037,-5.0,164444.0,0.0,0.0,0.0,0.0,,,0.0,0.0,100.0,NotFound,52.0,,Found,Found,225.0,,607.0,507.0,,,,,,,,Found,Found,,chrome 63.0,,,,F,F,T,T,desktop,Windows
3085923,0.0,131481.0,,,-4.0,-19.0,,,,,100.0,NotFound,20.0,,New,NotFound,225.0,15.0,417.0,507.0,,,,,,,,New,NotFound,,chrome 63.0 for android,,,,F,F,T,T,mobile,SM-A720F Build/NRD90M
3085968,-5.0,125203.0,0.0,0.0,0.0,0.0,,,0.0,0.0,100.0,NotFound,52.0,,Found,Found,225.0,,607.0,507.0,,,,,,,,Found,Found,,chrome 63.0,,,,F,F,T,T,desktop,Windows
3085931,-20.0,230161.0,,,0.0,0.0,,,,,100.0,NotFound,52.0,,New,NotFound,225.0,,266.0,401.0,,,,,,,,New,NotFound,,chrome 63.0,,,,F,F,T,T,desktop,
3086058,-10.0,91765.0,0.0,0.0,0.0,0.0,,,0.0,0.0,100.0,NotFound,52.0,,Found,Found,225.0,,607.0,507.0,,,,,,,,Found,Found,,chrome 63.0,,,,F,F,T,T,desktop,Windows
3086123,-20.0,67563.0,,,-5.0,-5.0,,,,,100.0,NotFound,49.0,,Unknown,,225.0,,345.0,507.0,,,,,,,,New,NotFound,,mobile safari 11.0,,,,F,F,F,T,mobile,
3097999,0.0,82736.0,,,1.0,0.0,,,,,100.0,NotFound,,-300.0,Found,NotFound,166.0,15.0,390.0,549.0,,,,,,,,Found,NotFound,Mac OS X 10_11_6,chrome 63.0,24.0,2880x1800,match_status:2,T,F,T,T,desktop,MacOS
3085992,-20.0,97924.0,0.0,0.0,0.0,0.0,,,0.0,0.0,100.0,NotFound,52.0,,Found,Found,225.0,,266.0,401.0,,,,,,,,Found,Found,,chrome 63.0,,,,F,F,T,T,desktop,
3086047,-5.0,130467.0,,,0.0,-1.0,,,,,100.0,NotFound,52.0,,New,NotFound,225.0,,176.0,507.0,,,,,,,,New,NotFound,,chrome 63.0,,,,F,F,T,T,desktop,Windows
3086106,0.0,236370.0,,,-2.0,-8.0,,,,,100.0,NotFound,,,New,NotFound,225.0,,345.0,507.0,,,,,,,,New,NotFound,,chrome 56.0 for android,,,,F,F,T,T,mobile,Moto C Build/NRD90M.046
3086297,-5.0,138104.0,,,0.0,0.0,,,,,100.0,NotFound,52.0,,New,NotFound,225.0,,266.0,595.0,,,,,,,,New,NotFound,,chrome 63.0,,,,F,F,T,T,desktop,Windows
3086239,-5.0,53825.0,0.0,0.0,4.0,0.0,,,0.0,0.0,100.0,NotFound,52.0,,Found,Found,225.0,,574.0,507.0,,,,,,,,Found,Found,,chrome 63.0,,,,F,F,T,T,desktop,
3086433,-40.0,157861.0,,,0.0,0.0,,,,,100.0,NotFound,20.0,,New,NotFound,225.0,15.0,254.0,507.0,,,,,,,,New,NotFound,,chrome 60.0 for android,,,,F,F,T,T,mobile,HUAWEI VNS-L53 Build/HUAWEIVNS-L53
3092325,-5.0,149695.0,,,0.0,0.0,,,,,100.0,NotFound,49.0,-300.0,New,NotFound,166.0,,390.0,549.0,,,,,,,,New,NotFound,iOS 11.2.1,mobile safari 11.0,32.0,1334x750,match_status:1,T,F,F,T,mobile,iOS Device
3092401,-5.0,40584.0,0.0,0.0,0.0,0.0,,,0.0,0.0,100.0,Found,49.0,-300.0,Found,Found,166.0,,390.0,549.0,,,,,,,,Found,Found,iOS 11.2.1,mobile safari 11.0,32.0,1334x750,match_status:1,T,F,F,T,mobile,iOS Device
3086321,-5.0,197059.0,,,0.0,0.0,,,,,100.0,NotFound,52.0,,New,NotFound,225.0,,266.0,541.0,,,,,,,,New,NotFound,,chrome 63.0,,,,F,F,T,T,desktop,
3086482,-5.0,242886.0,,,0.0,0.0,,,,,100.0,NotFound,52.0,,New,NotFound,225.0,,427.0,541.0,,,,,,,,New,NotFound,,chrome 63.0,,,,F,F,T,T,desktop,Windows
3086492,-20.0,259520.0,,,0.0,0.0,,,,,100.0,NotFound,49.0,,Unknown,,225.0,,427.0,541.0,,,,,,,,New,NotFound,,mobile safari 11.0,,,,F,F,F,T,mobile,
3092462,-5.0,179027.0,,,0.0,0.0,,,,,100.0,NotFound,52.0,-300.0,New,NotFound,166.0,,390.0,549.0,,,,,,,,New,NotFound,Windows 10,firefox 57.0,24.0,,match_status:2,T,F,T,T,desktop,Windows
3086652,0.0,381682.0,0.0,0.0,11.0,-26.0,,,0.0,0.0,100.0,NotFound,43.0,,Found,Found,225.0,15.0,417.0,507.0,,,,,,,,Found,Found,,chrome 63.0 for android,,,,F,F,T,T,mobile,F5121 Build/34.3.A.0.252
3092620,-5.0,946757.0,0.0,0.0,0.0,0.0,,,0.0,0.0,100.0,Found,52.0,-300.0,Found,Found,166.0,,100.0,549.0,,,,,,,,Found,Found,Windows 10,chrome 63.0,24.0,1600x900,match_status:2,T,F,T,F,desktop,Windows
3098788,0.0,22070.0,0.0,0.0,0.0,-10.0,,,0.0,0.0,100.0,NotFound,,-360.0,Found,Found,166.0,,529.0,214.0,,,,,,,,Found,Found,Android 7.1.1,samsung browser 6.2,32.0,,match_status:2,T,F,T,T,mobile,SAMSUNG SM-N950U Build/NMF26X
3092815,0.0,22205.0,,,0.0,0.0,,,0.0,0.0,97.8499984741211,NotFound,,-300.0,New,NotFound,166.0,,390.0,549.0,,,,,,,,Found,Found,Android 6.0.1,chrome 63.0 for android,32.0,1920x1080,match_status:2,T,F,T,T,mobile,Z981 Build/MMB29M
3092823,0.0,38617.0,0.0,0.0,0.0,0.0,,,0.0,0.0,100.0,Found,,-300.0,Found,Found,166.0,,390.0,549.0,,,,,,,,Found,Found,Android 6.0.1,chrome 63.0 for android,32.0,1920x1080,match_status:2,T,F,T,T,mobile,Z981 Build/MMB29M
3092746,0.0,23751.0,0.0,0.0,0.0,0.0,,,0.0,0.0,100.0,Found,,-300.0,Found,Found,166.0,,390.0,549.0,,,,,,,,Found,Found,Android 6.0.1,chrome 63.0 for android,32.0,1920x1080,match_status:2,T,F,T,T,mobile,Z981 Build/MMB29M
3092706,0.0,41857.0,0.0,0.0,0.0,0.0,,,0.0,0.0,100.0,Found,,-300.0,Found,Found,166.0,,390.0,549.0,,,,,,,,Found,Found,Android 6.0.1,chrome 63.0 for android,32.0,1920x1080,match_status:2,T,F,T,T,mobile,Z981 Build/MMB29M
3092749,-5.0,210239.0,0.0,0.0,0.0,0.0,,,0.0,0.0,100.0,Found,24.0,-300.0,Found,Found,166.0,,390.0,549.0,,,,,,,,Found,Found,Android 6.0.1,chrome 63.0 for android,32.0,1920x1080,match_status:2,T,F,T,T,mobile,Z981 Build/MMB29M
3086887,-5.0,247007.0,,,0.0,0.0,,,,,100.0,NotFound,52.0,,New,NotFound,225.0,,254.0,507.0,,,,,,,,New,NotFound,,chrome 63.0,,,,F,F,T,T,desktop,Windows
3086899,-5.0,34075.0,0.0,0.0,0.0,0.0,,,0.0,0.0,100.0,NotFound,52.0,,Found,Found,225.0,,254.0,507.0,,,,,,,,Found,Found,,chrome 63.0,,,,F,F,T,T,desktop,Windows
3086994,-5.0,71112.0,0.0,0.0,0.0,0.0,,,0.0,0.0,100.0,NotFound,52.0,,Found,Found,225.0,,254.0,507.0,,,,,,,,Found,Found,,chrome 63.0,,,,F,F,T,T,desktop,Windows
3087033,0.0,146314.0,,,0.0,-10.0,,,,,100.0,NotFound,20.0,,New,NotFound,225.0,15.0,254.0,507.0,,,,,,,,New,NotFound,,chrome 63.0 for android,,,,F,F,T,T,mobile,D5803 Build/23.5.A.1.291
3086976,-10.0,50900.0,0.0,0.0,0.0,0.0,,,0.0,0.0,100.0,NotFound,52.0,,Found,Found,225.0,,254.0,507.0,,,,,,,,Found,Found,,chrome 63.0,,,,F,F,T,T,desktop,Windows
3086995,0.0,98334.0,,,3.0,-21.0,,,,,100.0,NotFound,20.0,,New,NotFound,225.0,15.0,417.0,507.0,,,,,,,,New,NotFound,,chrome 62.0 for android,,,,F,F,T,T,mobile,LG-H650 Build/MRA58K
3087002,-20.0,135882.0,,,0.0,0.0,,,,,100.0,NotFound,49.0,,Unknown,,225.0,,266.0,507.0,,,,,,,,New,NotFound,,mobile safari 11.0,,,,F,F,F,T,mobile,
3087049,0.0,121905.0,0.0,0.0,5.0,-29.0,,,0.0,0.0,100.0,NotFound,20.0,,Found,Found,225.0,15.0,266.0,507.0,,,,,,,,Found,Found,,chrome 63.0 for android,,,,F,F,T,T,mobile,SM-J700M Build/MMB29K
3087043,0.0,110605.0,0.0,0.0,5.0,-29.0,,,0.0,0.0,100.0,NotFound,20.0,,Found,Found,225.0,15.0,266.0,507.0,,,,,,,,Found,Found,,chrome 63.0 for android,,,,F,F,T,T,mobile,SM-J700M Build/MMB29K
3087114,-40.0,119759.0,,,0.0,0.0,,,,,100.0,NotFound,20.0,,New,NotFound,225.0,,266.0,507.0,,,,,,,,New,NotFound,,chrome 63.0 for android,,,,F,F,T,T,mobile,ALE-L23 Build/HuaweiALE-L23
3087170,-5.0,89152.0,0.0,0.0,0.0,0.0,,,0.0,0.0,100.0,NotFound,52.0,,Found,Found,225.0,,271.0,507.0,,,,,,,,Found,Found,,chrome 63.0,,,,F,F,T,T,desktop,
3087276,-15.0,119076.0,,,0.0,0.0,,,,,100.0,NotFound,20.0,,New,NotFound,225.0,,153.0,411.0,,,,,,,,New,NotFound,,chrome 63.0 for android,,,,F,F,T,T,mobile,Moto X Play Build/NPD26.48-24-1
3087210,-20.0,127107.0,,,0.0,0.0,,,,,100.0,NotFound,49.0,,Unknown,,225.0,,266.0,315.0,,,,,,,,New,NotFound,,mobile safari 11.0,,,,F,F,F,T,mobile,
3081583,-5.0,186808.0,0.0,0.0,0.0,0.0,,,0.0,0.0,100.0,NotFound,52.0,-300.0,Found,Found,166.0,,542.0,533.0,,,,,,,,Found,Found,Windows 7,firefox 57.0,24.0,1600x900,match_status:2,T,F,T,F,desktop,Windows
3087233,-5.0,355724.0,,,0.0,0.0,,,,,100.0,NotFound,52.0,,New,NotFound,225.0,,266.0,595.0,,,,,,,,New,NotFound,,chrome 63.0,,,,F,F,T,T,desktop,
3087309,-5.0,116749.0,,,2.0,0.0,,,,,100.0,NotFound,52.0,,New,NotFound,225.0,,607.0,561.0,,,,,,,,New,NotFound,,chrome 63.0,,,,F,F,T,T,desktop,Windows
3099197,0.0,57230.0,,,0.0,0.0,,,,,100.0,NotFound,,-360.0,New,NotFound,166.0,15.0,410.0,214.0,,,,,,,,New,NotFound,Android 7.0,chrome 63.0 for android,32.0,1920x1080,match_status:2,T,F,T,T,mobile,SAMSUNG-SM-G930A Build/NRD90M
3087351,-15.0,110127.0,0.0,0.0,0.0,0.0,,,0.0,0.0,100.0,NotFound,20.0,,Found,Found,225.0,,153.0,411.0,,,,,,,,Found,Found,,chrome 63.0 for android,,,,F,F,T,T,mobile,Moto X Play Build/NPD26.48-24-1
3087386,-35.0,347815.0,,,0.0,0.0,,,,,100.0,NotFound,49.0,,Unknown,,225.0,,266.0,325.0,,,,,,,,New,NotFound,,mobile safari 10.0,,,,F,F,F,T,mobile,
3087450,0.0,211649.0,,,0.0,0.0,,,,,100.0,NotFound,20.0,,New,NotFound,225.0,,153.0,325.0,,,,,,,,New,NotFound,,chrome 63.0 for android,,,,F,F,T,T,mobile,Hisense F20 Build/MMB29M
3087555,-5.0,186369.0,,,0.0,0.0,,,,,100.0,NotFound,52.0,,New,NotFound,225.0,,266.0,507.0,,,,,,,,New,NotFound,,chrome 63.0,,,,F,F,T,T,desktop,Windows
3087571,-5.0,56361.0,0.0,0.0,0.0,0.0,,,0.0,0.0,100.0,NotFound,52.0,,Found,Found,225.0,,266.0,507.0,,,,,,,,Found,Found,,chrome 63.0,,,,F,F,T,T,desktop,Windows
3087535,-5.0,109622.0,0.0,0.0,0.0,-1.0,,,0.0,0.0,100.0,NotFound,52.0,,Found,Found,225.0,,254.0,507.0,,,,,,,,Found,Found,,chrome 63.0,,,,F,F,T,T,desktop,Windows
3099423,0.0,82199.0,,,0.0,0.0,,,,,100.0,NotFound,20.0,,New,NotFound,166.0,,615.0,214.0,,,,,,,,New,NotFound,,mobile safari 11.0,,,,F,F,T,T,mobile,
3087616,-25.0,108273.0,,,0.0,0.0,,,,,100.0,NotFound,63.0,,Unknown,,225.0,,266.0,325.0,,,,,,,,New,NotFound,,firefox 57.0,,,,F,F,F,T,desktop,Windows
3087654,-5.0,191942.0,,,0.0,0.0,,,,,100.0,NotFound,52.0,,New,NotFound,225.0,,484.0,507.0,,,,,,,,New,NotFound,,chrome 63.0,,,,F,F,T,T,desktop,Windows
3087718,-5.0,120137.0,,,0.0,0.0,,,,,100.0,NotFound,52.0,,New,NotFound,225.0,,427.0,507.0,,,,,,,,New,NotFound,,chrome generic,,,,F,F,T,T,desktop,Windows
3087653,-15.0,185518.0,0.0,0.0,0.0,0.0,,,0.0,0.0,100.0,NotFound,20.0,,Found,Found,225.0,,153.0,411.0,,,,,,,,Found,Found,,chrome 63.0 for android,,,,F,F,T,T,mobile,Moto X Play Build/NPD26.48-24-1
3087684,-5.0,187687.0,,,0.0,0.0,,,,,100.0,NotFound,52.0,,New,NotFound,225.0,,266.0,325.0,,,,,,,,New,NotFound,,opera 49.0,,,,F,F,T,T,desktop,Windows
3087716,-20.0,112180.0,,,,,,,,,100.0,NotFound,52.0,,New,NotFound,225.0,,427.0,507.0,,,,,,,,New,NotFound,,firefox 57.0,,,,F,F,T,T,desktop,Windows
3087662,-5.0,122355.0,0.0,0.0,0.0,0.0,,,0.0,0.0,100.0,NotFound,52.0,,Found,Found,225.0,,266.0,325.0,,,,,,,,Found,Found,,opera 49.0,,,,F,F,T,T,desktop,Windows
3087762,-5.0,59070.0,0.0,0.0,0.0,0.0,,,0.0,0.0,100.0,NotFound,52.0,,Found,Found,225.0,,266.0,325.0,,,,,,,,Found,Found,,opera 49.0,,,,F,F,T,T,desktop,Windows
3087709,-5.0,82917.0,0.0,0.0,0.0,0.0,,,0.0,0.0,100.0,NotFound,52.0,,Found,Found,225.0,,266.0,325.0,,,,,,,,Found,Found,,opera 49.0,,,,F,F,T,T,desktop,Windows
3087690,0.0,170294.0,,,0.0,0.0,,,,,100.0,NotFound,,-360.0,New,NotFound,225.0,,254.0,507.0,,,,,,,,New,NotFound,,ie 11.0 for desktop,,,,F,T,T,T,desktop,Trident/7.0
3087707,-15.0,209619.0,,,8.0,-30.0,,,,,100.0,NotFound,35.0,,New,NotFound,225.0,15.0,266.0,507.0,,,,,,,,New,NotFound,,chrome generic,,,,F,F,T,T,mobile,Moto G (5S
3087696,-10.0,218809.0,0.0,0.0,0.0,0.0,,,0.0,0.0,100.0,NotFound,52.0,,Found,Found,225.0,,266.0,325.0,,,,,,,,Found,Found,,opera 49.0,,,,F,F,T,T,desktop,Windows
3087763,-5.0,286208.0,,,0.0,0.0,,,,,100.0,NotFound,52.0,,New,NotFound,225.0,,153.0,325.0,,,,,,,,New,NotFound,,chrome 63.0,,,,F,F,T,T,desktop,Windows
3087722,-5.0,125847.0,,,0.0,0.0,,,0.0,0.0,95.08000183105467,NotFound,52.0,,New,NotFound,225.0,,266.0,325.0,,,,,,,,Found,Found,,firefox 57.0,,,,F,F,T,T,desktop,Windows
3087755,0.0,389110.0,,,0.0,0.0,,,,,100.0,NotFound,,,New,NotFound,225.0,,266.0,325.0,,,,,,,,New,NotFound,,chrome 55.0 for android,,,,F,F,T,T,mobile,LG-D693n Build/LRX22G
3087757,-5.0,279939.0,,,0.0,0.0,,,,,100.0,NotFound,52.0,,New,NotFound,225.0,,574.0,507.0,,,,,,,,New,NotFound,,chrome 63.0,,,,F,F,T,T,desktop,Windows
3087821,-25.0,175052.0,,,1.0,0.0,,,0.0,0.0,95.08000183105467,NotFound,63.0,,Unknown,,225.0,,271.0,507.0,,,,,,,,Found,Found,,firefox 57.0,,,,F,F,F,T,desktop,Windows
3087830,0.0,285500.0,0.0,0.0,1.0,-100.0,,,0.0,0.0,100.0,NotFound,,,Found,Found,225.0,13.0,417.0,507.0,,,,,,,,Found,Found,,safari generic,,,,F,F,T,T,desktop,
3087842,-20.0,203332.0,,,0.0,0.0,,,,,100.0,NotFound,49.0,,Unknown,,225.0,,254.0,507.0,,,,,,,,New,NotFound,,mobile safari 11.0,,,,F,F,F,T,mobile,
3087803,-20.0,250210.0,,,0.0,0.0,,,,,100.0,NotFound,49.0,,Unknown,,225.0,,484.0,507.0,,,,,,,,New,NotFound,,mobile safari 10.0,,,,F,F,F,T,mobile,
3087851,0.0,97234.0,0.0,0.0,0.0,0.0,,,0.0,0.0,100.0,NotFound,,,Found,Found,225.0,,254.0,507.0,,,,,,,,Found,Found,,chrome 63.0 for android,,,,F,F,T,T,mobile,SM-A300H Build/LRX22G
3087867,0.0,130857.0,,,1.0,0.0,,,,,100.0,NotFound,20.0,-360.0,New,NotFound,225.0,,484.0,507.0,,,,,,,,New,NotFound,,ie 11.0 for desktop,,,,F,T,T,T,desktop,Trident/7.0
3087859,-20.0,225524.0,,,1.0,-25.0,,,,,100.0,NotFound,49.0,,Unknown,,225.0,15.0,266.0,507.0,,,,,,,,New,NotFound,,mobile safari 9.0,,,,F,F,F,F,mobile,
3087863,-5.0,87243.0,,,0.0,0.0,,,,,100.0,NotFound,52.0,,New,NotFound,225.0,,153.0,325.0,,,,,,,,New,NotFound,,chrome 63.0,,,,F,F,T,T,desktop,Windows
3087899,-5.0,307995.0,,,3.0,0.0,,,,,100.0,NotFound,52.0,,New,NotFound,225.0,,290.0,401.0,,,,,,,,New,NotFound,,chrome 63.0,,,,F,F,T,T,desktop,Windows
3087880,0.0,233241.0,,,0.0,0.0,,,,,100.0,NotFound,,,New,NotFound,225.0,,266.0,507.0,,,,,,,,New,NotFound,,chrome 63.0 for android,,,,F,F,T,T,mobile,Hisense F20 Build/MMB29M
3087903,0.0,237680.0,,,-3.0,-34.0,,,,,100.0,NotFound,20.0,,New,NotFound,225.0,20.0,384.0,507.0,,,,,,,,New,NotFound,,chrome generic,,,,F,F,T,T,mobile,Moto E (4) Build/NMA26.42-19
3087896,-20.0,220273.0,,,-9.0,-10.0,,,,,100.0,NotFound,49.0,,Unknown,,225.0,15.0,345.0,507.0,,,,,,,,New,NotFound,,mobile safari 10.0,,,,F,F,F,T,mobile,
3087901,-20.0,177498.0,,,6.0,-29.0,,,,,100.0,NotFound,49.0,,Unknown,,225.0,13.0,266.0,563.0,,,,,,,,New,NotFound,,mobile safari 11.0,,,,F,F,F,T,mobile,
3087924,-20.0,460818.0,,,0.0,-11.0,,,,,100.0,NotFound,49.0,,Unknown,,225.0,,384.0,561.0,,,,,,,,New,NotFound,,mobile safari generic,,,,F,F,F,F,mobile,
3099850,-5.0,242725.0,0.0,0.0,0.0,0.0,,,0.0,0.0,100.0,NotFound,52.0,-360.0,Found,Found,166.0,,454.0,214.0,,,,,,,,Found,Found,Windows 10,chrome 63.0,24.0,,match_status:2,T,F,T,T,desktop,Windows
3099852,-5.0,243043.0,,,0.0,0.0,,,,,100.0,NotFound,49.0,-360.0,New,NotFound,166.0,,215.0,214.0,,,,,,,,New,NotFound,iOS 10.2.1,mobile safari 10.0,32.0,2048x1536,match_status:1,T,F,F,T,mobile,iOS Device
3087965,0.0,544805.0,,,0.0,0.0,,,,,100.0,NotFound,,,New,NotFound,225.0,,427.0,507.0,,,,,,,,New,NotFound,,chrome generic,,,,F,F,T,T,mobile,Moto E (4) Plus Build/NMA26.42-69
3088149,0.0,250217.0,,,4.0,-10.0,,,,,100.0,NotFound,20.0,,New,NotFound,225.0,15.0,417.0,507.0,,,,,,,,New,NotFound,,chrome 63.0 for android,,,,F,F,T,T,mobile,Lenovo K33b36 Build/MMB29M
3088141,-5.0,208201.0,,,0.0,0.0,,,,,100.0,NotFound,52.0,-300.0,New,NotFound,166.0,12.0,542.0,597.0,,,,,,,,New,NotFound,Windows 10,chrome 63.0,24.0,1920x1080,match_status:2,T,F,T,T,desktop,Windows
3088212,0.0,99956.0,0.0,0.0,4.0,-10.0,,,0.0,0.0,100.0,NotFound,20.0,,Found,Found,225.0,15.0,417.0,507.0,,,,,,,,Found,Found,,chrome 63.0 for android,,,,F,F,T,T,mobile,Lenovo K33b36 Build/MMB29M
3088175,0.0,250280.0,,,0.0,0.0,,,,,100.0,NotFound,20.0,,New,NotFound,225.0,15.0,254.0,507.0,,,,,,,,New,NotFound,,chrome 63.0,,,,F,F,T,T,desktop,
3088250,0.0,336886.0,0.0,0.0,3.0,-10.0,,,0.0,0.0,100.0,NotFound,43.0,,Found,Found,225.0,15.0,417.0,507.0,,,,,,,,Found,Found,,chrome 63.0 for android,,,,F,F,T,T,mobile,Lenovo K33b36 Build/MMB29M
3088344,0.0,90524.0,0.0,0.0,4.0,-10.0,,,0.0,0.0,100.0,NotFound,20.0,,Found,Found,225.0,15.0,417.0,507.0,,,,,,,,Found,Found,,chrome 63.0 for android,,,,F,F,T,T,mobile,Lenovo K33b36 Build/MMB29M
3088280,-5.0,536497.0,0.0,0.0,0.0,0.0,,,0.0,0.0,100.0,NotFound,52.0,,Found,Found,225.0,,266.0,325.0,,,,,,,,Found,Found,,chrome 63.0,,,,F,F,T,T,desktop,
3088335,0.0,133066.0,,,-5.0,-33.0,,,,,100.0,NotFound,,,New,NotFound,225.0,15.0,417.0,507.0,,,,,,,,New,NotFound,,chrome 61.0 for android,,,,F,F,T,T,mobile,MotoG3-TE Build/MPDS24.65-33-1-3
3094391,-5.0,83084.0,,,6.0,-9.0,,,,,100.0,NotFound,49.0,-300.0,New,NotFound,166.0,15.0,303.0,368.0,,,,,,,,New,NotFound,iOS 10.2.1,mobile safari 10.0,32.0,1334x750,match_status:1,T,F,F,T,mobile,iOS Device
3088449,-20.0,202465.0,,,0.0,0.0,,,,,100.0,NotFound,52.0,,New,NotFound,225.0,,427.0,507.0,,,,,,,,New,NotFound,,chrome 63.0,,,,F,F,T,T,desktop,Windows
3088384,0.0,179387.0,,,0.0,0.0,,,,,100.0,NotFound,,,New,NotFound,225.0,,427.0,507.0,,,,,,,,New,NotFound,,chrome 62.0,,,,F,F,T,T,desktop,
3088497,-5.0,201951.0,,,0.0,0.0,,,,,100.0,NotFound,52.0,,New,NotFound,225.0,,153.0,417.0,,,,,,,,New,NotFound,,chrome 63.0,,,,F,F,T,T,desktop,Windows
3094568,-5.0,137162.0,,,5.0,-11.0,,,,,100.0,NotFound,49.0,-300.0,New,NotFound,166.0,15.0,228.0,489.0,,,,,,,,New,NotFound,iOS 11.0.2,mobile safari 11.0,32.0,1334x750,match_status:1,T,F,F,T,mobile,iOS Device
3088388,-10.0,135912.0,0.0,0.0,3.0,-30.0,,,0.0,0.0,100.0,NotFound,20.0,,Found,Found,225.0,15.0,266.0,507.0,,,,,,,,Found,Found,,chrome 63.0 for android,,,,F,F,T,T,mobile,HTC One_M8 Build/MRA58K
3088601,-5.0,180562.0,,,0.0,-5.0,,,,,100.0,NotFound,52.0,,New,NotFound,225.0,15.0,290.0,401.0,,,,,,,,New,NotFound,,chrome 63.0,,,,F,F,T,T,desktop,Windows
3088629,0.0,309789.0,,,-6.0,-33.0,,,,,100.0,NotFound,20.0,,New,NotFound,225.0,13.0,417.0,507.0,,,,,,,,New,NotFound,,chrome 58.0 for android,,,,F,F,T,T,mobile,Moto C Plus Build/NRD90M.05.034
3088692,0.0,232629.0,,,-2.0,-13.0,,,,,100.0,NotFound,,,New,NotFound,225.0,15.0,345.0,507.0,,,,,,,,New,NotFound,,chrome 62.0 for android,,,,F,F,T,T,mobile,Moto G Play Build/MPIS24.241-15.3-7
3088585,-5.0,161979.0,,,0.0,0.0,,,,,100.0,NotFound,52.0,,New,NotFound,225.0,,427.0,507.0,,,,,,,,New,NotFound,,chrome 63.0,,,,F,F,T,T,desktop,Windows
3088715,0.0,152010.0,0.0,0.0,4.0,-6.0,,,0.0,0.0,100.0,NotFound,,,Found,Found,225.0,,266.0,507.0,,,,,,,,Found,Found,,chrome 63.0 for android,,,,F,F,T,T,mobile,Blade V6 Plus Build/MRA58K
3088624,-20.0,177012.0,,,0.0,-14.0,,,,,100.0,NotFound,49.0,,Unknown,,225.0,,384.0,507.0,,,,,,,,New,NotFound,,mobile safari generic,,,,F,F,F,F,mobile,
3094730,-5.0,30608.0,0.0,0.0,0.0,0.0,,,0.0,0.0,100.0,Found,49.0,-420.0,Found,Found,166.0,,399.0,472.0,,,,,,,,Found,Found,Mac OS X 10_12_6,safari generic,24.0,1440x900,match_status:2,T,F,F,T,desktop,MacOS
3088726,-5.0,452908.0,,,0.0,0.0,,,,,100.0,NotFound,52.0,,New,NotFound,225.0,,266.0,507.0,,,,,,,,New,NotFound,,chrome 63.0,,,,F,F,T,T,desktop,
3088837,0.0,259837.0,,,-4.0,-11.0,,,,,100.0,NotFound,,,New,NotFound,225.0,15.0,417.0,507.0,,,,,,,,New,NotFound,,chrome 61.0 for android,,,,F,F,T,T,mobile,Ilium LT510 Build/MRA58K
3094862,-5.0,508713.0,,,0.0,0.0,,,,,100.0,NotFound,49.0,-300.0,New,NotFound,166.0,13.0,100.0,549.0,,,,,,,,New,NotFound,iOS 11.2.1,mobile safari 11.0,32.0,1136x640,match_status:1,T,F,F,F,mobile,iOS Device
3088779,0.0,291578.0,,,7.0,-27.0,,,,,100.0,NotFound,20.0,,New,NotFound,225.0,15.0,417.0,507.0,,,,,,,,New,NotFound,,chrome 63.0 for android,,,,F,F,T,T,mobile,SM-J700M Build/MMB29K
3088907,0.0,312690.0,0.0,0.0,0.0,0.0,,,0.0,0.0,100.0,NotFound,43.0,,Found,Found,225.0,,266.0,122.0,,,,,,,,Found,Found,,chrome 63.0 for android,,,,F,F,T,T,mobile,SM-G530H Build/LRX22G
3094979,-5.0,423339.0,,,0.0,0.0,,,,,100.0,NotFound,49.0,-300.0,New,NotFound,166.0,,390.0,489.0,,,,,,,,New,NotFound,iOS 10.1.1,mobile safari 10.0,32.0,1334x750,match_status:1,T,F,F,T,mobile,iOS Device
3088979,-15.0,241819.0,,,0.0,0.0,,,,,100.0,NotFound,20.0,,New,NotFound,225.0,,266.0,127.0,,,,,,,,New,NotFound,,chrome 63.0 for android,,,,F,F,T,T,mobile,SM-N910V Build/MMB29M
3089196,0.0,471629.0,0.0,0.0,3.0,-100.0,,,0.0,0.0,100.0,NotFound,20.0,,Found,Found,225.0,15.0,417.0,507.0,,,,,,,,Found,Found,,chrome 63.0 for android,,,,F,F,T,T,mobile,SM-G570M Build/MMB29K
3089402,-20.0,177743.0,,,0.0,0.0,,,,,100.0,NotFound,49.0,,Unknown,,225.0,,153.0,325.0,,,,,,,,New,NotFound,,mobile safari 11.0,,,,F,F,F,T,mobile,
3089538,-15.0,278724.0,,,0.0,0.0,,,,,100.0,NotFound,35.0,,New,NotFound,225.0,,427.0,507.0,,,,,,,,New,NotFound,,chrome 63.0 for android,,,,F,F,T,T,mobile,F5121 Build/34.3.A.0.238
3089387,-5.0,345974.0,,,0.0,0.0,,,,,100.0,NotFound,52.0,,New,NotFound,225.0,,153.0,401.0,,,,,,,,New,NotFound,,chrome 63.0,,,,F,F,T,T,desktop,Windows
3089585,-5.0,169564.0,,,4.0,-10.0,,,,,100.0,NotFound,49.0,,New,NotFound,225.0,15.0,417.0,507.0,,,,,,,,New,NotFound,,chrome generic,,,,F,F,T,F,mobile,SAMSUNG SM-G900M Build/LRX21T
3089705,-20.0,229863.0,,,0.0,0.0,,,,,100.0,NotFound,49.0,,Unknown,,225.0,,266.0,325.0,,,,,,,,New,NotFound,,safari generic,,,,F,F,F,T,desktop,
3089559,-20.0,209411.0,,,0.0,0.0,,,,,100.0,NotFound,49.0,,Unknown,,225.0,,427.0,507.0,,,,,,,,New,NotFound,,,,,,F,F,F,F,mobile,
3095803,-5.0,79443.0,,,0.0,0.0,,,,,100.0,NotFound,49.0,-300.0,New,NotFound,166.0,,100.0,549.0,,,,,,,,New,NotFound,Mac OS X 10_9_5,safari generic,24.0,2560x1600,match_status:2,T,F,T,F,desktop,MacOS
3089571,-5.0,169684.0,,,-6.0,-46.0,,,,,100.0,NotFound,52.0,,New,NotFound,225.0,15.0,266.0,507.0,,,,,,,,New,NotFound,,chrome 63.0,,,,F,F,T,T,desktop,
3089737,-5.0,159794.0,0.0,0.0,0.0,0.0,,,0.0,0.0,100.0,NotFound,52.0,,Found,Found,225.0,,290.0,401.0,,,,,,,,Found,Found,,chrome 63.0,,,,F,F,T,T,desktop,Windows
3089773,0.0,108441.0,,,-7.0,-10.0,,,,,100.0,NotFound,,,New,NotFound,225.0,15.0,345.0,561.0,,,,,,,,New,NotFound,,,,,,F,F,T,T,mobile,Build/OPR6.170623.013
3095701,-5.0,124000.0,,,0.0,0.0,,,,,100.0,NotFound,49.0,-300.0,New,NotFound,166.0,15.0,529.0,549.0,,,,,,,,New,NotFound,Mac OS X 10_11_6,safari generic,24.0,1920x1200,match_status:2,T,F,F,F,desktop,MacOS
3089794,0.0,98936.0,0.0,0.0,0.0,0.0,,,0.0,0.0,100.0,NotFound,20.0,-360.0,Found,Found,225.0,,153.0,411.0,,,,,,,,Found,Found,,ie 11.0 for desktop,,,,F,T,T,T,desktop,Trident/7.0
3089901,-40.0,308442.0,,,1.0,-15.0,,,,,100.0,NotFound,20.0,,New,NotFound,225.0,15.0,345.0,507.0,,,,,,,,New,NotFound,,chrome 60.0 for android,,,,F,F,T,T,mobile,ALE-L23 Build/HuaweiALE-L23
3089871,-90.0,147089.0,,,-2.0,-30.0,,,,,100.0,NotFound,44.0,,New,NotFound,225.0,15.0,345.0,507.0,,,,,,,,New,NotFound,,mobile safari 11.0,,,,F,F,T,T,mobile,
3090237,0.0,376826.0,,,0.0,-6.0,,,,,100.0,NotFound,20.0,,New,NotFound,225.0,,384.0,561.0,,,,,,,,New,NotFound,,chrome 62.0 for android,,,,F,F,T,T,mobile,Moto
3096223,-5.0,81367.0,,,0.0,0.0,,,,,100.0,NotFound,52.0,-300.0,New,NotFound,166.0,,390.0,549.0,,,,,,,,New,NotFound,Windows 10,firefox 57.0,24.0,1920x1080,match_status:2,T,F,T,F,desktop,Windows
3090287,0.0,101415.0,0.0,0.0,3.0,-27.0,,,0.0,0.0,100.0,NotFound,20.0,,Found,Found,225.0,13.0,266.0,507.0,,,,,,,,Found,Found,,chrome 58.0 for android,,,,F,F,T,T,mobile,Moto C Plus Build/NRD90M.05.034
3090221,0.0,186698.0,0.0,0.0,3.0,-27.0,,,0.0,0.0,100.0,NotFound,43.0,,Found,Found,225.0,13.0,266.0,507.0,,,,,,,,Found,Found,,chrome 58.0 for android,,,,F,F,T,T,mobile,Moto C Plus Build/NRD90M.05.034
3090366,0.0,160299.0,,,0.0,-12.0,,,,,100.0,NotFound,,,New,NotFound,225.0,,254.0,507.0,,,,,,,,New,NotFound,,chrome 63.0 for android,,,,F,F,T,T,mobile,SM-G570M Build/MMB29K
3090426,-45.0,409969.0,0.0,0.0,0.0,-9.0,,,0.0,0.0,100.0,NotFound,49.0,,Found,Found,225.0,,345.0,507.0,,,,,,,,Found,Found,,chrome 43.0 for android,,,,F,F,T,F,mobile,ALE-L23 Build/HuaweiALE-L23
3090567,-5.0,235289.0,,,0.0,0.0,,,,,100.0,NotFound,52.0,,New,NotFound,225.0,,266.0,507.0,,,,,,,,New,NotFound,,chrome 63.0,,,,F,F,T,T,desktop,
3090589,-60.0,106725.0,,,0.0,0.0,,,,,100.0,NotFound,49.0,,Unknown,,225.0,,266.0,507.0,,,,,,,,New,NotFound,,mobile safari 11.0,,,,F,F,F,T,mobile,
3090715,0.0,239433.0,,,0.0,0.0,,,,,100.0,NotFound,,-360.0,New,NotFound,225.0,,266.0,507.0,,,,,,,,New,NotFound,,ie 11.0 for desktop,,,,F,T,T,T,desktop,Trident/7.0
3090941,-20.0,253831.0,,,0.0,0.0,,,,,100.0,NotFound,52.0,,New,NotFound,225.0,,266.0,507.0,,,,,,,,New,NotFound,,chrome 63.0,,,,F,F,T,T,desktop,Windows
3096915,-10.0,170614.0,,,0.0,0.0,,,,,100.0,NotFound,63.0,-300.0,New,NotFound,166.0,15.0,100.0,549.0,,,,,,,,New,NotFound,Windows 8.1,ie 11.0 for desktop,24.0,1366x768,match_status:2,T,F,F,T,desktop,Trident/7.0
3097127,-20.0,56409.0,,,0.0,0.0,,,,,100.0,NotFound,49.0,-300.0,Unknown,,166.0,15.0,100.0,549.0,,,,,,,,New,NotFound,Mac OS X 10_13_1,chrome 63.0,24.0,2880x1800,match_status:2,T,F,F,F,desktop,MacOS
3091084,-5.0,231064.0,,,0.0,0.0,,,,,100.0,NotFound,52.0,,New,NotFound,225.0,,290.0,401.0,,,,,,,,New,NotFound,,chrome 62.0,,,,F,F,T,T,desktop,Windows
3097185,-5.0,21604.0,0.0,0.0,0.0,0.0,,,0.0,0.0,100.0,NotFound,52.0,-360.0,Found,Found,166.0,,548.0,299.0,,,,,,,,Found,Found,Windows 10,chrome 63.0,24.0,1920x1080,match_status:2,T,F,T,T,desktop,Windows
3091272,-5.0,135478.0,,,0.0,0.0,,,,,100.0,NotFound,52.0,,New,NotFound,225.0,,290.0,401.0,,,,,,,,New,NotFound,,chrome 63.0,,,,F,F,T,T,desktop,Windows
3097300,0.0,158845.0,0.0,0.0,0.0,0.0,,,0.0,0.0,100.0,NotFound,,-300.0,Found,Found,166.0,15.0,390.0,549.0,,,,,,,,Found,Found,Mac OS X 10_11_6,chrome 62.0,24.0,1280x800,match_status:2,T,F,T,T,desktop,MacOS
3091231,-40.0,134962.0,,,6.0,-32.0,,,,,100.0,NotFound,20.0,,New,NotFound,225.0,15.0,266.0,563.0,,,,,,,,New,NotFound,,chrome 63.0 for android,,,,F,F,T,T,mobile,ALE-L23 Build/HuaweiALE-L23
3091220,-10.0,60678.0,0.0,0.0,2.0,-25.0,30.0,-39.0,0.0,0.0,100.0,NotFound,49.0,-360.0,Found,Found,166.0,13.0,122.0,214.0,252.0,14.0,IP_PROXY:TRANSPARENT,11.0,321.0,142.0,Found,Found,Found,Android 7.0,chrome 63.0 for android,32.0,2220x1080,match_status:2,T,F,T,F,mobile,SM-G955U Build/NRD90M
3091295,-5.0,289971.0,,,0.0,0.0,,,,,100.0,NotFound,52.0,,New,NotFound,225.0,,427.0,223.0,,,,,,,,New,NotFound,,chrome 63.0,,,,F,F,T,T,desktop,
3091243,-20.0,280159.0,,,0.0,0.0,,,,,100.0,NotFound,52.0,,New,NotFound,225.0,,427.0,315.0,,,,,,,,New,NotFound,,chrome 63.0,,,,F,F,T,T,desktop,Windows
3091245,-20.0,94595.0,0.0,0.0,0.0,0.0,,,0.0,0.0,100.0,NotFound,52.0,,Found,Found,225.0,,427.0,315.0,,,,,,,,Found,Found,,chrome 63.0,,,,F,F,T,T,desktop,Windows
3091267,-20.0,79992.0,0.0,0.0,0.0,0.0,,,0.0,0.0,100.0,NotFound,52.0,,Found,Found,225.0,,427.0,315.0,,,,,,,,Found,Found,,chrome 63.0,,,,F,F,T,T,desktop,Windows
3091495,-25.0,76534.0,0.0,0.0,0.0,0.0,,,0.0,0.0,100.0,NotFound,52.0,,Found,Found,225.0,,427.0,315.0,,,,,,,,Found,Found,,chrome 63.0,,,,F,F,T,T,desktop,Windows
3091502,-5.0,110573.0,,,0.0,-7.0,,,,,100.0,NotFound,52.0,,New,NotFound,225.0,,484.0,507.0,,,,,,,,New,NotFound,,chrome 63.0,,,,F,F,T,T,desktop,
3097519,-5.0,119648.0,,,0.0,0.0,,,,,100.0,NotFound,49.0,-300.0,New,NotFound,166.0,,390.0,549.0,,,,,,,,New,NotFound,Mac OS X 10_12_2,safari generic,24.0,1280x800,match_status:2,T,F,F,F,desktop,MacOS
3091327,-25.0,82840.0,0.0,0.0,0.0,0.0,,,0.0,0.0,100.0,NotFound,52.0,,Found,Found,225.0,,427.0,315.0,,,,,,,,Found,Found,,chrome 63.0,,,,F,F,T,T,desktop,Windows
3091420,-25.0,85463.0,0.0,0.0,0.0,0.0,,,0.0,0.0,100.0,NotFound,52.0,,Found,Found,225.0,,427.0,315.0,,,,,,,,Found,Found,,chrome 63.0,,,,F,F,T,T,desktop,Windows
3091529,-10.0,88307.0,0.0,0.0,0.0,-7.0,,,0.0,0.0,100.0,NotFound,52.0,,Found,Found,225.0,,484.0,507.0,,,,,,,,Found,Found,,chrome 63.0,,,,F,F,T,T,desktop,
3091676,0.0,387385.0,,,0.0,0.0,,,,,100.0,NotFound,20.0,,New,NotFound,225.0,,290.0,401.0,,,,,,,,New,NotFound,,mobile safari generic,,,,F,F,T,T,mobile,
3085777,-5.0,171787.0,0.0,0.0,0.0,0.0,,,0.0,0.0,100.0,NotFound,52.0,-360.0,Found,Found,166.0,,312.0,611.0,,,,,,,,Found,Found,Windows 7,chrome 63.0,24.0,1920x1200,match_status:2,T,F,T,F,desktop,Windows
3085799,-5.0,223579.0,0.0,0.0,0.0,0.0,,,0.0,0.0,100.0,Found,52.0,-360.0,Found,Found,166.0,,312.0,611.0,,,,,,,,Found,Found,Windows 7,chrome 63.0,24.0,1920x1200,match_status:2,T,F,T,F,desktop,Windows
3092057,0.0,99453.0,0.0,0.0,6.0,-57.0,,,0.0,0.0,100.0,NotFound,,,Found,Found,225.0,11.0,417.0,507.0,,,,,,,,Found,Found,,chrome 63.0 for android,,,,F,F,T,T,mobile,Moto C Build/NRD90M.063
3092021,-5.0,195019.0,,,0.0,0.0,,,,,100.0,NotFound,52.0,,New,NotFound,225.0,,153.0,563.0,,,,,,,,New,NotFound,,chrome 63.0,,,,F,F,T,T,desktop,
3092095,-5.0,108591.0,,,0.0,-5.0,,,,,100.0,NotFound,52.0,,New,NotFound,225.0,,176.0,507.0,,,,,,,,New,NotFound,,chrome 63.0,,,,F,F,T,T,desktop,
3092062,-5.0,71081.0,0.0,0.0,1.0,-5.0,,,0.0,0.0,100.0,NotFound,52.0,,Found,Found,225.0,,176.0,507.0,,,,,,,,Found,Found,,chrome 63.0,,,,F,F,T,T,desktop,
3092171,-5.0,51453.0,0.0,0.0,0.0,-5.0,,,0.0,0.0,100.0,NotFound,52.0,,Found,Found,225.0,,176.0,507.0,,,,,,,,Found,Found,,chrome 63.0,,,,F,F,T,T,desktop,
3092024,-15.0,160395.0,,,0.0,0.0,,,,,100.0,NotFound,35.0,,New,NotFound,225.0,,427.0,507.0,,,,,,,,New,NotFound,,samsung browser 6.2,,,,F,F,T,T,mobile,SAMSUNG SM-G610M Build/MMB29K
3092049,-5.0,80292.0,0.0,0.0,0.0,-5.0,,,0.0,0.0,100.0,NotFound,52.0,,Found,Found,225.0,,176.0,507.0,,,,,,,,Found,Found,,chrome 63.0,,,,F,F,T,T,desktop,
3092200,-10.0,37931.0,0.0,0.0,0.0,-5.0,,,0.0,0.0,100.0,NotFound,52.0,,Found,Found,225.0,,176.0,507.0,,,,,,,,Found,Found,,chrome 63.0,,,,F,F,T,T,desktop,
3092104,-10.0,43556.0,0.0,0.0,0.0,-5.0,,,0.0,0.0,100.0,NotFound,52.0,,Found,Found,225.0,,176.0,507.0,,,,,,,,Found,Found,,chrome 63.0,,,,F,F,T,T,desktop,
3092211,-10.0,39407.0,0.0,0.0,0.0,-5.0,,,0.0,0.0,100.0,NotFound,52.0,,Found,Found,225.0,,176.0,507.0,,,,,,,,Found,Found,,chrome 63.0,,,,F,F,T,T,desktop,
3092109,-10.0,280089.0,0.0,0.0,0.0,-5.0,,,0.0,0.0,100.0,NotFound,52.0,,Found,Found,225.0,,176.0,507.0,,,,,,,,Found,Found,,chrome 63.0,,,,F,F,T,T,desktop,
3092203,-10.0,42163.0,0.0,0.0,0.0,-5.0,,,0.0,0.0,100.0,NotFound,52.0,,Found,Found,225.0,,176.0,507.0,,,,,,,,Found,Found,,chrome 63.0,,,,F,F,T,T,desktop,
3092244,-10.0,342791.0,0.0,0.0,0.0,-5.0,,,0.0,0.0,100.0,NotFound,52.0,,Found,Found,225.0,,176.0,507.0,,,,,,,,Found,Found,,chrome 63.0,,,,F,F,T,T,desktop,
3092268,0.0,130036.0,,,0.0,0.0,,,,,100.0,NotFound,,-360.0,New,NotFound,225.0,,266.0,122.0,,,,,,,,New,NotFound,,ie 11.0 for desktop,,,,F,T,T,T,desktop,Trident/7.0
3092205,-10.0,41482.0,0.0,0.0,0.0,-5.0,,,0.0,0.0,100.0,NotFound,52.0,,Found,Found,225.0,,176.0,507.0,,,,,,,,Found,Found,,chrome 63.0,,,,F,F,T,T,desktop,
3092253,-10.0,49435.0,0.0,0.0,0.0,-5.0,,,0.0,0.0,100.0,NotFound,52.0,,Found,Found,225.0,,176.0,507.0,,,,,,,,Found,Found,,chrome 63.0,,,,F,F,T,T,desktop,
3092251,-10.0,40258.0,0.0,0.0,0.0,-5.0,,,0.0,0.0,100.0,NotFound,52.0,,Found,Found,225.0,,176.0,507.0,,,,,,,,Found,Found,,chrome 63.0,,,,F,F,T,T,desktop,
3092179,-10.0,32781.0,0.0,0.0,0.0,-5.0,,,0.0,0.0,100.0,NotFound,52.0,,Found,Found,225.0,,176.0,507.0,,,,,,,,Found,Found,,chrome 63.0,,,,F,F,T,T,desktop,
3092274,-10.0,33731.0,0.0,0.0,2.0,-5.0,,,0.0,0.0,100.0,NotFound,52.0,,Found,Found,225.0,,176.0,507.0,,,,,,,,Found,Found,,chrome 63.0,,,,F,F,T,T,desktop,
3092267,-15.0,243263.0,,,0.0,0.0,,,,,100.0,NotFound,35.0,,New,NotFound,225.0,,427.0,610.0,,,,,,,,New,NotFound,,chrome 63.0 for android,,,,F,F,T,T,mobile,SM-J730GM Build/NRD90M
3092348,-10.0,153961.0,0.0,0.0,0.0,-5.0,,,0.0,0.0,100.0,NotFound,52.0,,Found,Found,225.0,,176.0,507.0,,,,,,,,Found,Found,,chrome 63.0,,,,F,F,T,T,desktop,
3092347,-10.0,45345.0,0.0,0.0,0.0,-5.0,,,0.0,0.0,100.0,NotFound,52.0,,Found,Found,225.0,,176.0,507.0,,,,,,,,Found,Found,,chrome 63.0,,,,F,F,T,T,desktop,
3092277,-10.0,53325.0,0.0,0.0,0.0,-5.0,,,0.0,0.0,100.0,NotFound,52.0,,Found,Found,225.0,,176.0,507.0,,,,,,,,Found,Found,,chrome 63.0,,,,F,F,T,T,desktop,
3092204,-5.0,161909.0,,,0.0,0.0,,,,,100.0,NotFound,52.0,,New,NotFound,225.0,,427.0,507.0,,,,,,,,New,NotFound,,chrome 63.0,,,,F,F,T,T,desktop,Windows
3092355,-10.0,82814.0,0.0,0.0,0.0,-5.0,,,0.0,0.0,100.0,NotFound,52.0,,Found,Found,225.0,,176.0,507.0,,,,,,,,Found,Found,,chrome 63.0,,,,F,F,T,T,desktop,
3092289,-10.0,40788.0,0.0,0.0,0.0,-5.0,,,0.0,0.0,100.0,NotFound,52.0,,Found,Found,225.0,,176.0,507.0,,,,,,,,Found,Found,,chrome 63.0,,,,F,F,T,T,desktop,
3092342,0.0,202996.0,0.0,0.0,6.0,-30.0,,,0.0,0.0,100.0,NotFound,,,Found,Found,225.0,15.0,417.0,507.0,,,,,,,,Found,Found,,chrome 62.0 for android,,,,F,F,T,T,mobile,Moto C Plus Build/NRD90M.05.034
3092389,-5.0,218072.0,0.0,0.0,0.0,0.0,,,0.0,0.0,100.0,NotFound,52.0,,Found,Found,225.0,,427.0,507.0,,,,,,,,Found,Found,,chrome 63.0,,,,F,F,T,T,desktop,Windows
3092505,0.0,148439.0,,,1.0,-55.0,,,,,100.0,NotFound,,,New,NotFound,225.0,13.0,266.0,507.0,,,,,,,,New,NotFound,,chrome 63.0 for android,,,,F,F,T,T,mobile,LG-H840 Build/NRD90U
3092547,-5.0,88555.0,,,0.0,0.0,,,,,100.0,NotFound,52.0,,New,NotFound,225.0,,254.0,507.0,,,,,,,,New,NotFound,,chrome 63.0,,,,F,F,T,T,desktop,Windows
3086802,0.0,29967.0,0.0,0.0,0.0,0.0,,,0.0,0.0,100.0,NotFound,,-420.0,Found,Found,166.0,,542.0,266.0,,,,,,,,Found,Found,Mac OS X 10_10_5,chrome 63.0,24.0,1280x800,match_status:2,T,F,T,T,desktop,MacOS
3092699,-5.0,154455.0,,,0.0,0.0,,,,,100.0,NotFound,49.0,,New,NotFound,225.0,,266.0,566.0,,,,,,,,New,NotFound,,Samsung/SM-G532M,,,,F,F,T,F,mobile,SAMSUNG SM-G532M Build/MMB29T
3086825,-5.0,121659.0,0.0,0.0,0.0,-1.0,,,0.0,0.0,100.0,NotFound,52.0,-300.0,Found,Found,166.0,,139.0,533.0,,,,,,,,Found,Found,Windows 10,ie 11.0 for desktop,24.0,1920x1080,match_status:2,T,F,T,T,desktop,Trident/7.0
3098796,-5.0,278182.0,0.0,0.0,0.0,0.0,,,0.0,0.0,100.0,Found,49.0,-360.0,Found,Found,166.0,,215.0,333.0,,,,,,,,Found,Found,iOS 11.2.1,mobile safari 11.0,32.0,2732x2048,match_status:1,T,F,F,F,mobile,iOS Device
3092860,-20.0,251347.0,,,2.0,-9.0,,,,,100.0,NotFound,49.0,,Unknown,,225.0,,345.0,507.0,,,,,,,,New,NotFound,,mobile safari 11.0,,,,F,F,F,T,mobile,
3098937,0.0,180264.0,,,,,,,,,100.0,NotFound,,-300.0,New,NotFound,166.0,,529.0,549.0,,,,,,,,New,NotFound,iOS 11.2.1,mobile safari 11.0,32.0,2208x1242,match_status:1,T,F,T,T,mobile,iOS Device
3099140,-5.0,32642.0,0.0,0.0,0.0,0.0,,,0.0,0.0,100.0,NotFound,52.0,-300.0,Found,Found,166.0,,215.0,489.0,,,,,,,,Found,Found,Windows 10,chrome 63.0,24.0,1600x900,match_status:1,T,F,T,T,desktop,Windows
3093472,-5.0,239999.0,0.0,0.0,0.0,0.0,,,0.0,0.0,100.0,NotFound,52.0,,Found,Found,225.0,,427.0,507.0,,,,,,,,Found,Found,,chrome 63.0,,,,F,F,T,T,desktop,Windows
3093488,-90.0,138395.0,,,-6.0,-28.0,,,,,100.0,NotFound,44.0,,New,NotFound,225.0,15.0,345.0,507.0,,,,,,,,New,NotFound,,mobile safari 11.0,,,,F,F,T,T,mobile,
3093456,-90.0,248699.0,0.0,0.0,-6.0,-28.0,,,0.0,0.0,100.0,NotFound,43.0,,Found,Found,225.0,15.0,345.0,507.0,,,,,,,,Found,Found,,mobile safari 11.0,,,,F,F,T,T,mobile,
3093477,-5.0,234545.0,0.0,0.0,0.0,-12.0,,,0.0,0.0,100.0,NotFound,52.0,,Found,Found,225.0,,271.0,507.0,,,,,,,,Found,Found,,edge 16.0,,,,F,F,T,T,desktop,Windows
3093607,0.0,132385.0,,,0.0,0.0,,,,,100.0,NotFound,20.0,,New,NotFound,225.0,,266.0,325.0,,,,,,,,New,NotFound,,chrome generic,,,,F,F,T,T,mobile,Moto G (4) Build/NPJS25.93-14-10
3093668,-25.0,115534.0,,,2.0,-16.0,,,0.0,0.0,95.08000183105467,NotFound,63.0,,Unknown,,225.0,,417.0,507.0,,,,,,,,Found,Found,,firefox,,,,F,F,F,T,desktop,rv:57.0
3093686,-5.0,322424.0,0.0,0.0,0.0,0.0,,,0.0,0.0,100.0,NotFound,52.0,,Found,Found,225.0,15.0,290.0,401.0,,,,,,,,Found,Found,,chrome 63.0,,,,F,F,T,T,desktop,
3093704,-20.0,177439.0,,,0.0,-2.0,,,,,100.0,NotFound,49.0,,Unknown,,225.0,,266.0,315.0,,,,,,,,New,NotFound,,mobile safari 10.0,,,,F,F,F,T,mobile,
3093732,0.0,126085.0,,,1.0,0.0,,,,,100.0,NotFound,20.0,,New,NotFound,225.0,,176.0,507.0,,,,,,,,New,NotFound,,chrome 63.0 for android,,,,F,F,T,T,mobile,HUAWEI CUN-L03 Build/HUAWEICUN-L03
3093734,-35.0,187460.0,,,0.0,0.0,,,,,100.0,NotFound,49.0,,Unknown,,225.0,,427.0,507.0,,,,,,,,New,NotFound,,mobile safari 11.0,,,,F,F,F,T,mobile,
3087822,-5.0,208343.0,,,0.0,0.0,,,,,100.0,NotFound,49.0,-300.0,New,NotFound,166.0,,421.0,600.0,,,,,,,,New,NotFound,Mac OS X 10_10_5,safari generic,24.0,1280x800,match_status:2,T,F,T,F,desktop,MacOS
3093720,0.0,148207.0,,,0.0,-5.0,,,,,100.0,NotFound,20.0,,New,NotFound,225.0,,153.0,325.0,,,,,,,,New,NotFound,,chrome 63.0 for android,,,,F,F,T,T,mobile,SM-A520F Build/NRD90M
3093780,0.0,156803.0,,,0.0,-9.0,,,,,100.0,NotFound,20.0,,New,NotFound,225.0,,384.0,561.0,,,,,,,,New,NotFound,,chrome 62.0 for android,,,,F,F,T,T,mobile,Moto C Build/NRD90M.046
3093821,0.0,187575.0,,,0.0,-1.0,,,,,100.0,NotFound,,,New,NotFound,225.0,,254.0,507.0,,,,,,,,New,NotFound,,chrome 63.0 for android,,,,F,F,T,T,mobile,5010G Build/MRA58K
3093887,0.0,218251.0,,,4.0,-26.0,,,,,100.0,NotFound,,,New,NotFound,225.0,15.0,417.0,507.0,,,,,,,,New,NotFound,,chrome generic,,,,F,F,T,T,mobile,Moto G (5) Plus Build/NPN25.137-72
3093891,0.0,286737.0,0.0,0.0,4.0,-26.0,,,0.0,0.0,100.0,NotFound,43.0,,Found,Found,225.0,15.0,417.0,507.0,,,,,,,,Found,Found,,chrome generic,,,,F,F,T,T,mobile,Moto G (5) Plus Build/NPN25.137-72
3093900,0.0,78062.0,0.0,0.0,5.0,-26.0,,,0.0,0.0,100.0,NotFound,,,Found,Found,225.0,15.0,417.0,507.0,,,,,,,,Found,Found,,chrome generic,,,,F,F,T,T,mobile,Moto G (5) Plus Build/NPN25.137-72
3093880,0.0,185329.0,,,0.0,-4.0,,,,,100.0,NotFound,,,New,NotFound,225.0,,176.0,507.0,,,,,,,,New,NotFound,,chrome 63.0 for android,,,,F,F,T,T,mobile,Ilium X510 Build/MRA58K
3093967,-5.0,179533.0,,,0.0,0.0,,,,,100.0,NotFound,52.0,,New,NotFound,225.0,,266.0,325.0,,,,,,,,New,NotFound,,chrome 63.0,,,,F,F,T,T,desktop,Windows
3093971,0.0,283223.0,,,0.0,0.0,,,,,100.0,NotFound,,,New,NotFound,225.0,,427.0,541.0,,,,,,,,New,NotFound,,chrome 62.0 for android,,,,F,F,T,T,mobile,SM-J700M Build/MMB29K
3094059,-20.0,164224.0,,,0.0,0.0,,,,,100.0,NotFound,49.0,,Unknown,,225.0,,153.0,325.0,,,,,,,,New,NotFound,,mobile safari 11.0,,,,F,F,F,T,mobile,
3094088,0.0,123559.0,,,0.0,0.0,,,,,100.0,NotFound,,-300.0,New,NotFound,166.0,,410.0,533.0,,,,,,,,New,NotFound,Linux,chrome 63.0,32.0,2560x1440,match_status:2,T,F,T,T,desktop,
3099976,-5.0,57912.0,0.0,0.0,0.0,0.0,,,0.0,0.0,100.0,NotFound,49.0,-300.0,Found,Found,166.0,15.0,100.0,489.0,,,,,,,,Found,Found,iOS 11.2.1,mobile safari 11.0,32.0,2208x1242,match_status:1,T,F,T,F,mobile,iOS Device
3094302,0.0,211505.0,,,0.0,0.0,,,,,100.0,NotFound,,,New,NotFound,225.0,,271.0,507.0,,,,,,,,New,NotFound,,chrome 63.0 for android,,,,F,F,T,T,mobile,SM-J701M Build/NRD90M
3094276,-5.0,173341.0,,,0.0,0.0,,,,,100.0,NotFound,52.0,,New,NotFound,225.0,,271.0,507.0,,,,,,,,New,NotFound,,chrome 63.0,,,,F,F,T,T,desktop,Windows
3094313,-5.0,135501.0,0.0,0.0,0.0,0.0,,,0.0,0.0,100.0,NotFound,52.0,,Found,Found,225.0,,271.0,507.0,,,,,,,,Found,Found,,chrome 63.0,,,,F,F,T,T,desktop,Windows
3094400,0.0,141740.0,,,0.0,-5.0,,,,,100.0,NotFound,20.0,,New,NotFound,225.0,,176.0,507.0,,,,,,,,New,NotFound,,chrome 63.0 for android,,,,F,F,T,T,mobile,AX920
3094487,0.0,245183.0,,,0.0,0.0,,,,,100.0,NotFound,,,New,NotFound,225.0,,153.0,325.0,,,,,,,,New,NotFound,,chrome 63.0 for android,,,,F,F,T,T,mobile,SM-J105B Build/LMY47V
3094515,0.0,371431.0,,,0.0,0.0,,,,,100.0,NotFound,20.0,,New,NotFound,225.0,,607.0,417.0,,,,,,,,New,NotFound,,chrome 60.0 for android,,,,F,F,T,T,mobile,SM-G531H Build/LMY48B
3094623,-30.0,,,,,,,,,,,NotFound,14.0,,,,,,,,,,,,,,,,,,,,,,,,,,,
3094792,-15.0,96991.0,0.0,0.0,0.0,0.0,,,0.0,0.0,100.0,NotFound,20.0,,Found,Found,225.0,,427.0,507.0,,,,,,,,Found,Found,,chrome 63.0 for android,,,,F,F,T,T,mobile,SM-A720F Build/NRD90M
3094971,0.0,406883.0,0.0,0.0,2.0,-23.0,,,0.0,0.0,100.0,NotFound,43.0,,Found,Found,225.0,15.0,417.0,507.0,,,,,,,,Found,Found,,chrome 62.0 for android,,,,F,F,T,T,mobile,F8331 Build/41.2.A.7.76
3095124,0.0,192430.0,0.0,0.0,0.0,0.0,,,0.0,0.0,100.0,NotFound,20.0,,Found,Found,225.0,20.0,176.0,507.0,,,,,,,,Found,Found,,chrome 58.0 for android,,,,F,F,T,T,mobile,LGMS550 Build/MXB48T
3095062,0.0,196255.0,,,0.0,-6.0,,,,,100.0,NotFound,,,New,NotFound,225.0,,254.0,507.0,,,,,,,,New,NotFound,,chrome 63.0 for android,,,,F,F,T,T,mobile,SM-A520F Build/MMB29K
3095166,-5.0,212698.0,,,0.0,0.0,,,0.0,0.0,95.08000183105467,NotFound,52.0,,New,NotFound,225.0,,380.0,561.0,,,,,,,,Found,Found,,firefox 57.0,,,,F,F,T,T,desktop,Windows
3095300,-5.0,136423.0,,,0.0,0.0,,,,,100.0,NotFound,52.0,,New,NotFound,225.0,,266.0,325.0,,,,,,,,New,NotFound,,opera 49.0,,,,F,F,T,T,desktop,
3095240,0.0,170849.0,0.0,0.0,0.0,-6.0,,,0.0,0.0,100.0,NotFound,,,Found,Found,225.0,,254.0,507.0,,,,,,,,Found,Found,,chrome 63.0 for android,,,,F,F,T,T,mobile,SM-A520F Build/MMB29K
3095337,0.0,258991.0,0.0,0.0,0.0,-6.0,,,0.0,0.0,100.0,NotFound,43.0,,Found,Found,225.0,,254.0,507.0,,,,,,,,Found,Found,,chrome 63.0 for android,,,,F,F,T,T,mobile,SM-A520F Build/MMB29K
3095151,0.0,90316.0,0.0,0.0,0.0,-6.0,,,0.0,0.0,100.0,NotFound,,,Found,Found,225.0,,254.0,507.0,,,,,,,,Found,Found,,chrome 63.0 for android,,,,F,F,T,T,mobile,SM-A520F Build/MMB29K
3095160,-5.0,174188.0,0.0,0.0,0.0,-6.0,,,0.0,0.0,100.0,NotFound,43.0,,Found,Found,225.0,,254.0,507.0,,,,,,,,Found,Found,,chrome 63.0 for android,,,,F,F,T,T,mobile,SM-A520F Build/MMB29K
3095252,-5.0,96957.0,,,0.0,0.0,,,,,100.0,NotFound,52.0,-300.0,New,NotFound,225.0,,427.0,507.0,,,,,,,,New,NotFound,,chrome 49.0,,,,F,T,T,F,desktop,
3095471,0.0,204147.0,,,1.0,0.0,,,,,100.0,NotFound,,,New,NotFound,225.0,,484.0,507.0,,,,,,,,New,NotFound,,chrome 62.0 for android,,,,F,F,T,T,mobile,SM-A710M Build/LMY47X
3095496,0.0,227174.0,,,0.0,0.0,,,,,100.0,NotFound,20.0,,New,NotFound,225.0,,153.0,595.0,,,,,,,,New,NotFound,,chrome 63.0 for android,,,,F,F,T,T,mobile,Moto Z2 Play Build/NPSS26.118-19-6
3095716,-5.0,108610.0,,,0.0,0.0,,,,,100.0,NotFound,52.0,,New,NotFound,225.0,,427.0,507.0,,,,,,,,New,NotFound,,chrome 63.0,,,,F,F,T,T,desktop,
3095754,0.0,172973.0,,,0.0,0.0,,,,,100.0,NotFound,,,New,NotFound,225.0,,266.0,325.0,,,,,,,,New,NotFound,,chrome generic,,,,F,F,T,T,mobile,Moto G (4) Build/NPJS25.93-14-10
3095769,-5.0,260827.0,,,2.0,-18.0,,,0.0,0.0,96.66999816894533,NotFound,52.0,,New,NotFound,225.0,,384.0,139.0,,,,,,,,Found,Found,,chrome 63.0,,,,F,F,T,T,desktop,
3096120,0.0,199102.0,,,9.0,-100.0,,,,,100.0,NotFound,20.0,,New,NotFound,225.0,15.0,266.0,507.0,,,,,,,,New,NotFound,,chrome 63.0 for android,,,,F,F,T,T,mobile,LG-X240 Build/MRA58K
3095953,0.0,111937.0,,,0.0,0.0,,,,,100.0,NotFound,,,New,NotFound,225.0,,153.0,325.0,,,,,,,,New,NotFound,,chrome 63.0 for android,,,,F,F,T,T,mobile,E5506 Build/29.2.A.0.166
3096205,0.0,379947.0,,,0.0,0.0,,,,,100.0,NotFound,,,New,NotFound,225.0,,427.0,563.0,,,,,,,,New,NotFound,,chrome 63.0 for android,,,,F,F,T,T,mobile,SM-T710 Build/NRD90M
3090128,-5.0,16244.0,0.0,0.0,1.0,-6.0,,,0.0,0.0,100.0,NotFound,52.0,-420.0,Found,Found,166.0,15.0,341.0,225.0,,,,,,,,Found,Found,Windows 7,chrome 63.0,24.0,1920x1080,match_status:2,T,F,T,T,desktop,Windows
3096279,-5.0,215026.0,,,0.0,0.0,,,,,100.0,NotFound,52.0,,New,NotFound,225.0,,427.0,507.0,,,,,,,,New,NotFound,,chrome 63.0,,,,F,F,T,T,desktop,
3096493,-15.0,245906.0,0.0,0.0,6.0,-17.0,,,0.0,0.0,100.0,NotFound,20.0,,Found,Found,225.0,15.0,417.0,507.0,,,,,,,,Found,Found,,chrome 63.0 for android,,,,F,F,T,T,mobile,SM-G925I Build/NRD90M
3096500,0.0,99757.0,0.0,0.0,2.0,-11.0,,,0.0,0.0,100.0,NotFound,,,Found,Found,225.0,,176.0,507.0,,,,,,,,Found,Found,,chrome 63.0 for android,,,,F,F,T,T,mobile,SM-J700M Build/MMB29K
3096597,-20.0,115858.0,,,2.0,-13.0,,,0.0,0.0,93.5500030517578,NotFound,49.0,,Unknown,,225.0,,254.0,507.0,,,,,,,,Found,Found,,safari generic,,,,F,F,F,F,desktop,
3096727,0.0,234094.0,0.0,0.0,1.0,-12.0,,,0.0,0.0,100.0,NotFound,,,Found,Found,225.0,,417.0,507.0,,,,,,,,Found,Found,,chrome 63.0 for android,,,,F,F,T,T,mobile,LG-M250 Build/NRD90U
3096649,0.0,539003.0,,,0.0,-4.0,,,,,100.0,NotFound,20.0,,New,NotFound,225.0,,153.0,325.0,,,,,,,,New,NotFound,,chrome 63.0 for android,,,,F,F,T,T,mobile,LG-X210 Build/LMY47I
3096812,-5.0,463610.0,,,0.0,0.0,,,,,100.0,NotFound,52.0,,New,NotFound,225.0,,266.0,127.0,,,,,,,,New,NotFound,,chrome 63.0,,,,F,F,T,T,desktop,Windows
3096814,0.0,84587.0,,,1.0,0.0,,,,,100.0,NotFound,,,New,NotFound,225.0,,153.0,325.0,,,,,,,,New,NotFound,,chrome 62.0 for android,,,,F,F,T,T,mobile,Blade V6 Max Build/MRA58K
3096786,-15.0,,,,,,,,,,,NotFound,20.0,,,,,,,,,,,,,,,,,,,,,,,,,,,
3096860,-35.0,92752.0,,,0.0,-6.0,,,,,100.0,NotFound,49.0,,Unknown,,225.0,,153.0,325.0,,,,,,,,New,NotFound,,mobile safari 10.0,,,,F,F,F,F,mobile,
3096974,-60.0,335398.0,,,0.0,0.0,,,,,100.0,NotFound,49.0,,Unknown,,225.0,,427.0,507.0,,,,,,,,New,NotFound,,mobile safari 10.0,,,,F,F,F,T,mobile,
3096910,-5.0,493842.0,0.0,0.0,0.0,0.0,,,0.0,0.0,100.0,NotFound,52.0,,Found,Found,225.0,,271.0,507.0,,,,,,,,Found,Found,,chrome 63.0,,,,F,F,T,T,desktop,Windows
3096994,0.0,86729.0,0.0,0.0,-4.0,-30.0,,,0.0,0.0,100.0,NotFound,20.0,,Found,Found,225.0,15.0,266.0,507.0,,,,,,,,Found,Found,,mobile safari generic,,,,F,F,T,T,mobile,
3097117,0.0,184761.0,0.0,0.0,-4.0,-30.0,,,0.0,0.0,100.0,NotFound,20.0,,Found,Found,225.0,15.0,266.0,507.0,,,,,,,,Found,Found,,mobile safari generic,,,,F,F,T,T,mobile,
3097066,0.0,227680.0,0.0,0.0,-4.0,-30.0,,,0.0,0.0,100.0,NotFound,43.0,,Found,Found,225.0,15.0,266.0,507.0,,,,,,,,Found,Found,,mobile safari generic,,,,F,F,T,T,mobile,
3097112,-35.0,106572.0,,,7.0,-34.0,,,,,100.0,NotFound,49.0,,Unknown,,225.0,15.0,417.0,507.0,,,,,,,,New,NotFound,,mobile safari 11.0,,,,F,F,F,T,mobile,
3097321,-5.0,272402.0,0.0,0.0,0.0,0.0,,,0.0,0.0,100.0,NotFound,52.0,,Found,Found,225.0,,266.0,325.0,,,,,,,,Found,Found,,chrome 63.0,,,,F,F,T,T,desktop,Windows
3097219,-20.0,436293.0,0.0,0.0,0.0,0.0,,,0.0,0.0,100.0,NotFound,52.0,,Found,Found,225.0,,427.0,541.0,,,,,,,,Found,Found,,firefox 57.0,,,,F,F,T,T,desktop,Windows
3097353,-15.0,90142.0,0.0,0.0,4.0,-17.0,,,0.0,0.0,100.0,NotFound,20.0,,Found,Found,225.0,15.0,417.0,507.0,,,,,,,,Found,Found,,chrome 63.0 for android,,,,F,F,T,T,mobile,SM-G925I Build/NRD90M
3097311,-15.0,170006.0,0.0,0.0,5.0,-17.0,,,0.0,0.0,100.0,NotFound,43.0,,Found,Found,225.0,15.0,417.0,507.0,,,,,,,,Found,Found,,chrome 63.0 for android,,,,F,F,T,T,mobile,SM-G925I Build/NRD90M
3097376,-20.0,135809.0,,,0.0,0.0,,,,,100.0,NotFound,52.0,,New,NotFound,225.0,,427.0,507.0,,,,,,,,New,NotFound,,chrome 63.0,,,,F,F,T,T,desktop,Windows
3097451,-15.0,66876.0,0.0,0.0,6.0,-17.0,,,0.0,0.0,100.0,NotFound,20.0,,Found,Found,225.0,15.0,417.0,507.0,,,,,,,,Found,Found,,chrome 63.0 for android,,,,F,F,T,T,mobile,SM-G925I Build/NRD90M
3097470,0.0,225941.0,,,0.0,-8.0,,,,,100.0,NotFound,,,New,NotFound,225.0,,345.0,507.0,,,,,,,,New,NotFound,,chrome 63.0 for android,,,,F,F,T,T,mobile,5095I Build/MRA58K
3097484,0.0,162855.0,,,0.0,-10.0,,,,,100.0,NotFound,,,New,NotFound,225.0,,345.0,507.0,,,,,,,,New,NotFound,,chrome generic,,,,F,F,T,T,mobile,Moto G (4) Build/NPJ25.93-14.5
3097318,-20.0,426571.0,,,0.0,0.0,,,,,100.0,NotFound,49.0,,Unknown,,225.0,,427.0,563.0,,,,,,,,New,NotFound,,mobile safari 11.0,,,,F,F,F,T,mobile,
3097508,-5.0,218734.0,,,0.0,-1.0,,,,,100.0,NotFound,52.0,,New,NotFound,225.0,,176.0,507.0,,,,,,,,New,NotFound,,edge 16.0,,,,F,F,T,T,desktop,Windows
3097490,-20.0,313158.0,,,0.0,0.0,,,,,100.0,NotFound,52.0,,New,NotFound,225.0,,266.0,610.0,,,,,,,,New,NotFound,,chrome 63.0,,,,F,F,T,T,desktop,
3097594,-20.0,72947.0,0.0,0.0,0.0,0.0,,,0.0,0.0,100.0,NotFound,52.0,,Found,Found,225.0,,266.0,610.0,,,,,,,,Found,Found,,chrome 63.0,,,,F,F,T,T,desktop,
3097754,-20.0,146729.0,,,-1.0,-24.0,,,,,100.0,NotFound,49.0,,Unknown,,225.0,15.0,417.0,507.0,,,,,,,,New,NotFound,,mobile safari 11.0,,,,F,F,F,T,mobile,
3097882,-5.0,208653.0,,,0.0,-1.0,,,,,100.0,NotFound,52.0,,New,NotFound,225.0,,176.0,507.0,,,,,,,,New,NotFound,,chrome 63.0,,,,F,F,T,T,desktop,Windows
3097936,-20.0,374479.0,,,0.0,0.0,,,,,100.0,NotFound,52.0,,New,NotFound,225.0,,266.0,612.0,,,,,,,,New,NotFound,,chrome 63.0,,,,F,F,T,T,desktop,
3097985,-20.0,115168.0,0.0,0.0,0.0,0.0,,,0.0,0.0,100.0,NotFound,52.0,,Found,Found,225.0,,266.0,612.0,,,,,,,,Found,Found,,chrome 63.0,,,,F,F,T,T,desktop,
3097892,-5.0,163758.0,0.0,0.0,1.0,-5.0,,,0.0,0.0,100.0,NotFound,52.0,,Found,Found,225.0,,266.0,469.0,,,,,,,,Found,Found,,chrome 63.0,,,,F,F,T,T,desktop,
3098009,0.0,168047.0,0.0,0.0,6.0,-17.0,,,0.0,0.0,100.0,NotFound,,,Found,Found,225.0,15.0,417.0,507.0,,,,,,,,Found,Found,,chrome 63.0 for android,,,,F,F,T,T,mobile,M4 SS4456 Build/LMY47V
3098040,0.0,199035.0,,,1.0,-6.0,,,,,100.0,NotFound,,,New,NotFound,225.0,,153.0,563.0,,,,,,,,New,NotFound,,chrome 59.0 for android,,,,F,F,T,T,mobile,HTC Desire 626s Build/LMY47O
3098094,-20.0,162176.0,,,0.0,0.0,,,,,100.0,NotFound,49.0,,Unknown,,225.0,,153.0,325.0,,,,,,,,New,NotFound,,mobile safari 11.0,,,,F,F,F,T,mobile,
3098125,-20.0,207572.0,,,0.0,0.0,,,,,100.0,NotFound,49.0,,Unknown,,225.0,,153.0,325.0,,,,,,,,New,NotFound,,mobile safari 11.0,,,,F,F,F,T,mobile,
3098118,-20.0,257781.0,,,0.0,0.0,,,,,100.0,NotFound,49.0,,Unknown,,225.0,,153.0,325.0,,,,,,,,New,NotFound,,mobile safari 11.0,,,,F,F,F,T,mobile,
3098034,-20.0,312469.0,,,0.0,0.0,,,,,100.0,NotFound,49.0,,Unknown,,225.0,,153.0,325.0,,,,,,,,New,NotFound,,mobile safari 11.0,,,,F,F,F,T,mobile,
3098142,-20.0,34448.0,,,0.0,0.0,,,,,100.0,NotFound,49.0,,Unknown,,225.0,,153.0,325.0,,,,,,,,New,NotFound,,mobile safari 11.0,,,,F,F,F,T,mobile,
3098137,-20.0,79646.0,,,0.0,0.0,,,,,100.0,NotFound,49.0,,Unknown,,225.0,,153.0,325.0,,,,,,,,New,NotFound,,mobile safari 11.0,,,,F,F,F,T,mobile,
3098078,0.0,132361.0,0.0,0.0,6.0,-17.0,,,0.0,0.0,100.0,NotFound,,,Found,Found,225.0,15.0,417.0,507.0,,,,,,,,Found,Found,,chrome 63.0 for android,,,,F,F,T,T,mobile,M4 SS4456 Build/LMY47V
3098127,0.0,191879.0,0.0,0.0,5.0,-17.0,,,0.0,0.0,100.0,NotFound,43.0,,Found,Found,225.0,15.0,417.0,507.0,,,,,,,,Found,Found,,chrome 63.0 for android,,,,F,F,T,T,mobile,M4 SS4456 Build/LMY47V
3098185,-40.0,253348.0,,,0.0,0.0,,,,,100.0,NotFound,18.0,,New,NotFound,225.0,,427.0,507.0,,,,,,,,New,NotFound,,chrome 62.0 for android,,,,F,F,T,T,mobile,Y635-L03 Build/HuaweiY635-L03
3098221,-35.0,160364.0,,,0.0,0.0,,,,,100.0,NotFound,49.0,,Unknown,,225.0,,266.0,507.0,,,,,,,,New,NotFound,,mobile safari 11.0,,,,F,F,F,T,mobile,
3098326,-5.0,324516.0,0.0,0.0,0.0,-6.0,,,0.0,0.0,100.0,NotFound,52.0,,Found,Found,225.0,,153.0,325.0,,,,,,,,Found,Found,,chrome 63.0,,,,F,F,T,T,desktop,Windows
3098290,-20.0,300664.0,,,-5.0,-43.0,,,,,100.0,NotFound,49.0,,Unknown,,225.0,15.0,266.0,507.0,,,,,,,,New,NotFound,,mobile safari 11.0,,,,F,F,F,T,mobile,
3098451,0.0,172942.0,,,0.0,-6.0,,,,,100.0,NotFound,,,New,NotFound,225.0,15.0,176.0,507.0,,,,,,,,New,NotFound,,chrome 55.0 for android,,,,F,F,T,T,mobile,LG-D693n Build/LRX22G
3098370,-20.0,97164.0,0.0,0.0,5.0,-17.0,,,0.0,0.0,100.0,NotFound,20.0,,Found,Found,225.0,15.0,417.0,507.0,,,,,,,,Found,Found,,chrome 63.0 for android,,,,F,F,T,T,mobile,SM-G925I Build/NRD90M
3098559,-5.0,200635.0,0.0,0.0,0.0,-6.0,,,0.0,0.0,100.0,NotFound,43.0,,Found,Found,225.0,15.0,176.0,507.0,,,,,,,,Found,Found,,chrome 55.0 for android,,,,F,F,T,T,mobile,LG-D693n Build/LRX22G
3098589,-20.0,396157.0,,,0.0,-9.0,,,,,100.0,NotFound,52.0,,New,NotFound,225.0,15.0,290.0,401.0,,,,,,,,New,NotFound,,edge 16.0,,,,F,F,T,T,desktop,Windows
3098657,-5.0,203787.0,0.0,0.0,0.0,0.0,,,0.0,0.0,100.0,NotFound,52.0,,Found,Found,225.0,,427.0,507.0,,,,,,,,Found,Found,,chrome 63.0,,,,F,F,T,T,desktop,Windows
3098678,-20.0,223475.0,,,-2.0,-30.0,,,,,100.0,NotFound,49.0,,Unknown,,225.0,15.0,417.0,507.0,,,,,,,,New,NotFound,,mobile safari 10.0,,,,F,F,F,T,mobile,
3098754,-5.0,406330.0,,,0.0,0.0,,,,,100.0,NotFound,52.0,,New,NotFound,225.0,,427.0,507.0,,,,,,,,New,NotFound,,chrome 63.0,,,,F,F,T,T,desktop,Windows
3092793,-5.0,122027.0,,,0.0,0.0,,,,,100.0,NotFound,49.0,-480.0,New,NotFound,166.0,,418.0,222.0,,,,,,,,New,NotFound,iOS 11.2.1,mobile safari 11.0,32.0,2224x1668,match_status:1,T,F,F,F,mobile,iOS Device
3098923,-40.0,127145.0,,,0.0,0.0,,,,,100.0,NotFound,20.0,,New,NotFound,225.0,,266.0,507.0,,,,,,,,New,NotFound,,chrome 63.0 for android,,,,F,F,T,T,mobile,MYA-L13 Build/HUAWEIMYA-L13
3099031,-20.0,155807.0,,,2.0,0.0,,,,,100.0,NotFound,49.0,,Unknown,,225.0,,266.0,325.0,,,,,,,,New,NotFound,,mobile safari 9.0,,,,F,F,F,F,mobile,
3099029,0.0,218324.0,,,0.0,0.0,,,,,100.0,NotFound,20.0,,New,NotFound,225.0,,266.0,507.0,,,,,,,,New,NotFound,,chrome generic,,,,F,F,T,T,mobile,Moto E (4) Build/NMA26.42-69
3099170,0.0,168676.0,,,0.0,0.0,,,,,100.0,NotFound,,,New,NotFound,225.0,,290.0,401.0,,,,,,,,New,NotFound,,chrome 63.0 for android,,,,F,F,T,T,mobile,M4 SS4453 Build/MMB29M
3099205,-20.0,68526.0,,,0.0,0.0,,,,,100.0,NotFound,49.0,,Unknown,,225.0,,153.0,325.0,,,,,,,,New,NotFound,,mobile safari 11.0,,,,F,F,F,T,mobile,
3099189,-20.0,124399.0,,,0.0,0.0,,,,,100.0,NotFound,49.0,,Unknown,,225.0,,153.0,325.0,,,,,,,,New,NotFound,,mobile safari 11.0,,,,F,F,F,T,mobile,
3099222,-5.0,304623.0,,,0.0,0.0,,,,,100.0,NotFound,52.0,,New,NotFound,225.0,,427.0,507.0,,,,,,,,New,NotFound,,firefox 57.0,,,,F,F,T,T,desktop,Windows
3099452,-5.0,348799.0,,,0.0,0.0,,,,,100.0,NotFound,52.0,,New,NotFound,225.0,,427.0,325.0,,,,,,,,New,NotFound,,chrome 63.0,,,,F,F,T,T,desktop,Windows
3099479,-35.0,243572.0,,,0.0,0.0,,,,,100.0,NotFound,49.0,,Unknown,,225.0,,266.0,122.0,,,,,,,,New,NotFound,,mobile safari 11.0,,,,F,F,F,T,mobile,
3099490,0.0,378810.0,,,0.0,0.0,,,,,100.0,NotFound,,,New,NotFound,225.0,,417.0,507.0,,,,,,,,New,NotFound,,chrome 43.0 for android,,,,F,F,T,T,mobile,Android 5.1
3099629,0.0,305762.0,0.0,0.0,0.0,-8.0,,,0.0,0.0,100.0,NotFound,20.0,,Found,Found,225.0,15.0,384.0,507.0,,,,,,,,Found,Found,,other,,,,F,F,T,T,mobile,TA-1039 Build/NMF26F
3099727,-5.0,82667.0,,,0.0,0.0,,,,,100.0,NotFound,49.0,-300.0,New,NotFound,166.0,,100.0,368.0,,,,,,,,New,NotFound,Mac,chrome 63.0,24.0,1440x900,match_status:2,T,F,T,F,desktop,MacOS
3099794,-20.0,130390.0,,,3.0,-22.0,,,,,100.0,NotFound,49.0,,Unknown,,225.0,15.0,417.0,507.0,,,,,,,,New,NotFound,,mobile safari 11.0,,,,F,F,F,T,mobile,
3099858,-40.0,270214.0,,,-7.0,-11.0,,,,,100.0,NotFound,18.0,,New,NotFound,225.0,,345.0,561.0,,,,,,,,New,NotFound,,chrome 61.0 for android,,,,F,F,T,T,mobile,ALE-L23 Build/HuaweiALE-L23
3099868,-20.0,187911.0,,,0.0,0.0,,,,,100.0,NotFound,49.0,,Unknown,,225.0,,266.0,315.0,,,,,,,,New,NotFound,,mobile safari 10.0,,,,F,F,F,T,mobile,
3099857,-20.0,269646.0,,,0.0,0.0,,,,,100.0,NotFound,49.0,,Unknown,,225.0,,266.0,315.0,,,,,,,,New,NotFound,,mobile safari 10.0,,,,F,F,F,T,mobile,
3099886,-5.0,130173.0,0.0,0.0,0.0,0.0,,,0.0,0.0,100.0,NotFound,52.0,,Found,Found,225.0,,271.0,507.0,,,,,,,,Found,Found,,chrome 62.0,,,,F,F,T,T,desktop,
3096343,-5.0,181486.0,,,0.0,0.0,,,,,100.0,NotFound,49.0,-300.0,New,NotFound,166.0,,100.0,391.0,,,,,,,,New,NotFound,iOS 10.2.0,mobile safari 10.0,32.0,1334x750,match_status:1,T,F,F,T,mobile,iOS Device
3097142,-5.0,114550.0,,,5.0,0.0,,,,,100.0,NotFound,49.0,-420.0,New,NotFound,166.0,,529.0,214.0,,,,,,,,New,NotFound,iOS 11.2.0,mobile safari 11.0,32.0,2208x1242,match_status:1,T,F,F,T,mobile,iOS Device
3099575,-5.0,153583.0,,,0.0,0.0,,,,,100.0,NotFound,52.0,-300.0,New,NotFound,166.0,13.0,100.0,391.0,,,,,,,,New,NotFound,Windows 10,ie 11.0 for desktop,24.0,,match_status:2,T,F,T,T,desktop,Trident/7.0
